,사고번호,사고일시,요일,시군구,사고내용,사망자수,중상자수,경상자수,부상신고자수,사고유형,법규위반,노면상태,기상상태,도로형태,가해운전자 차종,가해운전자 성별,가해운전자 연령,가해운전자 상해정도,피해운전자 차종,피해운전자 성별,피해운전자 연령,피해운전자 상해정도
225,2018020500100229,2018년 2월 5일 10시,월요일,경상남도 거제시 상동동,중상사고,0,1,0,0,차대사람 - 기타,안전운전불이행,포장 - 건조,맑음,단일로 - 기타,이륜,여,51세,중상,보행자,남,70세,상해없음
226,2018020500100230,2018년 2월 5일 10시,월요일,경상남도 창원시 마산회원구 구암동,경상사고,0,0,1,0,차대사람 - 기타,안전운전불이행,포장 - 건조,맑음,단일로 - 기타,승용,남,35세,상해없음,보행자,남,75세,경상
227,2018020500100318,2018년 2월 5일 13시,월요일,경상남도 합천군 초계면,중상사고,0,1,0,0,차대사람 - 기타,안전운전불이행,포장 - 건조,맑음,주차장 - 주차장,승용,남,76세,상해없음,보행자,남,72세,중상
228,2018020500100500,2018년 2월 5일 18시,월요일,경상남도 김해시 어방동,중상사고,0,1,0,0,차대사람 - 횡단중,안전운전불이행,포장 - 건조,맑음,단일로 - 기타,승용,여,52세,상해없음,보행자,여,46세,중상
229,2018020500100536,2018년 2월 5일 19시,월요일,경상남도 진주시 상대동,경상사고,0,0,1,0,차대사람 - 기타,안전운전불이행,포장 - 건조,맑음,단일로 - 기타,승합,남,47세,상해없음,보행자,여,58세,경상
230,2018020500100537,2018년 2월 5일 19시,월요일,경상남도 함양군 수동면,사망사고,1,0,0,0,차대사람 - 길가장자리구역통행중,안전운전불이행,포장 - 건조,맑음,단일로 - 기타,승용,남,49세,상해없음,보행자,여,79세,사망
231,2018020600100277,2018년 2월 6일 12시,화요일,경상남도 양산시 물금읍,경상사고,0,0,1,0,차대사람 - 횡단중,신호위반,포장 - 건조,맑음,교차로 - 교차로횡단보도내,승용,여,31세,상해없음,보행자,남,19세,경상
232,2018020600100347,2018년 2월 6일 14시,화요일,경상남도 창원시 마산합포구 진동면,경상사고,0,0,1,0,차대사람 - 차도통행중,안전운전불이행,포장 - 건조,맑음,단일로 - 기타,승용,여,58세,상해없음,보행자,여,47세,경상
233,2018020600100376,2018년 2월 6일 15시,화요일,경상남도 창녕군 창녕읍,중상사고,0,1,0,0,차대사람 - 기타,안전운전불이행,포장 - 건조,맑음,단일로 - 기타,승용,남,52세,상해없음,보행자,여,73세,중상
234,2018020600100488,2018년 2월 6일 18시,화요일,경상남도 창원시 진해구 중앙동,경상사고,0,0,1,0,차대사람 - 차도통행중,기타,포장 - 건조,맑음,기타 - 기타,자전거,남,72세,상해없음,보행자,여,80세,경상
235,2018020600100590,2018년 2월 6일 21시,화요일,경상남도 진주시 중안동,경상사고,0,0,1,0,차대사람 - 차도통행중,안전운전불이행,포장 - 건조,맑음,단일로 - 기타,승용,남,54세,상해없음,보행자,여,51세,경상
236,2018020600100591,2018년 2월 6일 21시,화요일,경상남도 합천군 쌍백면,사망사고,1,0,0,0,차대사람 - 길가장자리구역통행중,안전운전불이행,포장 - 건조,맑음,교차로 - 교차로부근,승용,남,54세,상해없음,보행자,남,64세,사망
237,2018020700100156,2018년 2월 7일 08시,수요일,경상남도 양산시 북정동,경상사고,0,0,2,0,차대사람 - 횡단중,안전운전불이행,포장 - 건조,맑음,단일로 - 기타,원동기,남,26세,경상,보행자,남,73세,경상
238,2018020700100222,2018년 2월 7일 10시,수요일,경상남도 통영시 서호동,경상사고,0,0,1,0,차대사람 - 길가장자리구역통행중,안전운전불이행,포장 - 건조,맑음,교차로 - 교차로안,승용,남,69세,상해없음,보행자,남,31세,경상
239,2018020700100223,2018년 2월 7일 10시,수요일,경상남도 함양군 함양읍,중상사고,0,1,0,0,차대사람 - 횡단중,보행자보호의무위반,포장 - 건조,맑음,교차로 - 교차로안,승용,여,47세,상해없음,보행자,여,73세,중상
240,2018020700100225,2018년 2월 7일 10시,수요일,경상남도 김해시 한림면,경상사고,0,0,1,0,차대사람 - 기타,안전운전불이행,포장 - 건조,맑음,단일로 - 기타,기타불명,기타불명,미분류,기타불명,보행자,여,60세,경상
241,2018020700100310,2018년 2월 7일 13시,수요일,경상남도 창원시 의창구 신월동,중상사고,0,1,0,0,차대사람 - 차도통행중,안전운전불이행,포장 - 건조,맑음,교차로 - 교차로부근,승용,여,54세,기타불명,보행자,여,42세,중상
242,2018020700100346,2018년 2월 7일 14시,수요일,경상남도 통영시 광도면,경상사고,0,0,1,0,차대사람 - 횡단중,보행자보호의무위반,포장 - 건조,맑음,교차로 - 교차로안,승용,남,30세,기타불명,보행자,여,63세,경상
243,2018020700100376,2018년 2월 7일 15시,수요일,경상남도 김해시 안동,중상사고,0,1,0,0,차대사람 - 기타,안전운전불이행,포장 - 건조,맑음,교차로 - 교차로안,승용,여,39세,상해없음,보행자,여,79세,중상
244,2018020700100694,2018년 2월 7일 23시,수요일,경상남도 양산시 물금읍,중상사고,0,1,1,0,차대사람 - 기타,안전운전불이행,포장 - 건조,맑음,단일로 - 기타,승합,남,38세,상해없음,보행자,남,55세,중상
245,2018020800100114,2018년 2월 8일 07시,목요일,경상남도 하동군 양보면,중상사고,0,1,0,0,차대사람 - 길가장자리구역통행중,교차로운행방법위반,포장 - 건조,맑음,교차로 - 교차로안,승용,여,70세,상해없음,보행자,여,82세,중상
246,2018020800100338,2018년 2월 8일 13시,목요일,경상남도 사천시 서동,중상사고,0,1,0,0,차대사람 - 차도통행중,안전운전불이행,포장 - 건조,맑음,단일로 - 기타,화물,남,28세,상해없음,보행자,여,77세,중상
247,2018020800100374,2018년 2월 8일 14시,목요일,경상남도 창원시 의창구 북동,중상사고,0,1,0,0,차대사람 - 기타,안전운전불이행,포장 - 건조,맑음,단일로 - 기타,화물,남,49세,상해없음,보행자,여,66세,중상
248,2018020800100411,2018년 2월 8일 15시,목요일,경상남도 창원시 진해구 이동,중상사고,0,1,0,0,차대사람 - 차도통행중,보행자보호의무위반,포장 - 건조,맑음,단일로 - 기타,승용,남,66세,상해없음,보행자,여,66세,중상
249,2018020800100470,2018년 2월 8일 16시,목요일,경상남도 김해시 삼계동,중상사고,0,1,0,0,차대사람 - 횡단중,보행자보호의무위반,포장 - 건조,맑음,교차로 - 교차로횡단보도내,화물,남,54세,상해없음,보행자,남,8세,중상
250,2018020800100705,2018년 2월 8일 22시,목요일,경상남도 양산시 남부동,경상사고,0,0,1,0,차대사람 - 횡단중,중앙선침범,포장 - 건조,맑음,단일로 - 기타,승용,남,30세,상해없음,보행자,남,37세,경상
251,2018020900100022,2018년 2월 9일 00시,금요일,경상남도 창원시 마산회원구 석전동,경상사고,0,0,1,0,차대사람 - 보도통행중,보행자보호의무위반,포장 - 건조,맑음,교차로 - 교차로횡단보도내,승용,남,52세,상해없음,보행자,여,54세,경상
252,2018020900100083,2018년 2월 9일 06시,금요일,경상남도 김해시 내동,사망사고,1,0,0,0,차대사람 - 횡단중,신호위반,포장 - 건조,흐림,교차로 - 교차로횡단보도내,건설기계,남,53세,상해없음,보행자,여,70세,사망
253,2018020900100084,2018년 2월 9일 06시,금요일,경상남도 김해시 대청동,경상사고,0,0,1,0,차대사람 - 횡단중,안전운전불이행,포장 - 건조,맑음,교차로 - 교차로부근,승합,남,44세,상해없음,보행자,여,64세,경상
254,2018020900100178,2018년 2월 9일 09시,금요일,경상남도 통영시 미수동,중상사고,0,1,0,0,차대사람 - 기타,안전운전불이행,포장 - 건조,맑음,단일로 - 기타,승용,남,45세,상해없음,보행자,여,66세,중상
255,2018020900100258,2018년 2월 9일 11시,금요일,경상남도 창원시 마산회원구 구암동,경상사고,0,0,1,0,차대사람 - 차도통행중,안전운전불이행,포장 - 건조,맑음,단일로 - 기타,승용,여,58세,상해없음,보행자,여,37세,경상
256,2018020900100718,2018년 2월 9일 22시,금요일,경상남도 김해시 삼계동,경상사고,0,0,1,0,차대사람 - 횡단중,보행자보호의무위반,포장 - 건조,맑음,단일로 - 기타,승용,여,45세,상해없음,보행자,여,45세,경상
257,2018021000100122,2018년 2월 10일 06시,토요일,경상남도 사천시 선구동,경상사고,0,0,1,0,차대사람 - 기타,안전운전불이행,포장 - 건조,맑음,교차로 - 교차로안,화물,남,55세,상해없음,보행자,여,70세,경상
258,2018021000100208,2018년 2월 10일 10시,토요일,경상남도 밀양시 삼문동,경상사고,0,0,1,0,차대사람 - 길가장자리구역통행중,안전운전불이행,포장 - 건조,맑음,단일로 - 기타,화물,남,51세,상해없음,보행자,여,76세,경상
259,2018021000100260,2018년 2월 10일 12시,토요일,경상남도 통영시 무전동,경상사고,0,0,1,0,차대사람 - 횡단중,안전운전불이행,포장 - 건조,맑음,단일로 - 기타,승용,남,26세,상해없음,보행자,남,8세,경상
260,2018021000100470,2018년 2월 10일 19시,토요일,경상남도 창원시 마산합포구 교방동,경상사고,0,0,1,0,차대사람 - 차도통행중,안전운전불이행,포장 - 건조,맑음,교차로 - 교차로안,승용,남,46세,상해없음,보행자,남,68세,경상
261,2018021000100471,2018년 2월 10일 19시,토요일,경상남도 김해시 어방동,중상사고,0,1,0,0,차대사람 - 횡단중,안전운전불이행,포장 - 건조,맑음,단일로 - 기타,승용,여,64세,상해없음,보행자,남,72세,중상
262,2018021100100060,2018년 2월 11일 03시,일요일,경상남도 창원시 성산구 가음정동,중상사고,0,1,0,0,차대사람 - 횡단중,안전운전불이행,포장 - 건조,맑음,교차로 - 교차로안,승용,남,57세,상해없음,보행자,남,25세,중상
263,2018021100100168,2018년 2월 11일 11시,일요일,경상남도 사천시 동금동,중상사고,0,1,0,0,차대사람 - 기타,안전운전불이행,포장 - 건조,맑음,주차장 - 주차장,승용,여,35세,상해없음,보행자,남,76세,중상
264,2018021100100343,2018년 2월 11일 18시,일요일,경상남도 거제시 상동동,중상사고,0,1,0,0,차대사람 - 횡단중,보행자보호의무위반,포장 - 건조,맑음,교차로 - 교차로안,화물,남,39세,상해없음,보행자,남,26세,중상
265,2018021100100344,2018년 2월 11일 18시,일요일,경상남도 창원시 성산구 상남동,경상사고,0,0,1,0,차대사람 - 차도통행중,중앙선침범,포장 - 건조,맑음,단일로 - 기타,승용,남,25세,상해없음,보행자,여,53세,경상
266,2018021100100430,2018년 2월 11일 21시,일요일,경상남도 진주시 칠암동,중상사고,0,1,1,0,차대사람 - 횡단중,보행자보호의무위반,포장 - 건조,맑음,교차로 - 교차로안,원동기,남,21세,경상,보행자,남,41세,중상
267,2018021100100462,2018년 2월 11일 23시,일요일,경상남도 김해시 부원동,사망사고,1,0,0,0,차대사람 - 횡단중,과속,포장 - 건조,맑음,단일로 - 기타,승용,남,37세,상해없음,보행자,여,56세,사망
268,2018021200100246,2018년 2월 12일 11시,월요일,경상남도 진주시 상대동,경상사고,0,0,1,0,차대사람 - 횡단중,안전운전불이행,포장 - 건조,맑음,교차로 - 교차로안,승용,남,38세,상해없음,보행자,여,64세,경상
269,2018021200100367,2018년 2월 12일 14시,월요일,경상남도 양산시 북부동,부상신고사고,0,0,0,1,차대사람 - 길가장자리구역통행중,안전운전불이행,포장 - 건조,맑음,교차로 - 교차로안,승용,남,65세,상해없음,보행자,여,60세,부상신고
270,2018021200100614,2018년 2월 12일 19시,월요일,경상남도 창원시 의창구 사림동,사망사고,1,0,0,0,차대사람 - 차도통행중,안전운전불이행,포장 - 건조,맑음,단일로 - 기타,승용,남,38세,상해없음,보행자,남,76세,사망
271,2018021200100704,2018년 2월 12일 21시,월요일,경상남도 통영시 무전동,중상사고,0,1,0,0,차대사람 - 횡단중,안전운전불이행,포장 - 건조,맑음,교차로 - 교차로안,승용,남,47세,상해없음,보행자,남,43세,중상
272,2018021300100075,2018년 2월 13일 04시,화요일,경상남도 창원시 성산구 상남동,사망사고,1,0,0,0,차대사람 - 횡단중,신호위반,포장 - 건조,맑음,단일로 - 기타,승용,남,25세,상해없음,보행자,남,76세,사망
273,2018021300100129,2018년 2월 13일 07시,화요일,경상남도 창원시 마산합포구 신포동1가,중상사고,0,1,0,0,차대사람 - 횡단중,안전운전불이행,포장 - 건조,맑음,교차로 - 교차로안,승용,남,67세,상해없음,보행자,남,43세,중상
274,2018021300100305,2018년 2월 13일 11시,화요일,경상남도 거제시 고현동,경상사고,0,0,1,0,차대사람 - 횡단중,안전운전불이행,포장 - 건조,맑음,교차로 - 교차로부근,승용,남,35세,상해없음,보행자,남,36세,경상
275,2018021300100457,2018년 2월 13일 15시,화요일,경상남도 김해시 진영읍,경상사고,0,0,1,0,차대사람 - 횡단중,신호위반,포장 - 건조,맑음,단일로 - 기타,승용,여,64세,상해없음,보행자,여,9세,경상
276,2018021300100507,2018년 2월 13일 16시,화요일,경상남도 통영시 북신동,경상사고,0,0,1,0,차대사람 - 기타,안전운전불이행,포장 - 건조,맑음,교차로 - 교차로안,화물,여,57세,상해없음,보행자,여,80세,경상
277,2018021300100563,2018년 2월 13일 17시,화요일,경상남도 밀양시 하남읍,중상사고,0,1,0,0,차대사람 - 기타,교차로운행방법위반,포장 - 건조,맑음,교차로 - 교차로안,승합,여,43세,상해없음,보행자,여,77세,중상
278,2018021300100621,2018년 2월 13일 18시,화요일,경상남도 진주시 옥봉동,중상사고,0,1,0,0,차대사람 - 횡단중,보행자보호의무위반,포장 - 건조,맑음,교차로 - 교차로횡단보도내,화물,남,50세,상해없음,보행자,남,9세,중상
279,2018021300100683,2018년 2월 13일 19시,화요일,경상남도 사천시 곤양면,경상사고,0,0,1,0,차대사람 - 횡단중,보행자보호의무위반,포장 - 건조,맑음,단일로 - 기타,승용,남,51세,상해없음,보행자,여,40세,경상
280,2018021400100083,2018년 2월 14일 03시,수요일,경상남도 창원시 마산합포구 월남동1가,사망사고,1,0,0,0,차대사람 - 기타,안전운전불이행,포장 - 건조,맑음,단일로 - 기타,승용,남,45세,상해없음,보행자,남,36세,사망
281,2018021400100117,2018년 2월 14일 06시,수요일,경상남도 통영시 항남동,중상사고,0,1,0,0,차대사람 - 횡단중,안전운전불이행,포장 - 건조,맑음,교차로 - 교차로횡단보도내,승용,남,68세,상해없음,보행자,여,76세,중상
282,2018021400100265,2018년 2월 14일 11시,수요일,경상남도 김해시 안동,중상사고,0,1,0,0,차대사람 - 길가장자리구역통행중,안전운전불이행,포장 - 건조,맑음,단일로 - 기타,화물,남,25세,상해없음,보행자,남,45세,중상
283,2018021400100267,2018년 2월 14일 11시,수요일,경상남도 양산시 평산동,경상사고,0,0,1,0,차대사람 - 기타,안전운전불이행,포장 - 건조,맑음,단일로 - 기타,승용,남,49세,상해없음,보행자,남,11세,경상
284,2018021400100396,2018년 2월 14일 15시,수요일,경상남도 김해시 부원동,중상사고,0,1,0,0,차대사람 - 길가장자리구역통행중,안전운전불이행,포장 - 건조,맑음,단일로 - 기타,승합,남,60세,상해없음,보행자,여,65세,중상
285,2018021400100398,2018년 2월 14일 15시,수요일,경상남도 거제시 하청면,중상사고,0,1,0,0,차대사람 - 기타,안전운전불이행,포장 - 건조,맑음,교차로 - 교차로안,승용,여,35세,상해없음,보행자,여,84세,중상
286,2018021400100485,2018년 2월 14일 17시,수요일,경상남도 창원시 마산회원구 합성동,경상사고,0,0,1,0,차대사람 - 횡단중,안전운전불이행,포장 - 건조,맑음,교차로 - 교차로부근,승용,남,44세,상해없음,보행자,여,62세,경상
287,2018021400100589,2018년 2월 14일 19시,수요일,경상남도 통영시 북신동,중상사고,0,1,0,0,차대사람 - 횡단중,안전운전불이행,포장 - 건조,맑음,교차로 - 교차로부근,승용,남,45세,상해없음,보행자,여,40세,중상
288,2018021400100591,2018년 2월 14일 19시,수요일,경상남도 양산시 북정동,중상사고,0,1,0,0,차대사람 - 횡단중,보행자보호의무위반,포장 - 건조,맑음,교차로 - 교차로횡단보도내,화물,남,50세,상해없음,보행자,여,69세,중상
289,2018021400100633,2018년 2월 14일 20시,수요일,경상남도 고성군 고성읍,경상사고,0,0,1,0,차대사람 - 횡단중,안전운전불이행,포장 - 건조,맑음,단일로 - 기타,승용,남,38세,상해없음,보행자,남,66세,경상
290,2018021400100673,2018년 2월 14일 21시,수요일,경상남도 창원시 의창구 명서동,경상사고,0,0,1,0,차대사람 - 기타,안전운전불이행,포장 - 건조,맑음,교차로 - 교차로부근,승용,남,27세,상해없음,보행자,여,55세,경상
291,2018021400100740,2018년 2월 14일 23시,수요일,경상남도 창원시 진해구 태평동,부상신고사고,0,0,0,1,차대사람 - 보도통행중,안전운전불이행,포장 - 건조,맑음,기타 - 기타,기타불명,기타불명,미분류,기타불명,보행자,남,57세,부상신고
292,2018021500100015,2018년 2월 15일 00시,목요일,경상남도 창원시 성산구 상남동,경상사고,0,0,1,0,차대사람 - 횡단중,보행자보호의무위반,포장 - 건조,맑음,교차로 - 교차로안,승용,남,62세,상해없음,보행자,여,18세,경상
293,2018021500100061,2018년 2월 15일 02시,목요일,경상남도 김해시 진영읍,중상사고,0,1,0,0,차대사람 - 기타,안전운전불이행,포장 - 건조,맑음,교차로 - 교차로부근,화물,남,39세,상해없음,보행자,남,51세,중상
294,2018021500100107,2018년 2월 15일 05시,목요일,경상남도 창원시 마산회원구 양덕동,부상신고사고,0,0,0,1,차대사람 - 횡단중,신호위반,포장 - 건조,맑음,교차로 - 교차로횡단보도내,기타불명,기타불명,미분류,기타불명,보행자,남,33세,부상신고
295,2018021500100118,2018년 2월 15일 06시,목요일,경상남도 김해시 진영읍,사망사고,1,0,0,0,차대사람 - 횡단중,안전운전불이행,포장 - 건조,맑음,교차로 - 교차로부근,승용,남,51세,상해없음,보행자,여,86세,사망
296,2018021500100132,2018년 2월 15일 08시,목요일,경상남도 사천시 동동,중상사고,0,1,0,0,차대사람 - 길가장자리구역통행중,안전운전불이행,포장 - 건조,맑음,단일로 - 기타,승용,여,61세,상해없음,보행자,남,72세,중상
297,2018021500100247,2018년 2월 15일 13시,목요일,경상남도 김해시 부원동,사망사고,1,0,1,0,차대사람 - 기타,기타,포장 - 건조,맑음,교차로 - 교차로부근,승용,여,52세,상해없음,보행자,남,45세,경상
298,2018021500100354,2018년 2월 15일 19시,목요일,경상남도 양산시 덕계동,경상사고,0,0,1,0,차대사람 - 횡단중,보행자보호의무위반,포장 - 건조,맑음,교차로 - 교차로안,승용,남,63세,상해없음,보행자,여,68세,경상
299,2018021500100400,2018년 2월 15일 21시,목요일,경상남도 창원시 성산구 중앙동,중상사고,0,1,0,0,차대사람 - 횡단중,신호위반,포장 - 건조,맑음,교차로 - 교차로안,승용,남,55세,상해없음,보행자,남,27세,중상
300,2018021500100425,2018년 2월 15일 22시,목요일,경상남도 거창군 가조면,중상사고,0,1,0,0,차대사람 - 차도통행중,안전운전불이행,포장 - 건조,맑음,단일로 - 기타,승용,여,47세,상해없음,보행자,남,77세,중상
301,2018021700100114,2018년 2월 17일 11시,토요일,경상남도 창원시 마산회원구 합성동,경상사고,0,0,1,0,차대사람 - 기타,안전운전불이행,포장 - 건조,맑음,교차로 - 교차로부근,승용,남,26세,상해없음,보행자,남,67세,경상
302,2018021700100188,2018년 2월 17일 15시,토요일,경상남도 창원시 의창구 용호동,중상사고,0,1,0,0,차대사람 - 횡단중,보행자보호의무위반,포장 - 건조,맑음,교차로 - 교차로횡단보도내,승용,여,35세,상해없음,보행자,여,69세,중상
303,2018021700100250,2018년 2월 17일 18시,토요일,경상남도 진주시 강남동,중상사고,0,1,0,0,차대사람 - 횡단중,안전운전불이행,포장 - 건조,맑음,교차로 - 교차로횡단보도내,승용,남,55세,상해없음,보행자,남,68세,중상
304,2018021700100281,2018년 2월 17일 19시,토요일,경상남도 통영시 정량동,경상사고,0,0,1,0,차대사람 - 기타,안전운전불이행,포장 - 건조,맑음,단일로 - 기타,승합,남,49세,상해없음,보행자,남,26세,경상
305,2018021800100071,2018년 2월 18일 05시,일요일,경상남도 창원시 마산합포구 서성동,경상사고,0,0,1,0,차대사람 - 횡단중,안전운전불이행,포장 - 건조,맑음,교차로 - 교차로안,승용,남,56세,상해없음,보행자,남,37세,경상
306,2018021800100243,2018년 2월 18일 18시,일요일,경상남도 진주시 평안동,중상사고,0,1,0,0,차대사람 - 횡단중,보행자보호의무위반,포장 - 건조,맑음,교차로 - 교차로횡단보도내,승용,남,28세,상해없음,보행자,여,55세,중상
307,2018021900100069,2018년 2월 19일 07시,월요일,경상남도 진주시 하대동,중상사고,0,1,0,0,차대사람 - 횡단중,보행자보호의무위반,포장 - 건조,맑음,교차로 - 교차로횡단보도내,화물,남,65세,상해없음,보행자,남,34세,중상
308,2018021900100131,2018년 2월 19일 10시,월요일,경상남도 창원시 마산합포구 월포동,중상사고,0,1,0,0,차대사람 - 횡단중,안전운전불이행,포장 - 건조,맑음,교차로 - 교차로부근,승용,남,38세,상해없음,보행자,여,70세,중상
309,2018022000100026,2018년 2월 20일 01시,화요일,경상남도 창원시 마산합포구 중앙동2가,중상사고,0,1,0,0,차대사람 - 기타,안전운전불이행,포장 - 건조,맑음,기타 - 기타,승용,남,39세,상해없음,보행자,남,56세,중상
310,2018022000100111,2018년 2월 20일 07시,화요일,경상남도 통영시 문화동,중상사고,0,1,0,0,차대사람 - 길가장자리구역통행중,안전운전불이행,포장 - 건조,맑음,단일로 - 기타,건설기계,남,24세,상해없음,보행자,남,44세,중상
311,2018022000100156,2018년 2월 20일 09시,화요일,경상남도 창원시 성산구 대방동,중상사고,0,1,0,0,차대사람 - 차도통행중,안전운전불이행,포장 - 건조,맑음,기타 - 기타,승용,여,55세,상해없음,보행자,여,10세,중상
312,2018022000100367,2018년 2월 20일 17시,화요일,경상남도 창원시 마산합포구 창동,중상사고,0,1,0,0,차대사람 - 길가장자리구역통행중,안전운전불이행,포장 - 건조,맑음,단일로 - 기타,승용,남,39세,상해없음,보행자,여,74세,중상
313,2018022000100419,2018년 2월 20일 19시,화요일,경상남도 양산시 평산동,경상사고,0,0,1,0,차대사람 - 횡단중,안전운전불이행,포장 - 건조,맑음,단일로 - 기타,이륜,남,44세,상해없음,보행자,남,40세,경상
314,2018022000100493,2018년 2월 20일 23시,화요일,경상남도 진주시 신안동,중상사고,0,1,0,0,차대사람 - 길가장자리구역통행중,안전운전불이행,포장 - 건조,맑음,단일로 - 고가도로위,승용,여,47세,상해없음,보행자,남,42세,중상
315,2018022100100113,2018년 2월 21일 09시,수요일,경상남도 하동군 하동읍,사망사고,1,0,0,0,차대사람 - 길가장자리구역통행중,안전운전불이행,포장 - 건조,맑음,주차장 - 주차장,화물,남,53세,상해없음,보행자,여,83세,사망
316,2018022100100185,2018년 2월 21일 12시,수요일,경상남도 창원시 의창구 동읍,중상사고,0,1,0,0,차대사람 - 차도통행중,교차로운행방법위반,포장 - 건조,맑음,교차로 - 교차로안,승용,남,29세,상해없음,보행자,여,82세,중상
317,2018022100100291,2018년 2월 21일 16시,수요일,경상남도 사천시 벌리동,중상사고,0,1,0,0,차대사람 - 횡단중,보행자보호의무위반,포장 - 건조,맑음,단일로 - 기타,승용,남,43세,상해없음,보행자,여,51세,중상
318,2018022100100342,2018년 2월 21일 18시,수요일,경상남도 창원시 마산합포구 월영동,중상사고,0,1,0,0,차대사람 - 횡단중,보행자보호의무위반,포장 - 건조,맑음,단일로 - 기타,화물,남,57세,상해없음,보행자,남,76세,중상
319,2018022100100456,2018년 2월 21일 22시,수요일,경상남도 양산시 물금읍,중상사고,0,1,0,0,차대사람 - 기타,보행자보호의무위반,포장 - 건조,맑음,단일로 - 기타,승용,여,58세,상해없음,보행자,남,41세,중상
320,2018022100100483,2018년 2월 21일 23시,수요일,경상남도 창원시 마산합포구 산호동,중상사고,0,1,0,0,차대사람 - 횡단중,안전운전불이행,포장 - 건조,맑음,단일로 - 기타,이륜,남,19세,상해없음,보행자,남,54세,중상
321,2018022200100181,2018년 2월 22일 10시,목요일,경상남도 진주시 신안동,중상사고,0,1,0,0,차대사람 - 보도통행중,보행자보호의무위반,포장 - 건조,맑음,교차로 - 교차로횡단보도내,승용,여,49세,상해없음,보행자,남,81세,중상
322,2018022200100214,2018년 2월 22일 11시,목요일,경상남도 합천군 합천읍,경상사고,0,0,1,0,차대사람 - 차도통행중,안전운전불이행,포장 - 건조,맑음,교차로 - 교차로부근,화물,남,66세,상해없음,보행자,여,82세,경상
323,2018022200100270,2018년 2월 22일 13시,목요일,경상남도 김해시 서상동,경상사고,0,0,1,0,차대사람 - 기타,기타,포장 - 건조,맑음,단일로 - 기타,승합,남,32세,상해없음,보행자,여,55세,경상
324,2018022200100271,2018년 2월 22일 13시,목요일,경상남도 양산시 동면,경상사고,0,0,1,0,차대사람 - 횡단중,안전운전불이행,포장 - 건조,맑음,단일로 - 기타,승용,남,49세,상해없음,보행자,남,62세,경상
325,2018022200100306,2018년 2월 22일 14시,목요일,경상남도 하동군 하동읍,중상사고,0,1,0,0,차대사람 - 횡단중,안전운전불이행,포장 - 건조,맑음,교차로 - 교차로안,승용,여,53세,상해없음,보행자,여,78세,중상
326,2018022200100376,2018년 2월 22일 17시,목요일,경상남도 진주시 상봉동,중상사고,0,1,0,0,차대사람 - 횡단중,안전운전불이행,포장 - 건조,맑음,교차로 - 교차로안,화물,남,66세,상해없음,보행자,여,90세 이상,중상
327,2018022200100378,2018년 2월 22일 17시,목요일,경상남도 거제시 옥포동,경상사고,0,0,1,0,차대사람 - 횡단중,안전운전불이행,포장 - 건조,맑음,단일로 - 기타,승용,여,54세,상해없음,보행자,여,29세,경상
328,2018022200100416,2018년 2월 22일 18시,목요일,경상남도 김해시 한림면,중상사고,0,1,0,0,차대사람 - 횡단중,안전운전불이행,포장 - 건조,맑음,교차로 - 교차로부근,승용,여,40세,상해없음,보행자,남,71세,중상
329,2018022200100514,2018년 2월 22일 21시,목요일,경상남도 창원시 마산합포구 완월동,중상사고,0,1,0,0,차대사람 - 차도통행중,안전운전불이행,포장 - 건조,맑음,단일로 - 기타,승용,남,21세,상해없음,보행자,여,71세,중상
330,2018022200100516,2018년 2월 22일 21시,목요일,경상남도 창원시 마산회원구 합성동,중상사고,0,1,1,0,차대사람 - 횡단중,안전운전불이행,포장 - 건조,맑음,단일로 - 기타,원동기,남,18세,상해없음,보행자,여,21세,중상
331,2018022200100581,2018년 2월 22일 23시,목요일,경상남도 거제시 거제면,중상사고,0,1,0,0,차대사람 - 차도통행중,보행자보호의무위반,포장 - 건조,맑음,단일로 - 기타,승용,남,24세,상해없음,보행자,남,61세,중상
332,2018022300100289,2018년 2월 23일 12시,금요일,경상남도 김해시 삼방동,경상사고,0,0,1,0,차대사람 - 기타,안전운전불이행,포장 - 건조,맑음,단일로 - 기타,원동기,남,55세,상해없음,보행자,여,60세,경상
333,2018022300100290,2018년 2월 23일 12시,금요일,경상남도 창원시 의창구 팔용동,중상사고,0,1,0,0,차대사람 - 기타,안전운전불이행,포장 - 건조,맑음,단일로 - 기타,화물,남,50세,상해없음,보행자,남,60세,중상
334,2018022300100310,2018년 2월 23일 13시,금요일,경상남도 밀양시 내이동,중상사고,0,1,0,0,차대사람 - 횡단중,보행자보호의무위반,포장 - 건조,맑음,교차로 - 교차로횡단보도내,화물,남,66세,상해없음,보행자,남,71세,중상
335,2018022300100441,2018년 2월 23일 18시,금요일,경상남도 창원시 진해구 이동,경상사고,0,0,1,0,차대사람 - 횡단중,안전운전불이행,포장 - 건조,맑음,교차로 - 교차로안,승용,남,55세,상해없음,보행자,남,31세,경상
336,2018022300100487,2018년 2월 23일 19시,금요일,경상남도 창녕군 창녕읍,중상사고,0,1,0,0,차대사람 - 보도통행중,안전운전불이행,포장 - 건조,맑음,단일로 - 기타,승용,남,68세,상해없음,보행자,남,35세,중상
337,2018022400100230,2018년 2월 24일 12시,토요일,경상남도 창원시 의창구 봉곡동,경상사고,0,0,1,0,차대사람 - 기타,안전운전불이행,포장 - 건조,맑음,교차로 - 교차로부근,화물,남,60세,상해없음,보행자,여,8세,경상