,사고번호,사고일시,요일,시군구,사고내용,사망자수,중상자수,경상자수,부상신고자수,사고유형,법규위반,노면상태,기상상태,도로형태,가해운전자 차종,가해운전자 성별,가해운전자 연령,가해운전자 상해정도,피해운전자 차종,피해운전자 성별,피해운전자 연령,피해운전자 상해정도
450,2018031200100311,2018년 3월 12일 15시,월요일,경상남도 통영시 정량동,중상사고,0,1,0,0,차대사람 - 기타,안전운전불이행,포장 - 건조,맑음,단일로 - 기타,화물,여,57세,상해없음,보행자,여,61세,중상
451,2018031200100352,2018년 3월 12일 16시,월요일,경상남도 사천시 용강동,경상사고,0,0,1,0,차대사람 - 횡단중,보행자보호의무위반,포장 - 건조,맑음,교차로 - 교차로부근,승용,여,44세,상해없음,보행자,남,16세,경상
452,2018031200100395,2018년 3월 12일 17시,월요일,경상남도 거창군 거창읍,중상사고,0,1,0,0,차대사람 - 기타,안전운전불이행,포장 - 건조,맑음,단일로 - 기타,승용,남,42세,상해없음,보행자,남,50세,중상
453,2018031200100426,2018년 3월 12일 18시,월요일,경상남도 김해시 삼문동,중상사고,0,1,0,0,차대사람 - 길가장자리구역통행중,안전운전불이행,포장 - 건조,맑음,단일로 - 기타,화물,남,50세,상해없음,보행자,남,34세,중상
454,2018031200100466,2018년 3월 12일 19시,월요일,경상남도 창녕군 영산면,중상사고,0,1,0,0,차대사람 - 기타,안전운전불이행,포장 - 건조,맑음,교차로 - 교차로부근,승용,남,62세,상해없음,보행자,남,75세,중상
455,2018031200100468,2018년 3월 12일 19시,월요일,경상남도 의령군 대의면,경상사고,0,0,1,0,차대사람 - 차도통행중,안전운전불이행,포장 - 건조,맑음,단일로 - 기타,승용,남,50세,상해없음,보행자,여,87세,경상
456,2018031200100486,2018년 3월 12일 20시,월요일,경상남도 양산시 북정동,부상신고사고,0,0,0,1,차대사람 - 횡단중,기타,포장 - 건조,맑음,교차로 - 교차로안,승용,여,36세,상해없음,보행자,남,5세,부상신고
457,2018031200100519,2018년 3월 12일 21시,월요일,경상남도 거제시 상동동,중상사고,0,1,0,0,차대사람 - 기타,안전운전불이행,포장 - 건조,맑음,교차로 - 교차로부근,승용,남,44세,상해없음,보행자,남,43세,중상
458,2018031300100003,2018년 3월 13일 00시,화요일,경상남도 김해시 삼계동,중상사고,0,1,0,0,차대사람 - 차도통행중,안전운전불이행,포장 - 건조,맑음,교차로 - 교차로부근,승합,남,45세,상해없음,보행자,남,40세,중상
459,2018031300100104,2018년 3월 13일 08시,화요일,경상남도 양산시 물금읍,경상사고,0,0,1,0,차대사람 - 횡단중,안전운전불이행,포장 - 건조,맑음,교차로 - 교차로안,승용,남,32세,상해없음,보행자,여,19세,경상
460,2018031300100298,2018년 3월 13일 15시,화요일,경상남도 창원시 의창구 용호동,경상사고,0,0,1,0,차대사람 - 횡단중,보행자보호의무위반,포장 - 건조,맑음,단일로 - 기타,화물,남,55세,상해없음,보행자,여,11세,경상
461,2018031300100381,2018년 3월 13일 17시,화요일,경상남도 거창군 거창읍,경상사고,0,0,1,0,차대사람 - 횡단중,보행자보호의무위반,포장 - 건조,맑음,단일로 - 기타,승용,여,52세,상해없음,보행자,여,4세,경상
462,2018031300100463,2018년 3월 13일 19시,화요일,경상남도 통영시 도산면,중상사고,0,1,0,0,차대사람 - 기타,안전운전불이행,포장 - 건조,맑음,단일로 - 기타,화물,남,70세,상해없음,보행자,남,62세,중상
463,2018031300100551,2018년 3월 13일 22시,화요일,경상남도 창원시 진해구 충무동,중상사고,0,1,0,0,차대사람 - 횡단중,안전운전불이행,포장 - 건조,맑음,교차로 - 교차로안,승용,여,56세,상해없음,보행자,남,56세,중상
464,2018031400100182,2018년 3월 14일 10시,수요일,경상남도 창원시 진해구 자은동,경상사고,0,0,1,0,차대사람 - 차도통행중,안전운전불이행,포장 - 건조,맑음,단일로 - 기타,특수,남,33세,상해없음,보행자,남,39세,경상
465,2018031400100240,2018년 3월 14일 12시,수요일,경상남도 사천시 이홀동,사망사고,1,0,0,0,차대사람 - 기타,안전운전불이행,포장 - 기타,맑음,단일로 - 기타,승용,남,39세,상해없음,보행자,여,83세,사망
466,2018031400100306,2018년 3월 14일 14시,수요일,경상남도 거제시 동부면,경상사고,0,0,1,0,차대사람 - 차도통행중,안전운전불이행,포장 - 건조,맑음,단일로 - 기타,승용,남,63세,상해없음,보행자,남,63세,경상
467,2018031400100344,2018년 3월 14일 15시,수요일,경상남도 김해시 삼방동,중상사고,0,1,0,0,차대사람 - 횡단중,안전운전불이행,포장 - 건조,맑음,교차로 - 교차로안,승용,남,27세,상해없음,보행자,여,71세,중상
468,2018031400100383,2018년 3월 14일 16시,수요일,경상남도 하동군 진교면,경상사고,0,0,1,0,차대사람 - 횡단중,보행자보호의무위반,포장 - 건조,맑음,교차로 - 교차로횡단보도내,화물,남,66세,상해없음,보행자,여,87세,경상
469,2018031400100510,2018년 3월 14일 19시,수요일,경상남도 진주시 주약동,사망사고,1,0,0,0,차대사람 - 보도통행중,보행자보호의무위반,포장 - 건조,맑음,교차로 - 교차로횡단보도내,승용,남,74세,상해없음,보행자,남,76세,사망
470,2018031500100103,2018년 3월 15일 07시,목요일,경상남도 김해시 삼계동,중상사고,0,1,0,0,차대사람 - 기타,안전운전불이행,포장 - 젖음/습기,비,교차로 - 교차로부근,승용,남,49세,상해없음,보행자,여,24세,중상
471,2018031500100179,2018년 3월 15일 09시,목요일,경상남도 통영시 도남동,중상사고,0,1,0,0,차대사람 - 횡단중,안전운전불이행,포장 - 젖음/습기,비,단일로 - 기타,승합,남,70세,상해없음,보행자,여,77세,중상
472,2018031500100244,2018년 3월 15일 11시,목요일,경상남도 창원시 마산합포구 신포동1가,중상사고,0,1,0,0,차대사람 - 횡단중,신호위반,포장 - 젖음/습기,비,교차로 - 교차로횡단보도내,승용,남,75세,상해없음,보행자,여,65세,중상
473,2018031500100321,2018년 3월 15일 14시,목요일,경상남도 김해시 삼방동,경상사고,0,0,1,0,차대사람 - 횡단중,안전운전불이행,포장 - 젖음/습기,비,교차로 - 교차로안,승용,여,42세,상해없음,보행자,여,61세,경상
474,2018031500100322,2018년 3월 15일 14시,목요일,경상남도 양산시 덕계동,중상사고,0,1,0,0,차대사람 - 기타,안전운전불이행,포장 - 건조,맑음,교차로 - 교차로횡단보도내,승용,남,18세,상해없음,보행자,남,82세,중상
475,2018031500100357,2018년 3월 15일 15시,목요일,경상남도 창원시 진해구 용원동,사망사고,1,0,0,0,차대사람 - 보도통행중,보행자보호의무위반,포장 - 젖음/습기,비,교차로 - 교차로횡단보도내,특수,남,42세,상해없음,보행자,남,74세,사망
476,2018031500100380,2018년 3월 15일 16시,목요일,경상남도 거제시 고현동,중상사고,0,1,0,0,차대사람 - 차도통행중,안전운전불이행,포장 - 건조,맑음,단일로 - 기타,승합,여,58세,상해없음,보행자,여,83세,중상
477,2018031500100449,2018년 3월 15일 18시,목요일,경상남도 창원시 진해구 청안동,중상사고,0,1,0,0,차대사람 - 횡단중,신호위반,포장 - 젖음/습기,비,교차로 - 교차로횡단보도내,승용,여,48세,상해없음,보행자,남,71세,중상
478,2018031500100451,2018년 3월 15일 18시,목요일,경상남도 창원시 성산구 상남동,중상사고,0,1,0,0,차대사람 - 횡단중,안전운전불이행,포장 - 젖음/습기,비,교차로 - 교차로안,승용,남,60세,상해없음,보행자,여,28세,중상
479,2018031500100501,2018년 3월 15일 19시,목요일,경상남도 창원시 의창구 중동,중상사고,0,1,0,0,차대사람 - 횡단중,안전운전불이행,포장 - 젖음/습기,비,단일로 - 기타,승용,남,45세,상해없음,보행자,남,61세,중상
480,2018031500100502,2018년 3월 15일 19시,목요일,경상남도 창원시 의창구 도계동,중상사고,0,1,0,0,차대사람 - 기타,안전운전불이행,포장 - 젖음/습기,비,교차로 - 교차로안,승용,남,63세,상해없음,보행자,남,57세,중상
481,2018031500100596,2018년 3월 15일 22시,목요일,경상남도 의령군 의령읍,중상사고,0,1,0,0,차대사람 - 길가장자리구역통행중,안전운전불이행,포장 - 건조,맑음,단일로 - 기타,승용,남,67세,상해없음,보행자,여,60세,중상
482,2018031500100597,2018년 3월 15일 22시,목요일,경상남도 창원시 성산구 상남동,중상사고,0,1,0,0,차대사람 - 차도통행중,안전운전불이행,포장 - 젖음/습기,비,단일로 - 기타,승용,남,52세,상해없음,보행자,남,40세,중상
483,2018031600100080,2018년 3월 16일 07시,금요일,경상남도 통영시 서호동,중상사고,0,1,0,0,차대사람 - 횡단중,안전운전불이행,포장 - 건조,맑음,단일로 - 기타,승용,남,67세,상해없음,보행자,여,79세,중상
484,2018031600100119,2018년 3월 16일 08시,금요일,경상남도 김해시 삼계동,경상사고,0,0,1,0,차대사람 - 길가장자리구역통행중,안전운전불이행,포장 - 건조,흐림,단일로 - 기타,승용,여,43세,상해없음,보행자,남,13세,경상
485,2018031600100155,2018년 3월 16일 09시,금요일,경상남도 창원시 마산합포구 남성동,경상사고,0,0,1,0,차대사람 - 기타,안전운전불이행,포장 - 건조,맑음,단일로 - 기타,화물,남,45세,상해없음,보행자,남,66세,경상
486,2018031600100213,2018년 3월 16일 11시,금요일,경상남도 통영시 무전동,중상사고,0,1,0,0,차대사람 - 기타,안전운전불이행,포장 - 건조,맑음,교차로 - 교차로부근,화물,남,42세,상해없음,보행자,여,59세,중상
487,2018031600100233,2018년 3월 16일 12시,금요일,경상남도 창원시 의창구 소답동,중상사고,0,1,0,0,차대사람 - 길가장자리구역통행중,안전운전불이행,포장 - 건조,맑음,단일로 - 기타,승용,남,23세,상해없음,보행자,여,53세,중상
488,2018031600100267,2018년 3월 16일 13시,금요일,경상남도 남해군 삼동면,중상사고,0,1,0,0,차대사람 - 보도통행중,안전운전불이행,포장 - 건조,맑음,교차로 - 교차로부근,승용,남,55세,상해없음,보행자,여,61세,중상
489,2018031600100410,2018년 3월 16일 17시,금요일,경상남도 고성군 동해면,중상사고,0,1,0,0,차대사람 - 차도통행중,안전운전불이행,포장 - 건조,맑음,단일로 - 기타,승용,남,51세,상해없음,보행자,남,11세,중상
490,2018031600100442,2018년 3월 16일 18시,금요일,경상남도 창원시 의창구 도계동,경상사고,0,0,1,0,차대사람 - 길가장자리구역통행중,안전운전불이행,포장 - 건조,맑음,교차로 - 교차로안,승용,남,49세,상해없음,보행자,여,3세,경상
491,2018031600100539,2018년 3월 16일 20시,금요일,경상남도 창원시 의창구 명서동,경상사고,0,0,1,0,차대사람 - 기타,안전운전불이행,포장 - 건조,맑음,교차로 - 교차로안,승용,남,50세,상해없음,보행자,남,62세,경상
492,2018031700100013,2018년 3월 17일 00시,토요일,경상남도 창원시 마산합포구 오동동,중상사고,0,1,0,0,차대사람 - 기타,교차로운행방법위반,포장 - 건조,맑음,교차로 - 교차로안,승용,여,61세,상해없음,보행자,남,62세,중상
493,2018031700100111,2018년 3월 17일 08시,토요일,경상남도 김해시 외동,경상사고,0,0,1,0,차대사람 - 횡단중,보행자보호의무위반,포장 - 건조,맑음,교차로 - 교차로횡단보도내,승용,남,41세,상해없음,보행자,여,69세,경상
494,2018031700100170,2018년 3월 17일 10시,토요일,경상남도 김해시 한림면,경상사고,0,0,1,0,차대사람 - 기타,안전운전불이행,포장 - 건조,맑음,단일로 - 기타,승용,남,41세,상해없음,보행자,여,63세,경상
495,2018031700100237,2018년 3월 17일 12시,토요일,경상남도 창녕군 남지읍,경상사고,0,0,1,0,차대사람 - 기타,안전운전불이행,포장 - 건조,맑음,교차로 - 교차로부근,화물,남,63세,상해없음,보행자,남,55세,경상
496,2018031700100332,2018년 3월 17일 15시,토요일,경상남도 함양군 함양읍,중상사고,0,1,0,0,차대사람 - 횡단중,안전운전불이행,포장 - 건조,맑음,교차로 - 교차로안,승용,남,46세,상해없음,보행자,여,79세,중상
497,2018031700100375,2018년 3월 17일 16시,토요일,경상남도 양산시 명동,중상사고,0,1,0,0,차대사람 - 횡단중,안전운전불이행,포장 - 건조,맑음,단일로 - 기타,승합,남,53세,상해없음,보행자,남,16세,중상
498,2018031700100424,2018년 3월 17일 17시,토요일,경상남도 창녕군 남지읍,경상사고,0,0,1,0,차대사람 - 횡단중,안전운전불이행,포장 - 건조,맑음,단일로 - 기타,승합,남,60세,상해없음,보행자,여,55세,경상
499,2018031700100539,2018년 3월 17일 20시,토요일,경상남도 김해시 내동,중상사고,0,1,0,0,차대사람 - 기타,신호위반,포장 - 건조,맑음,교차로 - 교차로횡단보도내,승용,남,60세,상해없음,보행자,여,54세,중상
500,2018031700100620,2018년 3월 17일 23시,토요일,경상남도 통영시 도남동,사망사고,1,0,0,0,차대사람 - 횡단중,과속,포장 - 건조,맑음,단일로 - 기타,승합,여,40세,상해없음,보행자,여,61세,사망
501,2018031800100291,2018년 3월 18일 17시,일요일,경상남도 통영시 산양읍,경상사고,0,0,1,0,차대사람 - 횡단중,안전운전불이행,포장 - 건조,맑음,단일로 - 기타,화물,남,47세,상해없음,보행자,남,85세,경상
502,2018031800100452,2018년 3월 18일 22시,일요일,경상남도 통영시 무전동,중상사고,0,1,0,0,차대사람 - 횡단중,보행자보호의무위반,포장 - 젖음/습기,비,단일로 - 기타,승용,여,55세,상해없음,보행자,남,50세,중상
503,2018031800100471,2018년 3월 18일 23시,일요일,경상남도 양산시 덕계동,경상사고,0,0,1,0,차대사람 - 보도통행중,안전운전불이행,포장 - 젖음/습기,비,교차로 - 교차로안,승용,남,40세,상해없음,보행자,여,18세,경상
504,2018031900100066,2018년 3월 19일 06시,월요일,경상남도 거제시 장평동,중상사고,0,1,0,0,차대사람 - 횡단중,안전운전불이행,포장 - 젖음/습기,비,단일로 - 기타,이륜,남,40세,상해없음,보행자,여,51세,중상
505,2018031900100118,2018년 3월 19일 08시,월요일,경상남도 창원시 의창구 용호동,중상사고,0,1,0,0,차대사람 - 기타,보행자보호의무위반,포장 - 젖음/습기,비,교차로 - 교차로안,승용,여,43세,상해없음,보행자,여,70세,중상
506,2018031900100144,2018년 3월 19일 09시,월요일,경상남도 창원시 의창구 팔용동,중상사고,0,1,0,0,차대사람 - 길가장자리구역통행중,안전운전불이행,포장 - 젖음/습기,비,단일로 - 기타,승용,남,68세,상해없음,보행자,여,77세,중상
507,2018031900100301,2018년 3월 19일 15시,월요일,경상남도 창녕군 창녕읍,경상사고,0,0,1,0,차대사람 - 보도통행중,보행자보호의무위반,포장 - 젖음/습기,비,단일로 - 기타,승용,남,64세,상해없음,보행자,남,8세,경상
508,2018031900100448,2018년 3월 19일 19시,월요일,경상남도 양산시 동면,중상사고,0,1,0,0,차대사람 - 횡단중,중앙선침범,포장 - 젖음/습기,비,단일로 - 기타,승용,남,50세,상해없음,보행자,남,62세,중상
509,2018031900100449,2018년 3월 19일 19시,월요일,경상남도 양산시 물금읍,경상사고,0,0,1,0,차대사람 - 횡단중,보행자보호의무위반,포장 - 젖음/습기,비,단일로 - 기타,승용,남,34세,상해없음,보행자,남,51세,경상
510,2018032000100211,2018년 3월 20일 11시,화요일,경상남도 김해시 삼방동,중상사고,0,1,0,0,차대사람 - 차도통행중,안전운전불이행,포장 - 건조,맑음,단일로 - 기타,승용,남,63세,상해없음,보행자,남,73세,중상
511,2018032000100378,2018년 3월 20일 17시,화요일,경상남도 창원시 성산구 사파동,경상사고,0,0,1,0,차대사람 - 길가장자리구역통행중,안전운전불이행,포장 - 건조,맑음,교차로 - 교차로안,승용,남,45세,상해없음,보행자,여,69세,경상
512,2018032000100458,2018년 3월 20일 19시,화요일,경상남도 통영시 북신동,중상사고,0,1,0,0,차대사람 - 횡단중,신호위반,포장 - 건조,맑음,교차로 - 교차로횡단보도내,승용,남,67세,상해없음,보행자,여,51세,중상
513,2018032000100459,2018년 3월 20일 19시,화요일,경상남도 고성군 개천면,사망사고,1,0,0,0,차대사람 - 차도통행중,안전운전불이행,포장 - 건조,맑음,단일로 - 기타,승용,남,63세,상해없음,보행자,남,62세,사망
514,2018032000100492,2018년 3월 20일 20시,화요일,경상남도 진주시 하대동,중상사고,0,1,0,0,차대사람 - 횡단중,보행자보호의무위반,포장 - 건조,맑음,교차로 - 교차로횡단보도내,승합,남,66세,상해없음,보행자,여,56세,중상
515,2018032000100527,2018년 3월 20일 21시,화요일,경상남도 거제시 연초면,사망사고,1,0,0,0,차대사람 - 기타,안전운전불이행,포장 - 기타,비,단일로 - 기타,승용,여,45세,상해없음,보행자,남,47세,사망
516,2018032000100528,2018년 3월 20일 21시,화요일,경상남도 김해시 부곡동,경상사고,0,0,1,0,차대사람 - 횡단중,안전운전불이행,포장 - 젖음/습기,비,단일로 - 기타,승용,남,24세,상해없음,보행자,남,54세,경상
517,2018032000100584,2018년 3월 20일 23시,화요일,경상남도 김해시 진영읍,경상사고,0,0,1,0,차대사람 - 횡단중,안전운전불이행,포장 - 건조,맑음,단일로 - 기타,승용,남,70세,상해없음,보행자,여,54세,경상
518,2018032100100204,2018년 3월 21일 11시,수요일,경상남도 함양군 함양읍,중상사고,0,1,0,0,차대사람 - 차도통행중,안전운전불이행,포장 - 젖음/습기,비,단일로 - 기타,화물,남,59세,상해없음,보행자,남,78세,중상
519,2018032100100268,2018년 3월 21일 14시,수요일,경상남도 창원시 성산구 중앙동,경상사고,0,0,1,0,차대사람 - 기타,안전운전불이행,포장 - 젖음/습기,비,단일로 - 기타,승합,남,48세,상해없음,보행자,여,52세,경상
520,2018032100100442,2018년 3월 21일 19시,수요일,경상남도 양산시 소주동,경상사고,0,0,1,0,차대사람 - 기타,안전운전불이행,포장 - 건조,맑음,교차로 - 교차로부근,승용,여,60세,상해없음,보행자,여,50세,경상
521,2018032100100543,2018년 3월 21일 22시,수요일,경상남도 창원시 성산구 상남동,경상사고,0,0,1,0,차대사람 - 기타,보행자보호의무위반,포장 - 젖음/습기,흐림,교차로 - 교차로안,승합,남,48세,상해없음,보행자,남,35세,경상
522,2018032100100573,2018년 3월 21일 23시,수요일,경상남도 김해시 외동,중상사고,0,1,0,0,차대사람 - 기타,안전운전불이행,포장 - 건조,맑음,단일로 - 기타,승용,남,64세,상해없음,보행자,남,62세,중상
523,2018032200100156,2018년 3월 22일 08시,목요일,경상남도 창원시 마산합포구 창동,중상사고,0,1,0,0,차대사람 - 차도통행중,신호위반,포장 - 건조,맑음,단일로 - 기타,화물,남,24세,상해없음,보행자,남,7세,중상
524,2018032200100157,2018년 3월 22일 08시,목요일,경상남도 창원시 진해구 용원동,중상사고,0,1,0,0,차대사람 - 횡단중,신호위반,포장 - 건조,맑음,교차로 - 교차로안,화물,남,57세,상해없음,보행자,여,22세,중상
525,2018032200100161,2018년 3월 22일 08시,목요일,경상남도 창원시 성산구 중앙동,경상사고,0,0,1,0,차대사람 - 기타,안전운전불이행,포장 - 건조,맑음,단일로 - 기타,승용,남,40세,상해없음,보행자,남,11세,경상
526,2018032200100187,2018년 3월 22일 09시,목요일,경상남도 창원시 마산합포구 우산동,경상사고,0,0,1,0,차대사람 - 차도통행중,안전운전불이행,포장 - 건조,맑음,교차로 - 교차로부근,승용,여,39세,상해없음,보행자,여,30세,경상
527,2018032200100351,2018년 3월 22일 15시,목요일,경상남도 함양군 유림면,중상사고,0,1,1,0,차대사람 - 기타,안전운전불이행,비포장 - 건조,맑음,단일로 - 기타,화물,남,40세,경상,보행자,남,24세,중상
528,2018032200100462,2018년 3월 22일 18시,목요일,경상남도 김해시 삼정동,경상사고,0,0,1,0,차대사람 - 횡단중,보행자보호의무위반,포장 - 젖음/습기,비,교차로 - 교차로횡단보도내,승용,여,26세,상해없음,보행자,남,9세,경상
529,2018032200100501,2018년 3월 22일 19시,목요일,경상남도 진주시 봉곡동,경상사고,0,0,1,0,차대사람 - 기타,안전운전불이행,포장 - 건조,맑음,교차로 - 교차로안,승용,남,28세,상해없음,보행자,여,48세,경상
530,2018032200100502,2018년 3월 22일 19시,목요일,경상남도 김해시 외동,경상사고,0,0,2,0,차대사람 - 횡단중,보행자보호의무위반,포장 - 건조,맑음,교차로 - 교차로횡단보도내,승용,남,61세,상해없음,보행자,남,30세,경상
531,2018032300100021,2018년 3월 23일 01시,금요일,경상남도 창원시 마산합포구 월포동,중상사고,0,1,0,0,차대사람 - 보도통행중,안전운전불이행,포장 - 건조,맑음,단일로 - 기타,승용,남,20세,상해없음,보행자,남,22세,중상
532,2018032300100290,2018년 3월 23일 14시,금요일,경상남도 진주시 주약동,사망사고,1,0,0,0,차대사람 - 횡단중,보행자보호의무위반,포장 - 건조,맑음,단일로 - 기타,승합,남,63세,상해없음,보행자,남,81세,사망
533,2018032300100366,2018년 3월 23일 16시,금요일,경상남도 창원시 성산구 중앙동,경상사고,0,0,2,0,차대사람 - 길가장자리구역통행중,안전운전불이행,포장 - 건조,맑음,단일로 - 기타,승용,여,61세,상해없음,보행자,여,42세,경상
534,2018032300100495,2018년 3월 23일 19시,금요일,경상남도 합천군 율곡면,중상사고,0,1,0,0,차대사람 - 횡단중,안전운전불이행,포장 - 건조,맑음,교차로 - 교차로횡단보도내,승용,남,36세,상해없음,보행자,남,81세,중상
535,2018032400100044,2018년 3월 24일 02시,토요일,경상남도 양산시 북부동,중상사고,0,1,0,0,차대사람 - 보도통행중,기타,포장 - 건조,맑음,단일로 - 기타,승용,남,18세,상해없음,보행자,남,57세,중상
536,2018032400100187,2018년 3월 24일 11시,토요일,경상남도 통영시 서호동,중상사고,0,1,0,0,차대사람 - 기타,안전운전불이행,포장 - 건조,맑음,주차장 - 주차장,승용,남,50세,상해없음,보행자,여,51세,중상
537,2018032400100227,2018년 3월 24일 12시,토요일,경상남도 양산시 삼호동,부상신고사고,0,0,0,1,차대사람 - 차도통행중,안전운전불이행,포장 - 건조,맑음,단일로 - 기타,화물,남,65세,상해없음,보행자,여,49세,부상신고
538,2018032400100288,2018년 3월 24일 14시,토요일,경상남도 김해시 내동,경상사고,0,0,1,0,차대사람 - 기타,기타,포장 - 건조,맑음,단일로 - 기타,승용,남,37세,상해없음,보행자,여,13세,경상
539,2018032400100317,2018년 3월 24일 15시,토요일,경상남도 거제시 덕포동,중상사고,0,1,0,0,차대사람 - 기타,안전운전불이행,포장 - 건조,맑음,단일로 - 기타,승용,남,20세,상해없음,보행자,여,54세,중상
540,2018032400100318,2018년 3월 24일 15시,토요일,경상남도 창원시 성산구 사파동,부상신고사고,0,0,0,1,차대사람 - 보도통행중,안전운전불이행,포장 - 건조,맑음,교차로 - 교차로안,승용,남,46세,상해없음,보행자,남,7세,부상신고
541,2018032400100449,2018년 3월 24일 19시,토요일,경상남도 창원시 마산회원구 내서읍,중상사고,0,1,0,0,차대사람 - 길가장자리구역통행중,안전운전불이행,포장 - 건조,맑음,단일로 - 기타,승용,남,51세,상해없음,보행자,여,80세,중상
542,2018032400100450,2018년 3월 24일 19시,토요일,경상남도 창원시 마산회원구 합성동,경상사고,0,0,1,0,차대사람 - 횡단중,안전운전불이행,포장 - 건조,맑음,교차로 - 교차로안,승용,남,26세,상해없음,보행자,여,66세,경상
543,2018032400100488,2018년 3월 24일 20시,토요일,경상남도 밀양시 내이동,중상사고,0,1,0,0,차대사람 - 횡단중,안전운전불이행,포장 - 건조,맑음,단일로 - 기타,이륜,남,37세,상해없음,보행자,남,63세,중상
544,2018032400100534,2018년 3월 24일 22시,토요일,경상남도 창원시 의창구 소답동,중상사고,0,1,0,0,차대사람 - 길가장자리구역통행중,보행자보호의무위반,포장 - 건조,맑음,단일로 - 기타,승용,남,70세,상해없음,보행자,여,55세,중상
545,2018032400100546,2018년 3월 24일 23시,토요일,경상남도 창원시 마산회원구 봉암동,사망사고,1,0,0,0,차대사람 - 횡단중,과속,포장 - 건조,맑음,단일로 - 기타,승용,남,64세,상해없음,보행자,남,69세,사망
546,2018032500100109,2018년 3월 25일 10시,일요일,경상남도 김해시 삼정동,중상사고,0,1,0,0,차대사람 - 횡단중,기타,포장 - 건조,맑음,단일로 - 기타,승용,남,40세,상해없음,보행자,여,9세,중상
547,2018032500100110,2018년 3월 25일 10시,일요일,경상남도 창녕군 영산면,중상사고,0,1,0,0,차대사람 - 길가장자리구역통행중,안전운전불이행,포장 - 건조,맑음,단일로 - 기타,승용,여,52세,상해없음,보행자,남,78세,중상
548,2018032500100200,2018년 3월 25일 14시,일요일,경상남도 진주시 평거동,중상사고,0,1,0,0,차대사람 - 횡단중,안전운전불이행,포장 - 건조,맑음,단일로 - 기타,승용,남,69세,상해없음,보행자,남,11세,중상
549,2018032600100067,2018년 3월 26일 07시,월요일,경상남도 창원시 마산회원구 합성동,경상사고,0,0,1,0,차대사람 - 기타,안전운전불이행,포장 - 건조,맑음,단일로 - 기타,승합,남,41세,상해없음,보행자,남,30세,경상
550,2018032600100167,2018년 3월 26일 10시,월요일,경상남도 창원시 성산구 내동,중상사고,0,1,0,0,차대사람 - 차도통행중,안전운전불이행,포장 - 건조,맑음,교차로 - 교차로안,화물,남,44세,상해없음,보행자,여,72세,중상
551,2018032600100198,2018년 3월 26일 11시,월요일,경상남도 양산시 평산동,경상사고,0,0,1,0,차대사람 - 기타,안전운전불이행,포장 - 건조,맑음,기타 - 기타,승합,남,40세,상해없음,보행자,여,74세,경상
552,2018032600100254,2018년 3월 26일 13시,월요일,경상남도 김해시 어방동,경상사고,0,0,1,0,차대사람 - 횡단중,신호위반,포장 - 건조,맑음,교차로 - 교차로안,승합,남,64세,기타불명,보행자,여,53세,경상
553,2018032600100482,2018년 3월 26일 19시,월요일,경상남도 진주시 초전동,중상사고,0,1,0,0,차대사람 - 횡단중,안전운전불이행,포장 - 건조,맑음,단일로 - 기타,승용,남,69세,상해없음,보행자,여,81세,중상
554,2018032600100538,2018년 3월 26일 21시,월요일,경상남도 창원시 마산합포구 월남동4가,경상사고,0,0,1,0,차대사람 - 횡단중,안전운전불이행,포장 - 건조,맑음,교차로 - 교차로횡단보도내,승용,남,30세,상해없음,보행자,남,12세,경상
555,2018032700100370,2018년 3월 27일 17시,화요일,경상남도 밀양시 초동면,경상사고,0,0,1,0,차대사람 - 길가장자리구역통행중,안전운전불이행,포장 - 건조,맑음,단일로 - 기타,승용,남,81세,상해없음,보행자,남,14세,경상
556,2018032700100371,2018년 3월 27일 17시,화요일,경상남도 양산시 남부동,경상사고,0,0,1,0,차대사람 - 횡단중,보행자보호의무위반,포장 - 건조,맑음,단일로 - 기타,승용,여,52세,상해없음,보행자,남,56세,경상
557,2018032700100459,2018년 3월 27일 20시,화요일,경상남도 거제시 고현동,중상사고,0,1,0,0,차대사람 - 횡단중,보행자보호의무위반,포장 - 건조,맑음,단일로 - 기타,승용,남,30세,상해없음,보행자,남,15세,중상
558,2018032700100489,2018년 3월 27일 21시,화요일,경상남도 통영시 광도면,중상사고,0,1,0,0,차대사람 - 횡단중,보행자보호의무위반,포장 - 건조,맑음,교차로 - 교차로횡단보도내,승용,여,33세,상해없음,보행자,남,47세,중상
559,2018032800100219,2018년 3월 28일 12시,수요일,경상남도 김해시 어방동,경상사고,0,0,1,0,차대사람 - 횡단중,안전운전불이행,포장 - 건조,맑음,교차로 - 교차로안,이륜,남,25세,상해없음,보행자,여,54세,경상
560,2018032800100422,2018년 3월 28일 17시,수요일,경상남도 사천시 사천읍,중상사고,0,1,0,0,차대사람 - 기타,안전운전불이행,포장 - 건조,맑음,단일로 - 기타,화물,남,63세,상해없음,보행자,남,55세,중상
561,2018032800100596,2018년 3월 28일 23시,수요일,경상남도 진주시 신안동,중상사고,0,1,0,0,차대사람 - 횡단중,안전운전불이행,포장 - 건조,맑음,단일로 - 기타,승용,남,41세,상해없음,보행자,남,44세,중상