,사고번호,사고일시,요일,시군구,사고내용,사망자수,중상자수,경상자수,부상신고자수,사고유형,법규위반,노면상태,기상상태,도로형태,가해운전자 차종,가해운전자 성별,가해운전자 연령,가해운전자 상해정도,피해운전자 차종,피해운전자 성별,피해운전자 연령,피해운전자 상해정도
1572,2018082100100591,2018년 8월 21일 20시,화요일,경상남도 창녕군 창녕읍,중상사고,0,1,1,0,차대사람 - 길가장자리구역통행중,안전운전불이행,포장 - 건조,맑음,단일로 - 기타,이륜,남,62세,경상,보행자,남,60세,중상
1573,2018082100100592,2018년 8월 21일 20시,화요일,경상남도 양산시 소주동,부상신고사고,0,0,0,1,차대사람 - 기타,안전운전불이행,포장 - 건조,맑음,기타 - 기타,승용,여,57세,상해없음,보행자,남,50세,부상신고
1574,2018082200100383,2018년 8월 22일 15시,수요일,경상남도 창원시 마산회원구 합성동,중상사고,0,1,0,0,차대사람 - 길가장자리구역통행중,안전운전불이행,포장 - 건조,맑음,단일로 - 기타,원동기,남,18세,상해없음,보행자,남,25세,중상
1575,2018082200100458,2018년 8월 22일 17시,수요일,경상남도 창원시 진해구 여좌동,중상사고,0,1,0,0,차대사람 - 차도통행중,안전운전불이행,포장 - 건조,맑음,교차로 - 교차로부근,승용,남,49세,상해없음,보행자,남,11세,중상
1576,2018082200100459,2018년 8월 22일 17시,수요일,경상남도 고성군 고성읍,중상사고,0,1,0,0,차대사람 - 횡단중,보행자보호의무위반,포장 - 건조,맑음,교차로 - 교차로횡단보도내,승용,남,55세,상해없음,보행자,여,44세,중상
1577,2018082200100551,2018년 8월 22일 19시,수요일,경상남도 김해시 무계동,경상사고,0,0,1,0,차대사람 - 보도통행중,보행자보호의무위반,포장 - 건조,맑음,교차로 - 교차로부근,승용,여,45세,상해없음,보행자,남,73세,경상
1578,2018082200100586,2018년 8월 22일 20시,수요일,경상남도 밀양시 삼문동,중상사고,0,1,0,0,차대사람 - 횡단중,안전운전불이행,포장 - 건조,흐림,단일로 - 기타,승용,여,42세,상해없음,보행자,남,10세,중상
1579,2018082200100607,2018년 8월 22일 21시,수요일,경상남도 창원시 성산구 상남동,부상신고사고,0,0,0,1,차대사람 - 횡단중,보행자보호의무위반,포장 - 건조,맑음,교차로 - 교차로횡단보도내,승용,남,27세,상해없음,보행자,남,48세,부상신고
1580,2018082300100018,2018년 8월 23일 00시,목요일,경상남도 창원시 진해구 석동,경상사고,0,0,1,0,차대사람 - 차도통행중,안전운전불이행,포장 - 건조,맑음,단일로 - 기타,승용,남,24세,상해없음,보행자,남,25세,경상
1581,2018082300100156,2018년 8월 23일 10시,목요일,경상남도 거제시 옥포동,경상사고,0,0,1,0,차대사람 - 횡단중,보행자보호의무위반,포장 - 건조,흐림,교차로 - 교차로횡단보도내,화물,남,49세,상해없음,보행자,여,71세,경상
1582,2018082300100310,2018년 8월 23일 17시,목요일,경상남도 거창군 가조면,사망사고,1,0,0,0,차대사람 - 횡단중,안전운전불이행,포장 - 건조,흐림,교차로 - 교차로안,승용,남,61세,상해없음,보행자,여,74세,사망
1583,2018082300100348,2018년 8월 23일 18시,목요일,경상남도 창원시 마산합포구 창포동3가,경상사고,0,0,1,0,차대사람 - 횡단중,안전운전불이행,포장 - 젖음/습기,흐림,교차로 - 교차로부근,승용,남,49세,상해없음,보행자,여,46세,경상
1584,2018082300100400,2018년 8월 23일 19시,목요일,경상남도 양산시 중부동,경상사고,0,0,1,0,차대사람 - 기타,안전운전불이행,포장 - 젖음/습기,비,교차로 - 교차로부근,승용,남,54세,상해없음,보행자,여,59세,경상
1585,2018082300100432,2018년 8월 23일 20시,목요일,경상남도 양산시 삼호동,중상사고,0,1,0,0,차대사람 - 차도통행중,안전운전불이행,포장 - 젖음/습기,비,단일로 - 기타,원동기,남,27세,상해없음,보행자,남,67세,중상
1586,2018082300100465,2018년 8월 23일 21시,목요일,경상남도 양산시 삼호동,경상사고,0,0,1,0,차대사람 - 횡단중,보행자보호의무위반,포장 - 젖음/습기,비,교차로 - 교차로횡단보도내,승용,남,50세,상해없음,보행자,남,42세,경상
1587,2018082400100132,2018년 8월 24일 09시,금요일,경상남도 김해시 부곡동,중상사고,0,2,0,0,차대사람 - 보도통행중,신호위반,포장 - 젖음/습기,흐림,교차로 - 교차로안,승용,여,48세,상해없음,보행자,여,76세,중상
1588,2018082400100165,2018년 8월 24일 10시,금요일,경상남도 창원시 마산회원구 내서읍,경상사고,0,0,1,0,차대사람 - 횡단중,신호위반,포장 - 건조,맑음,단일로 - 기타,화물,남,62세,상해없음,보행자,여,11세,경상
1589,2018082400100293,2018년 8월 24일 14시,금요일,경상남도 창원시 성산구 사파동,중상사고,0,1,0,0,차대사람 - 횡단중,안전운전불이행,포장 - 건조,맑음,교차로 - 교차로안,승용,남,50세,상해없음,보행자,여,48세,중상
1590,2018082400100381,2018년 8월 24일 17시,금요일,경상남도 통영시 용남면,경상사고,0,0,1,0,차대사람 - 기타,보행자보호의무위반,포장 - 건조,맑음,교차로 - 교차로횡단보도내,승합,남,49세,상해없음,보행자,여,16세,경상
1591,2018082400100385,2018년 8월 24일 17시,금요일,경상남도 창녕군 남지읍,중상사고,0,1,0,0,차대사람 - 횡단중,불법유턴,포장 - 건조,흐림,교차로 - 교차로부근,승용,여,67세,상해없음,보행자,여,77세,중상
1592,2018082400100432,2018년 8월 24일 18시,금요일,경상남도 창원시 마산합포구 오동동,중상사고,0,1,0,0,차대사람 - 보도통행중,기타,포장 - 건조,맑음,기타 - 기타,자전거,남,8세,상해없음,보행자,여,31세,중상
1593,2018082400100435,2018년 8월 24일 18시,금요일,경상남도 창원시 마산회원구 석전동,경상사고,0,0,1,0,차대사람 - 차도통행중,안전운전불이행,포장 - 건조,맑음,단일로 - 기타,승용,남,67세,상해없음,보행자,남,18세,경상
1594,2018082400100472,2018년 8월 24일 19시,금요일,경상남도 통영시 중앙동,중상사고,0,1,0,0,차대사람 - 횡단중,안전운전불이행,포장 - 건조,맑음,단일로 - 기타,승용,여,46세,상해없음,보행자,여,87세,중상
1595,2018082400100531,2018년 8월 24일 21시,금요일,경상남도 창원시 마산합포구 산호동,중상사고,0,1,0,0,차대사람 - 차도통행중,안전운전불이행,포장 - 건조,맑음,단일로 - 기타,승용,여,45세,상해없음,보행자,남,43세,중상
1596,2018082400100571,2018년 8월 24일 22시,금요일,경상남도 창원시 성산구 대방동,중상사고,0,1,0,0,차대사람 - 횡단중,안전운전불이행,포장 - 건조,맑음,교차로 - 교차로안,승용,남,33세,상해없음,보행자,남,60세,중상
1597,2018082500100024,2018년 8월 25일 00시,토요일,경상남도 창원시 마산회원구 합성동,중상사고,0,1,0,0,차대사람 - 횡단중,안전운전불이행,포장 - 건조,맑음,단일로 - 기타,승용,여,61세,상해없음,보행자,남,44세,중상
1598,2018082500100051,2018년 8월 25일 01시,토요일,경상남도 양산시 북부동,중상사고,0,1,0,0,차대사람 - 차도통행중,안전운전불이행,포장 - 건조,맑음,단일로 - 기타,승용,남,32세,상해없음,보행자,남,44세,중상
1599,2018082500100144,2018년 8월 25일 08시,토요일,경상남도 통영시 서호동,중상사고,0,1,0,0,차대사람 - 횡단중,안전운전불이행,포장 - 건조,맑음,교차로 - 교차로안,화물,남,66세,상해없음,보행자,여,84세,중상
1600,2018082500100193,2018년 8월 25일 10시,토요일,경상남도 창원시 마산회원구 구암동,중상사고,0,1,0,0,차대사람 - 횡단중,보행자보호의무위반,포장 - 건조,맑음,교차로 - 교차로부근,화물,남,58세,상해없음,보행자,남,74세,중상
1601,2018082500100435,2018년 8월 25일 17시,토요일,경상남도 김해시 삼계동,경상사고,0,0,2,0,차대사람 - 횡단중,안전운전불이행,포장 - 젖음/습기,흐림,단일로 - 기타,이륜,남,25세,경상,보행자,여,11세,경상
1602,2018082500100552,2018년 8월 25일 21시,토요일,경상남도 창원시 의창구 팔용동,경상사고,0,0,1,0,차대사람 - 횡단중,보행자보호의무위반,포장 - 젖음/습기,흐림,단일로 - 기타,승용,남,64세,상해없음,보행자,남,48세,경상
1603,2018082600100506,2018년 8월 26일 23시,일요일,경상남도 진주시 신안동,중상사고,0,1,1,0,차대사람 - 횡단중,안전운전불이행,포장 - 젖음/습기,비,단일로 - 기타,승용,남,29세,경상,보행자,여,61세,중상
1604,2018082700100233,2018년 8월 27일 10시,월요일,경상남도 통영시 도남동,경상사고,0,0,1,0,차대사람 - 횡단중,보행자보호의무위반,포장 - 젖음/습기,맑음,단일로 - 기타,승용,여,41세,상해없음,보행자,남,10세,경상
1605,2018082700100421,2018년 8월 27일 16시,월요일,경상남도 진주시 금산면,중상사고,0,1,0,0,차대사람 - 횡단중,보행자보호의무위반,포장 - 젖음/습기,비,교차로 - 교차로부근,승용,여,61세,상해없음,보행자,여,72세,중상
1606,2018082700100422,2018년 8월 27일 16시,월요일,경상남도 통영시 도산면,중상사고,0,1,0,0,차대사람 - 횡단중,안전운전불이행,포장 - 건조,맑음,단일로 - 기타,화물,남,76세,상해없음,보행자,여,11세,중상
1607,2018082800100068,2018년 8월 28일 06시,화요일,경상남도 양산시 물금읍,사망사고,1,0,0,0,차대사람 - 차도통행중,안전운전불이행,포장 - 건조,맑음,단일로 - 기타,승용,남,70세,상해없음,보행자,여,72세,사망
1608,2018082800100199,2018년 8월 28일 11시,화요일,경상남도 김해시 서상동,중상사고,0,1,0,0,차대사람 - 기타,안전운전불이행,포장 - 건조,맑음,주차장 - 주차장,승용,여,43세,상해없음,보행자,여,49세,중상
1609,2018082800100365,2018년 8월 28일 16시,화요일,경상남도 창원시 마산합포구 중앙동3가,중상사고,0,1,0,0,차대사람 - 기타,안전운전불이행,포장 - 건조,맑음,단일로 - 기타,승용,여,65세,상해없음,보행자,여,13세,중상
1610,2018082800100366,2018년 8월 28일 16시,화요일,경상남도 진주시 장재동,경상사고,0,0,1,0,차대사람 - 길가장자리구역통행중,안전운전불이행,포장 - 건조,맑음,단일로 - 기타,승용,여,38세,상해없음,보행자,남,16세,경상
1611,2018082800100532,2018년 8월 28일 20시,화요일,경상남도 양산시 상북면,중상사고,0,1,0,0,차대사람 - 기타,안전운전불이행,포장 - 건조,맑음,단일로 - 기타,승용,남,26세,상해없음,보행자,여,82세,중상
1612,2018082900100068,2018년 8월 29일 06시,수요일,경상남도 거제시 거제면,중상사고,0,1,0,0,차대사람 - 기타,안전운전불이행,포장 - 건조,맑음,단일로 - 기타,승용,남,49세,상해없음,보행자,여,87세,중상
1613,2018082900100124,2018년 8월 29일 08시,수요일,경상남도 창원시 마산회원구 봉암동,중상사고,0,1,0,0,차대사람 - 횡단중,안전운전불이행,포장 - 건조,맑음,교차로 - 교차로안,승용,남,32세,상해없음,보행자,여,53세,중상
1614,2018082900100482,2018년 8월 29일 19시,수요일,경상남도 사천시 사남면,경상사고,0,0,1,0,차대사람 - 차도통행중,안전운전불이행,포장 - 건조,맑음,단일로 - 기타,승용,남,37세,상해없음,보행자,남,66세,경상
1615,2018083000100030,2018년 8월 30일 01시,목요일,경상남도 김해시 서상동,경상사고,0,0,1,0,차대사람 - 기타,안전운전불이행,포장 - 젖음/습기,비,단일로 - 기타,승용,남,28세,상해없음,보행자,남,36세,경상
1616,2018083000100328,2018년 8월 30일 15시,목요일,경상남도 창원시 마산회원구 합성동,중상사고,0,1,0,0,차대사람 - 횡단중,보행자보호의무위반,포장 - 건조,맑음,교차로 - 교차로부근,승용,남,50세,상해없음,보행자,여,72세,중상
1617,2018083000100440,2018년 8월 30일 18시,목요일,경상남도 고성군 고성읍,중상사고,0,1,0,0,차대사람 - 횡단중,보행자보호의무위반,포장 - 건조,맑음,단일로 - 기타,승용,남,54세,상해없음,보행자,여,52세,중상
1618,2018083000100477,2018년 8월 30일 19시,목요일,경상남도 창원시 의창구 서상동,사망사고,1,0,0,0,차대사람 - 횡단중,안전운전불이행,포장 - 젖음/습기,비,교차로 - 교차로안,승용,남,37세,상해없음,보행자,남,60세,사망
1619,2018083000100516,2018년 8월 30일 20시,목요일,경상남도 진주시 강남동,경상사고,0,0,1,0,차대사람 - 횡단중,중앙선침범,포장 - 젖음/습기,비,단일로 - 기타,승용,남,34세,상해없음,보행자,남,54세,경상
1620,2018083000100519,2018년 8월 30일 20시,목요일,경상남도 창원시 성산구 남양동,중상사고,0,1,0,0,차대사람 - 차도통행중,안전운전불이행,포장 - 젖음/습기,비,단일로 - 기타,승용,남,50세,상해없음,보행자,여,62세,중상
1621,2018083000100550,2018년 8월 30일 21시,목요일,경상남도 거제시 아주동,경상사고,0,0,1,0,차대사람 - 횡단중,교차로운행방법위반,포장 - 건조,맑음,교차로 - 교차로안,승용,남,64세,상해없음,보행자,남,56세,경상
1622,2018083100100030,2018년 8월 31일 01시,금요일,경상남도 창원시 진해구 용원동,사망사고,1,0,0,0,차대사람 - 차도통행중,안전운전불이행,포장 - 건조,맑음,단일로 - 기타,승용,남,39세,상해없음,보행자,남,30세,사망
1623,2018083100100043,2018년 8월 31일 02시,금요일,경상남도 산청군 시천면,중상사고,0,1,0,0,차대사람 - 차도통행중,안전운전불이행,포장 - 젖음/습기,비,단일로 - 기타,승용,남,45세,상해없음,보행자,남,52세,중상
1624,2018083100100053,2018년 8월 31일 03시,금요일,경상남도 김해시 어방동,중상사고,0,1,0,0,차대사람 - 횡단중,안전운전불이행,포장 - 건조,맑음,교차로 - 교차로부근,승용,여,58세,상해없음,보행자,남,57세,중상
1625,2018083100100167,2018년 8월 31일 09시,금요일,경상남도 창원시 진해구 용원동,사망사고,1,0,0,0,차대사람 - 기타,안전운전불이행,포장 - 건조,맑음,교차로 - 교차로안,특수,남,56세,상해없음,보행자,남,62세,사망
1626,2018083100100170,2018년 8월 31일 09시,금요일,경상남도 창원시 의창구 소답동,중상사고,0,1,0,0,차대사람 - 기타,안전운전불이행,포장 - 건조,맑음,단일로 - 기타,승용,여,37세,상해없음,보행자,여,70세,중상
1627,2018083100100196,2018년 8월 31일 10시,금요일,경상남도 창원시 마산회원구 석전동,중상사고,0,1,0,0,차대사람 - 횡단중,보행자보호의무위반,포장 - 젖음/습기,비,교차로 - 교차로횡단보도내,화물,남,60세,상해없음,보행자,여,66세,중상
1628,2018083100100197,2018년 8월 31일 10시,금요일,경상남도 창원시 의창구 팔용동,중상사고,0,1,0,0,차대사람 - 기타,신호위반,포장 - 젖음/습기,흐림,교차로 - 교차로안,승용,남,86세,상해없음,보행자,남,40세,중상
1629,2018083100100221,2018년 8월 31일 11시,금요일,경상남도 함안군 가야읍,중상사고,0,1,0,0,차대사람 - 횡단중,안전운전불이행,포장 - 젖음/습기,비,교차로 - 교차로부근,승용,남,68세,상해없음,보행자,여,87세,중상
1630,2018083100100222,2018년 8월 31일 11시,금요일,경상남도 창원시 성산구 상남동,중상사고,0,1,0,0,차대사람 - 횡단중,보행자보호의무위반,포장 - 젖음/습기,비,교차로 - 교차로횡단보도내,승용,남,46세,상해없음,보행자,여,83세,중상
1631,2018083100100223,2018년 8월 31일 11시,금요일,경상남도 김해시 대청동,경상사고,0,0,1,0,차대사람 - 기타,안전운전불이행,포장 - 젖음/습기,비,교차로 - 교차로부근,승용,여,51세,상해없음,보행자,남,46세,경상
1632,2018083100100287,2018년 8월 31일 13시,금요일,경상남도 통영시 미수동,경상사고,0,0,1,0,차대사람 - 횡단중,안전운전불이행,포장 - 젖음/습기,비,단일로 - 기타,승용,여,54세,상해없음,보행자,여,68세,경상
1633,2018083100100507,2018년 8월 31일 19시,금요일,경상남도 창원시 마산회원구 내서읍,중상사고,0,1,0,0,차대사람 - 차도통행중,안전운전불이행,포장 - 건조,맑음,단일로 - 기타,승용,남,52세,상해없음,보행자,남,47세,중상
1634,2018090100100448,2018년 9월 1일 17시,토요일,경상남도 창원시 진해구 청안동,경상사고,0,0,1,0,차대사람 - 횡단중,보행자보호의무위반,포장 - 건조,맑음,단일로 - 기타,승용,남,38세,상해없음,보행자,남,5세,경상
1635,2018090100100478,2018년 9월 1일 18시,토요일,경상남도 통영시 도천동,경상사고,0,0,1,0,차대사람 - 기타,안전운전불이행,포장 - 건조,맑음,단일로 - 기타,승용,남,54세,상해없음,보행자,남,69세,경상
1636,2018090100100511,2018년 9월 1일 19시,토요일,경상남도 함안군 칠원읍,경상사고,0,0,1,0,차대사람 - 횡단중,보행자보호의무위반,포장 - 건조,맑음,교차로 - 교차로안,승용,여,61세,상해없음,보행자,여,11세,경상
1637,2018090200100013,2018년 9월 2일 00시,일요일,경상남도 김해시 어방동,중상사고,0,1,0,0,차대사람 - 기타,안전운전불이행,포장 - 건조,맑음,교차로 - 교차로안,특수,남,37세,상해없음,보행자,남,43세,중상
1638,2018090200100014,2018년 9월 2일 00시,일요일,경상남도 양산시 물금읍,중상사고,0,1,0,0,차대사람 - 기타,안전운전불이행,포장 - 건조,맑음,단일로 - 기타,승용,남,58세,상해없음,보행자,남,53세,중상
1639,2018090200100090,2018년 9월 2일 07시,일요일,경상남도 창녕군 남지읍,중상사고,0,1,1,0,차대사람 - 기타,안전운전불이행,포장 - 기타,맑음,단일로 - 기타,화물,남,67세,상해없음,보행자,여,54세,중상
1640,2018090200100127,2018년 9월 2일 09시,일요일,경상남도 사천시 정동면,중상사고,0,1,0,0,차대사람 - 기타,안전운전불이행,포장 - 건조,맑음,단일로 - 기타,승합,남,61세,상해없음,보행자,여,84세,중상
1641,2018090200100128,2018년 9월 2일 09시,일요일,경상남도 창녕군 남지읍,경상사고,0,0,1,0,차대사람 - 횡단중,보행자보호의무위반,포장 - 건조,맑음,단일로 - 기타,승용,남,58세,상해없음,보행자,남,4세,경상
1642,2018090200100267,2018년 9월 2일 15시,일요일,경상남도 창원시 성산구 반림동,중상사고,0,1,1,0,차대사람 - 횡단중,신호위반,포장 - 젖음/습기,비,교차로 - 교차로안,이륜,남,37세,상해없음,보행자,여,17세,중상
1643,2018090200100289,2018년 9월 2일 16시,일요일,경상남도 거제시 일운면,중상사고,0,1,0,0,차대사람 - 기타,안전운전불이행,포장 - 건조,맑음,기타 - 기타,화물,남,51세,상해없음,보행자,여,79세,중상
1644,2018090200100383,2018년 9월 2일 19시,일요일,경상남도 통영시 항남동,중상사고,0,1,0,0,차대사람 - 차도통행중,안전운전불이행,포장 - 젖음/습기,비,단일로 - 기타,승용,남,63세,상해없음,보행자,남,75세,중상
1645,2018090200100384,2018년 9월 2일 19시,일요일,경상남도 양산시 동면,부상신고사고,0,0,0,1,차대사람 - 횡단중,안전운전불이행,포장 - 건조,맑음,단일로 - 기타,승용,여,61세,상해없음,보행자,남,9세,부상신고
1646,2018090200100470,2018년 9월 2일 23시,일요일,경상남도 진주시 신안동,중상사고,0,1,0,0,차대사람 - 횡단중,보행자보호의무위반,포장 - 젖음/습기,비,단일로 - 기타,승용,여,58세,상해없음,보행자,여,23세,중상
1647,2018090300100055,2018년 9월 3일 06시,월요일,경상남도 양산시 동면,경상사고,0,0,1,0,차대사람 - 기타,안전운전불이행,포장 - 건조,맑음,기타 - 기타,승용,남,65세,상해없음,보행자,남,85세,경상
1648,2018090300100160,2018년 9월 3일 09시,월요일,경상남도 합천군 합천읍,경상사고,0,0,1,0,차대사람 - 횡단중,보행자보호의무위반,포장 - 건조,흐림,교차로 - 교차로횡단보도내,승용,여,48세,상해없음,보행자,남,83세,경상
1649,2018090300100256,2018년 9월 3일 12시,월요일,경상남도 고성군 대가면,중상사고,0,1,0,0,차대사람 - 기타,과속,포장 - 젖음/습기,비,단일로 - 터널,승용,여,59세,상해없음,보행자,남,50세,중상
1650,2018090300100343,2018년 9월 3일 15시,월요일,경상남도 거창군 거창읍,중상사고,0,1,0,0,차대사람 - 횡단중,안전운전불이행,포장 - 건조,맑음,교차로 - 교차로안,승용,남,48세,상해없음,보행자,여,62세,중상
1651,2018090300100430,2018년 9월 3일 17시,월요일,경상남도 진주시 봉곡동,중상사고,0,1,0,0,차대사람 - 횡단중,보행자보호의무위반,포장 - 건조,맑음,교차로 - 교차로횡단보도내,승용,남,62세,상해없음,보행자,여,54세,중상
1652,2018090300100433,2018년 9월 3일 17시,월요일,경상남도 창원시 의창구 팔용동,경상사고,0,0,1,0,차대사람 - 횡단중,안전운전불이행,포장 - 젖음/습기,흐림,단일로 - 기타,승용,남,62세,상해없음,보행자,남,7세,경상
1653,2018090300100576,2018년 9월 3일 20시,월요일,경상남도 창원시 마산합포구 자산동,중상사고,0,1,0,0,차대사람 - 횡단중,안전운전불이행,포장 - 젖음/습기,흐림,교차로 - 교차로안,승용,남,73세,상해없음,보행자,여,68세,중상
1654,2018090300100670,2018년 9월 3일 23시,월요일,경상남도 김해시 무계동,중상사고,0,1,0,0,차대사람 - 횡단중,안전운전불이행,포장 - 건조,맑음,단일로 - 기타,승용,남,28세,상해없음,보행자,여,20세,중상
1655,2018090400100336,2018년 9월 4일 15시,화요일,경상남도 창원시 진해구 용원동,경상사고,0,0,1,0,차대사람 - 횡단중,신호위반,포장 - 건조,맑음,교차로 - 교차로횡단보도내,승용,여,50세,상해없음,보행자,남,7세,경상
1656,2018090400100373,2018년 9월 4일 16시,화요일,경상남도 진주시 봉곡동,경상사고,0,0,1,0,차대사람 - 기타,안전운전불이행,포장 - 건조,맑음,단일로 - 기타,승합,남,65세,상해없음,보행자,남,44세,경상
1657,2018090400100507,2018년 9월 4일 19시,화요일,경상남도 거제시 상동동,중상사고,0,1,0,0,차대사람 - 기타,안전운전불이행,포장 - 건조,맑음,교차로 - 교차로안,승합,남,52세,상해없음,보행자,여,42세,중상
1658,2018090400100508,2018년 9월 4일 19시,화요일,경상남도 진주시 금곡면,중상사고,0,1,0,0,차대사람 - 기타,안전운전불이행,포장 - 건조,맑음,단일로 - 기타,화물,남,46세,상해없음,보행자,남,49세,중상
1659,2018090400100567,2018년 9월 4일 21시,화요일,경상남도 창원시 의창구 봉곡동,중상사고,0,1,0,0,차대사람 - 기타,안전운전불이행,포장 - 건조,맑음,기타 - 기타,화물,남,55세,상해없음,보행자,남,25세,중상
1660,2018090400100582,2018년 9월 4일 22시,화요일,경상남도 김해시 진영읍,중상사고,0,1,0,0,차대사람 - 횡단중,안전운전불이행,포장 - 건조,맑음,단일로 - 기타,이륜,남,36세,상해없음,보행자,남,31세,중상
1661,2018090500100149,2018년 9월 5일 08시,수요일,경상남도 김해시 진영읍,경상사고,0,0,1,0,차대사람 - 차도통행중,안전운전불이행,포장 - 건조,맑음,단일로 - 기타,승용,남,46세,상해없음,보행자,여,13세,경상
1662,2018090500100180,2018년 9월 5일 09시,수요일,경상남도 김해시 진영읍,경상사고,0,0,1,0,차대사람 - 차도통행중,안전운전불이행,포장 - 건조,맑음,단일로 - 기타,승용,남,58세,상해없음,보행자,여,78세,경상
1663,2018090500100222,2018년 9월 5일 10시,수요일,경상남도 합천군 가야면,중상사고,0,1,0,0,차대사람 - 기타,안전운전불이행,포장 - 건조,맑음,단일로 - 기타,승용,여,65세,상해없음,보행자,남,66세,중상
1664,2018090500100255,2018년 9월 5일 11시,수요일,경상남도 사천시 곤양면,경상사고,0,0,1,0,차대사람 - 차도통행중,안전운전불이행,포장 - 건조,맑음,교차로 - 교차로안,화물,남,61세,상해없음,보행자,남,65세,경상
1665,2018090500100526,2018년 9월 5일 18시,수요일,경상남도 양산시 삼호동,중상사고,0,1,0,0,차대사람 - 횡단중,안전운전불이행,포장 - 건조,맑음,단일로 - 기타,승용,남,38세,상해없음,보행자,여,60세,중상
1666,2018090500100561,2018년 9월 5일 19시,수요일,경상남도 진주시 신안동,경상사고,0,0,1,0,차대사람 - 횡단중,안전운전불이행,포장 - 건조,맑음,교차로 - 교차로횡단보도내,승용,남,42세,상해없음,보행자,여,21세,경상
1667,2018090500100562,2018년 9월 5일 19시,수요일,경상남도 김해시 서상동,중상사고,0,1,0,0,차대사람 - 기타,안전운전불이행,포장 - 건조,맑음,단일로 - 기타,승용,여,57세,상해없음,보행자,남,59세,중상
1668,2018090500100630,2018년 9월 5일 21시,수요일,경상남도 진주시 신안동,중상사고,0,1,0,0,차대사람 - 차도통행중,안전운전불이행,포장 - 건조,맑음,단일로 - 기타,승용,남,44세,상해없음,보행자,남,6세,중상
1669,2018090500100682,2018년 9월 5일 23시,수요일,경상남도 창원시 마산합포구 상남동,중상사고,0,1,0,0,차대사람 - 횡단중,안전운전불이행,포장 - 건조,맑음,단일로 - 기타,승용,남,30세,상해없음,보행자,여,72세,중상
1670,2018090500100683,2018년 9월 5일 23시,수요일,경상남도 김해시 구산동,사망사고,1,0,0,0,차대사람 - 횡단중,안전운전불이행,포장 - 건조,맑음,교차로 - 교차로부근,승용,남,47세,상해없음,보행자,남,32세,사망
1671,2018090600100107,2018년 9월 6일 08시,목요일,경상남도 김해시 진영읍,경상사고,0,0,1,0,차대사람 - 횡단중,안전운전불이행,포장 - 건조,맑음,단일로 - 기타,승용,여,54세,상해없음,보행자,여,17세,경상
1672,2018090600100163,2018년 9월 6일 10시,목요일,경상남도 합천군 합천읍,사망사고,1,0,0,0,차대사람 - 횡단중,안전운전불이행,포장 - 건조,맑음,교차로 - 교차로횡단보도내,화물,남,66세,상해없음,보행자,여,84세,사망
1673,2018090600100164,2018년 9월 6일 10시,목요일,경상남도 창원시 마산합포구 산호동,중상사고,0,1,0,0,차대사람 - 횡단중,보행자보호의무위반,포장 - 건조,맑음,교차로 - 교차로횡단보도내,화물,남,46세,상해없음,보행자,여,68세,중상
1674,2018090600100333,2018년 9월 6일 16시,목요일,경상남도 김해시 삼계동,경상사고,0,0,1,0,차대사람 - 횡단중,안전운전불이행,포장 - 건조,맑음,단일로 - 기타,승용,여,37세,상해없음,보행자,여,71세,경상
1675,2018090600100379,2018년 9월 6일 17시,목요일,경상남도 거제시 장평동,경상사고,0,0,1,0,차대사람 - 차도통행중,안전운전불이행,포장 - 건조,맑음,주차장 - 주차장,승용,남,37세,상해없음,보행자,여,30세,경상
1676,2018090600100380,2018년 9월 6일 17시,목요일,경상남도 창원시 의창구 도계동,경상사고,0,0,1,0,차대사람 - 횡단중,안전운전불이행,포장 - 건조,맑음,교차로 - 교차로안,승용,남,62세,상해없음,보행자,여,16세,경상
1677,2018090700100044,2018년 9월 7일 03시,금요일,경상남도 김해시 어방동,중상사고,0,1,0,0,차대사람 - 기타,안전운전불이행,포장 - 건조,맑음,단일로 - 기타,이륜,남,21세,상해없음,보행자,여,20세,중상
1678,2018090700100116,2018년 9월 7일 07시,금요일,경상남도 창원시 마산회원구 내서읍,경상사고,0,0,1,0,차대사람 - 횡단중,신호위반,포장 - 젖음/습기,비,교차로 - 교차로횡단보도내,승용,여,51세,상해없음,보행자,여,70세,경상
1679,2018090700100161,2018년 9월 7일 08시,금요일,경상남도 고성군 회화면,경상사고,0,0,1,0,차대사람 - 기타,기타,포장 - 건조,맑음,단일로 - 기타,승합,남,51세,상해없음,보행자,여,64세,경상
1680,2018090700100163,2018년 9월 7일 08시,금요일,경상남도 창원시 성산구 반림동,경상사고,0,0,1,0,차대사람 - 횡단중,보행자보호의무위반,포장 - 건조,맑음,교차로 - 교차로횡단보도내,승용,남,60세,상해없음,보행자,여,11세,경상
1681,2018090700100192,2018년 9월 7일 09시,금요일,경상남도 진주시 상평동,경상사고,0,0,1,0,차대사람 - 기타,안전운전불이행,포장 - 건조,맑음,단일로 - 기타,승용,남,54세,상해없음,보행자,남,35세,경상
1682,2018090700100272,2018년 9월 7일 11시,금요일,경상남도 창원시 의창구 사림동,중상사고,0,1,0,0,차대사람 - 길가장자리구역통행중,안전운전불이행,포장 - 건조,맑음,단일로 - 기타,승용,여,50세,상해없음,보행자,남,56세,중상