,사고번호,사고일시,요일,시군구,사고내용,사망자수,중상자수,경상자수,부상신고자수,사고유형,법규위반,노면상태,기상상태,도로형태,가해운전자 차종,가해운전자 성별,가해운전자 연령,가해운전자 상해정도,피해운전자 차종,피해운전자 성별,피해운전자 연령,피해운전자 상해정도
2350,2018120100100548,2018년 12월 1일 20시,토요일,경상남도 양산시 물금읍,중상사고,0,1,0,0,차대사람 - 기타,보행자보호의무위반,포장 - 건조,맑음,단일로 - 기타,승용,남,23세,상해없음,보행자,남,17세,중상
2351,2018120100100549,2018년 12월 1일 20시,토요일,경상남도 창원시 의창구 팔용동,경상사고,0,0,1,0,차대사람 - 기타,안전운전불이행,포장 - 건조,맑음,단일로 - 기타,승합,남,51세,상해없음,보행자,여,61세,경상
2352,2018120200100035,2018년 12월 2일 02시,일요일,경상남도 창원시 진해구 풍호동,중상사고,0,1,0,0,차대사람 - 기타,안전운전불이행,포장 - 건조,맑음,단일로 - 기타,승용,남,25세,상해없음,보행자,남,35세,중상
2353,2018120200100036,2018년 12월 2일 02시,일요일,경상남도 거제시 장승포동,부상신고사고,0,0,0,1,차대사람 - 기타,안전운전불이행,포장 - 건조,맑음,단일로 - 기타,승용,남,28세,상해없음,보행자,남,22세,부상신고
2354,2018120200100251,2018년 12월 2일 15시,일요일,경상남도 밀양시 산내면,중상사고,0,1,1,0,차대사람 - 기타,안전운전불이행,포장 - 건조,맑음,단일로 - 기타,승용,남,43세,상해없음,보행자,남,63세,중상
2355,2018120200100273,2018년 12월 2일 16시,일요일,경상남도 김해시 삼계동,경상사고,0,0,1,0,차대사람 - 횡단중,안전운전불이행,포장 - 건조,맑음,단일로 - 기타,승용,여,49세,상해없음,보행자,남,6세,경상
2356,2018120200100335,2018년 12월 2일 18시,일요일,경상남도 통영시 도천동,경상사고,0,0,1,0,차대사람 - 기타,기타,포장 - 건조,맑음,기타 - 기타,승용,남,58세,상해없음,보행자,여,34세,경상
2357,2018120200100337,2018년 12월 2일 18시,일요일,경상남도 남해군 남해읍,중상사고,0,1,0,0,차대사람 - 횡단중,보행자보호의무위반,포장 - 건조,흐림,교차로 - 교차로횡단보도내,승용,남,52세,상해없음,보행자,여,18세,중상
2358,2018120300100394,2018년 12월 3일 16시,월요일,경상남도 함안군 칠원읍,경상사고,0,0,1,0,차대사람 - 기타,기타,포장 - 건조,맑음,단일로 - 기타,승합,남,55세,상해없음,보행자,여,23세,경상
2359,2018120300100444,2018년 12월 3일 17시,월요일,경상남도 김해시 내동,경상사고,0,0,1,0,차대사람 - 횡단중,안전운전불이행,포장 - 젖음/습기,비,단일로 - 기타,승용,여,47세,상해없음,보행자,남,61세,경상
2360,2018120300100448,2018년 12월 3일 17시,월요일,경상남도 양산시 산막동,중상사고,0,2,0,0,차대사람 - 기타,안전운전불이행,포장 - 젖음/습기,비,교차로 - 교차로안,화물,남,51세,상해없음,보행자,여,59세,중상
2361,2018120300100505,2018년 12월 3일 18시,월요일,경상남도 창원시 성산구 반지동,경상사고,0,0,1,0,차대사람 - 횡단중,보행자보호의무위반,포장 - 젖음/습기,비,교차로 - 교차로횡단보도내,승용,여,53세,상해없음,보행자,남,46세,경상
2362,2018120300100649,2018년 12월 3일 22시,월요일,경상남도 김해시 외동,중상사고,0,1,0,0,차대사람 - 차도통행중,중앙선침범,포장 - 젖음/습기,비,단일로 - 기타,승용,여,33세,상해없음,보행자,남,52세,중상
2363,2018120400100035,2018년 12월 4일 03시,화요일,경상남도 김해시 내동,중상사고,0,1,0,0,차대사람 - 횡단중,안전운전불이행,포장 - 젖음/습기,맑음,단일로 - 기타,특수,남,44세,상해없음,보행자,남,54세,중상
2364,2018120400100110,2018년 12월 4일 07시,화요일,경상남도 진주시 상대동,중상사고,0,1,0,0,차대사람 - 차도통행중,안전운전불이행,포장 - 젖음/습기,비,단일로 - 기타,승용,남,47세,상해없음,보행자,남,69세,중상
2365,2018120400100111,2018년 12월 4일 07시,화요일,경상남도 창원시 진해구 경화동,경상사고,0,0,1,0,차대사람 - 기타,기타,포장 - 젖음/습기,비,기타 - 기타,기타불명,기타불명,미분류,기타불명,보행자,여,52세,경상
2366,2018120400100113,2018년 12월 4일 07시,화요일,경상남도 김해시 봉황동,중상사고,0,1,0,0,차대사람 - 횡단중,안전운전불이행,포장 - 젖음/습기,비,교차로 - 교차로횡단보도내,승용,여,35세,상해없음,보행자,여,53세,중상
2367,2018120400100150,2018년 12월 4일 08시,화요일,경상남도 밀양시 삼문동,경상사고,0,0,1,0,차대사람 - 횡단중,안전운전불이행,포장 - 젖음/습기,비,교차로 - 교차로횡단보도내,승용,여,52세,상해없음,보행자,여,13세,경상
2368,2018120400100152,2018년 12월 4일 08시,화요일,경상남도 창원시 의창구 북면,중상사고,0,1,0,0,차대사람 - 횡단중,보행자보호의무위반,포장 - 젖음/습기,비,기타 - 기타,승용,남,47세,상해없음,보행자,여,78세,중상
2369,2018120400100232,2018년 12월 4일 10시,화요일,경상남도 김해시 내동,중상사고,0,1,0,0,차대사람 - 횡단중,신호위반,포장 - 젖음/습기,흐림,교차로 - 교차로안,이륜,남,57세,상해없음,보행자,여,32세,중상
2370,2018120400100233,2018년 12월 4일 10시,화요일,경상남도 김해시 부원동,경상사고,0,0,1,0,차대사람 - 기타,안전운전불이행,포장 - 젖음/습기,맑음,교차로 - 교차로안,승용,여,53세,상해없음,보행자,여,56세,경상
2371,2018120400100255,2018년 12월 4일 11시,화요일,경상남도 김해시 내동,중상사고,0,1,0,0,차대사람 - 기타,안전운전불이행,포장 - 젖음/습기,흐림,단일로 - 기타,승합,남,38세,상해없음,보행자,여,28세,중상
2372,2018120400100364,2018년 12월 4일 15시,화요일,경상남도 창원시 성산구 반림동,부상신고사고,0,0,0,1,차대사람 - 차도통행중,안전운전불이행,포장 - 건조,맑음,단일로 - 기타,승용,남,59세,상해없음,보행자,남,5세,부상신고
2373,2018120400100396,2018년 12월 4일 16시,화요일,경상남도 창원시 마산회원구 합성동,부상신고사고,0,0,0,1,차대사람 - 기타,안전운전불이행,포장 - 건조,맑음,기타 - 기타,승용,여,58세,상해없음,보행자,여,76세,부상신고
2374,2018120400100547,2018년 12월 4일 21시,화요일,경상남도 거제시 장평동,중상사고,0,1,0,0,차대사람 - 횡단중,보행자보호의무위반,포장 - 건조,맑음,교차로 - 교차로부근,화물,남,40세,상해없음,보행자,남,14세,중상
2375,2018120400100548,2018년 12월 4일 21시,화요일,경상남도 거제시 고현동,경상사고,0,0,1,0,차대사람 - 차도통행중,안전운전불이행,포장 - 건조,맑음,단일로 - 기타,승용,남,27세,상해없음,보행자,여,45세,경상
2376,2018120500100207,2018년 12월 5일 10시,수요일,경상남도 창원시 의창구 북면,경상사고,0,0,1,0,차대사람 - 횡단중,보행자보호의무위반,포장 - 건조,맑음,교차로 - 교차로안,화물,남,40세,상해없음,보행자,여,35세,경상
2377,2018120500100235,2018년 12월 5일 11시,수요일,경상남도 김해시 진영읍,중상사고,0,1,0,0,차대사람 - 횡단중,안전운전불이행,포장 - 건조,맑음,단일로 - 기타,화물,남,53세,상해없음,보행자,여,86세,중상
2378,2018120500100290,2018년 12월 5일 13시,수요일,경상남도 거제시 고현동,경상사고,0,0,1,0,차대사람 - 기타,기타,포장 - 건조,맑음,단일로 - 지하차도(도로)내,승합,남,66세,상해없음,보행자,여,76세,경상
2379,2018120500100410,2018년 12월 5일 17시,수요일,경상남도 진주시 칠암동,중상사고,0,1,0,0,차대사람 - 횡단중,안전운전불이행,포장 - 건조,맑음,단일로 - 기타,승합,여,61세,상해없음,보행자,여,21세,중상
2380,2018120500100412,2018년 12월 5일 17시,수요일,경상남도 통영시 북신동,경상사고,0,0,1,0,차대사람 - 횡단중,보행자보호의무위반,포장 - 건조,맑음,교차로 - 교차로횡단보도내,승용,남,50세,상해없음,보행자,남,61세,경상
2381,2018120500100416,2018년 12월 5일 17시,수요일,경상남도 김해시 풍유동,중상사고,0,1,0,0,차대사람 - 횡단중,보행자보호의무위반,포장 - 건조,맑음,교차로 - 교차로횡단보도내,승용,남,61세,상해없음,보행자,남,50세,중상
2382,2018120500100468,2018년 12월 5일 18시,수요일,경상남도 거제시 하청면,경상사고,0,0,1,0,차대사람 - 기타,안전운전불이행,포장 - 건조,맑음,교차로 - 교차로안,화물,남,71세,상해없음,보행자,여,72세,경상
2383,2018120500100504,2018년 12월 5일 19시,수요일,경상남도 김해시 봉황동,중상사고,0,1,0,0,차대사람 - 기타,안전운전불이행,포장 - 건조,맑음,교차로 - 교차로안,승용,여,51세,상해없음,보행자,여,77세,중상
2384,2018120500100505,2018년 12월 5일 19시,수요일,경상남도 거제시 고현동,경상사고,0,0,1,0,차대사람 - 기타,안전운전불이행,포장 - 건조,맑음,단일로 - 기타,승용,남,56세,상해없음,보행자,남,36세,경상
2385,2018120500100531,2018년 12월 5일 20시,수요일,경상남도 사천시 사천읍,경상사고,0,0,1,0,차대사람 - 길가장자리구역통행중,안전운전불이행,포장 - 건조,맑음,단일로 - 기타,승용,여,59세,상해없음,보행자,남,51세,경상
2386,2018120600100053,2018년 12월 6일 05시,목요일,경상남도 밀양시 삼문동,중상사고,0,1,0,0,차대사람 - 횡단중,보행자보호의무위반,포장 - 건조,맑음,교차로 - 교차로횡단보도내,승용,남,57세,상해없음,보행자,남,77세,중상
2387,2018120600100106,2018년 12월 6일 07시,목요일,경상남도 거제시 고현동,중상사고,0,1,0,0,차대사람 - 기타,안전운전불이행,포장 - 젖음/습기,비,단일로 - 기타,승용,남,42세,상해없음,보행자,여,64세,중상
2388,2018120600100107,2018년 12월 6일 07시,목요일,경상남도 창원시 성산구 남산동,중상사고,0,1,0,0,차대사람 - 횡단중,신호위반,포장 - 젖음/습기,비,단일로 - 기타,승용,남,69세,상해없음,보행자,남,49세,중상
2389,2018120600100135,2018년 12월 6일 08시,목요일,경상남도 창원시 의창구 서상동,경상사고,0,0,1,0,차대사람 - 횡단중,보행자보호의무위반,포장 - 젖음/습기,비,교차로 - 교차로횡단보도내,승용,남,35세,상해없음,보행자,남,66세,경상
2390,2018120600100184,2018년 12월 6일 09시,목요일,경상남도 양산시 동면,경상사고,0,0,1,0,차대사람 - 기타,안전운전불이행,포장 - 건조,맑음,단일로 - 기타,승용,남,47세,상해없음,보행자,남,58세,경상
2391,2018120600100373,2018년 12월 6일 15시,목요일,경상남도 사천시 곤명면,경상사고,0,0,1,0,차대사람 - 기타,안전운전불이행,포장 - 건조,맑음,단일로 - 기타,승용,남,45세,상해없음,보행자,여,75세,경상
2392,2018120600100437,2018년 12월 6일 17시,목요일,경상남도 함안군 가야읍,중상사고,0,1,0,0,차대사람 - 횡단중,보행자보호의무위반,포장 - 건조,맑음,교차로 - 교차로안,화물,남,34세,상해없음,보행자,여,73세,중상
2393,2018120600100495,2018년 12월 6일 18시,목요일,경상남도 통영시 동호동,중상사고,0,1,0,0,차대사람 - 횡단중,안전운전불이행,포장 - 건조,맑음,교차로 - 교차로안,화물,남,47세,상해없음,보행자,여,70세,중상
2394,2018120600100499,2018년 12월 6일 18시,목요일,경상남도 창원시 의창구 북면,중상사고,0,1,0,0,차대사람 - 횡단중,안전운전불이행,포장 - 건조,맑음,단일로 - 기타,승용,남,56세,상해없음,보행자,남,46세,중상
2395,2018120700100031,2018년 12월 7일 02시,금요일,경상남도 창원시 진해구 석동,경상사고,0,0,1,0,차대사람 - 차도통행중,안전운전불이행,포장 - 건조,맑음,교차로 - 교차로부근,승용,남,67세,상해없음,보행자,여,36세,경상
2396,2018120700100053,2018년 12월 7일 05시,금요일,경상남도 창원시 성산구 중앙동,중상사고,0,1,0,0,차대사람 - 횡단중,안전운전불이행,포장 - 건조,맑음,교차로 - 교차로안,승용,남,41세,상해없음,보행자,남,51세,중상
2397,2018120700100355,2018년 12월 7일 14시,금요일,경상남도 고성군 고성읍,중상사고,0,1,0,0,차대사람 - 횡단중,안전운전불이행,포장 - 건조,맑음,단일로 - 기타,승합,여,50세,상해없음,보행자,여,41세,중상
2398,2018120700100427,2018년 12월 7일 16시,금요일,경상남도 하동군 하동읍,중상사고,0,1,0,0,차대사람 - 길가장자리구역통행중,안전운전불이행,포장 - 건조,맑음,단일로 - 기타,승용,여,41세,상해없음,보행자,남,55세,중상
2399,2018120700100429,2018년 12월 7일 16시,금요일,경상남도 거제시 옥포동,경상사고,0,0,1,0,차대사람 - 횡단중,안전운전불이행,포장 - 건조,맑음,단일로 - 기타,승용,여,59세,상해없음,보행자,여,11세,경상
2400,2018120700100492,2018년 12월 7일 17시,금요일,경상남도 창원시 마산회원구 내서읍,중상사고,0,1,0,0,차대사람 - 횡단중,보행자보호의무위반,포장 - 건조,맑음,단일로 - 기타,승용,여,64세,상해없음,보행자,남,10세,중상
2401,2018120700100536,2018년 12월 7일 18시,금요일,경상남도 김해시 외동,중상사고,0,1,0,0,차대사람 - 횡단중,안전운전불이행,포장 - 건조,맑음,단일로 - 기타,승용,남,58세,상해없음,보행자,남,88세,중상
2402,2018120800100037,2018년 12월 8일 01시,토요일,경상남도 김해시 구산동,중상사고,0,1,0,0,차대사람 - 횡단중,안전운전불이행,포장 - 건조,맑음,단일로 - 기타,승용,남,68세,상해없음,보행자,남,67세,중상
2403,2018120800100088,2018년 12월 8일 05시,토요일,경상남도 김해시 부원동,경상사고,0,0,1,0,차대사람 - 길가장자리구역통행중,안전운전불이행,포장 - 건조,맑음,교차로 - 교차로안,승용,남,47세,상해없음,보행자,남,49세,경상
2404,2018120800100127,2018년 12월 8일 08시,토요일,경상남도 창원시 마산합포구 오동동,경상사고,0,0,1,0,차대사람 - 기타,안전운전불이행,포장 - 건조,맑음,단일로 - 기타,자전거,여,53세,상해없음,보행자,남,61세,경상
2405,2018120800100411,2018년 12월 8일 17시,토요일,경상남도 진주시 봉곡동,사망사고,1,0,0,0,차대사람 - 횡단중,보행자보호의무위반,포장 - 건조,맑음,단일로 - 기타,승용,여,69세,상해없음,보행자,남,86세,사망
2406,2018120800100456,2018년 12월 8일 18시,토요일,경상남도 창원시 성산구 반지동,경상사고,0,0,1,0,차대사람 - 차도통행중,안전운전불이행,포장 - 건조,맑음,단일로 - 기타,기타불명,기타불명,미분류,기타불명,보행자,여,22세,경상
2407,2018120800100499,2018년 12월 8일 19시,토요일,경상남도 창원시 마산합포구 오동동,중상사고,0,1,0,0,차대사람 - 길가장자리구역통행중,안전운전불이행,포장 - 건조,맑음,단일로 - 기타,승용,여,45세,상해없음,보행자,여,57세,중상
2408,2018120800100500,2018년 12월 8일 19시,토요일,경상남도 김해시 진영읍,경상사고,0,0,1,0,차대사람 - 길가장자리구역통행중,안전운전불이행,포장 - 건조,맑음,단일로 - 기타,승합,남,32세,상해없음,보행자,여,44세,경상
2409,2018120900100057,2018년 12월 9일 05시,일요일,경상남도 통영시 정량동,중상사고,0,1,0,0,차대사람 - 길가장자리구역통행중,안전운전불이행,포장 - 건조,맑음,교차로 - 교차로부근,화물,남,56세,상해없음,보행자,남,69세,중상
2410,2018120900100089,2018년 12월 9일 09시,일요일,경상남도 산청군 산청읍,중상사고,0,1,0,0,차대사람 - 보도통행중,기타,포장 - 건조,맑음,단일로 - 기타,승합,남,55세,상해없음,보행자,여,77세,중상
2411,2018120900100329,2018년 12월 9일 19시,일요일,경상남도 거창군 거창읍,중상사고,0,1,0,0,차대사람 - 차도통행중,안전운전불이행,포장 - 건조,맑음,단일로 - 기타,승용,여,67세,상해없음,보행자,남,54세,중상
2412,2018120900100391,2018년 12월 9일 22시,일요일,경상남도 양산시 물금읍,중상사고,0,2,0,0,차대사람 - 횡단중,보행자보호의무위반,포장 - 건조,맑음,교차로 - 교차로횡단보도내,승용,여,50세,상해없음,보행자,남,49세,중상
2413,2018121000100038,2018년 12월 10일 06시,월요일,경상남도 김해시 어방동,경상사고,0,0,1,0,차대사람 - 횡단중,신호위반,포장 - 건조,맑음,교차로 - 교차로횡단보도내,승용,남,23세,상해없음,보행자,여,30세,경상
2414,2018121000100039,2018년 12월 10일 06시,월요일,경상남도 고성군 대가면,사망사고,1,0,0,0,차대사람 - 기타,안전운전불이행,포장 - 건조,맑음,교차로 - 교차로안,화물,남,73세,상해없음,보행자,남,77세,사망
2415,2018121000100265,2018년 12월 10일 13시,월요일,경상남도 창원시 마산합포구 월남동5가,경상사고,0,0,1,0,차대사람 - 횡단중,안전운전불이행,포장 - 건조,맑음,교차로 - 교차로안,승용,남,70세,상해없음,보행자,여,59세,경상
2416,2018121000100411,2018년 12월 10일 17시,월요일,경상남도 밀양시 내일동,경상사고,0,0,1,0,차대사람 - 횡단중,안전운전불이행,포장 - 건조,맑음,단일로 - 기타,승용,남,77세,상해없음,보행자,여,48세,경상
2417,2018121000100412,2018년 12월 10일 17시,월요일,경상남도 양산시 삼호동,중상사고,0,1,0,0,차대사람 - 횡단중,보행자보호의무위반,포장 - 건조,맑음,교차로 - 교차로횡단보도내,이륜,남,24세,상해없음,보행자,여,57세,중상
2418,2018121000100474,2018년 12월 10일 18시,월요일,경상남도 양산시 동면,경상사고,0,0,1,0,차대사람 - 횡단중,신호위반,포장 - 건조,맑음,교차로 - 교차로횡단보도내,승용,남,59세,상해없음,보행자,남,23세,경상
2419,2018121000100517,2018년 12월 10일 19시,월요일,경상남도 김해시 삼계동,중상사고,0,1,0,0,차대사람 - 차도통행중,안전운전불이행,포장 - 건조,맑음,단일로 - 기타,이륜,남,29세,기타불명,보행자,여,56세,중상
2420,2018121100100040,2018년 12월 11일 05시,화요일,경상남도 김해시 주촌면,경상사고,0,0,1,0,차대사람 - 횡단중,안전운전불이행,포장 - 건조,맑음,교차로 - 교차로부근,승용,남,39세,상해없음,보행자,남,60세,경상
2421,2018121100100122,2018년 12월 11일 08시,화요일,경상남도 창원시 의창구 대원동,중상사고,0,1,0,0,차대사람 - 기타,안전운전불이행,포장 - 건조,맑음,단일로 - 기타,승합,남,42세,상해없음,보행자,여,62세,중상
2422,2018121100100411,2018년 12월 11일 17시,화요일,경상남도 거제시 고현동,경상사고,0,0,1,0,차대사람 - 기타,안전운전불이행,포장 - 건조,맑음,단일로 - 기타,승용,여,30세,상해없음,보행자,남,28세,경상
2423,2018121100100412,2018년 12월 11일 17시,화요일,경상남도 함안군 산인면,중상사고,0,1,0,0,차대사람 - 길가장자리구역통행중,안전운전불이행,포장 - 젖음/습기,비,단일로 - 기타,승용,여,62세,상해없음,보행자,남,71세,중상
2424,2018121100100472,2018년 12월 11일 18시,화요일,경상남도 밀양시 내일동,중상사고,0,1,0,0,차대사람 - 횡단중,보행자보호의무위반,포장 - 젖음/습기,비,교차로 - 교차로횡단보도내,승용,남,58세,상해없음,보행자,남,64세,중상
2425,2018121100100588,2018년 12월 11일 21시,화요일,경상남도 창원시 진해구 용원동,중상사고,0,1,1,0,차대사람 - 기타,안전운전불이행,포장 - 건조,맑음,기타 - 기타,승용,남,37세,상해없음,보행자,남,48세,중상
2426,2018121100100638,2018년 12월 11일 23시,화요일,경상남도 김해시 진영읍,중상사고,0,1,0,0,차대사람 - 횡단중,안전운전불이행,포장 - 건조,맑음,교차로 - 교차로안,승용,여,31세,상해없음,보행자,남,50세,중상
2427,2018121200100074,2018년 12월 12일 06시,수요일,경상남도 김해시 삼방동,사망사고,1,0,0,0,차대사람 - 횡단중,안전운전불이행,포장 - 건조,맑음,교차로 - 교차로부근,승용,남,50세,상해없음,보행자,남,80세,사망
2428,2018121200100076,2018년 12월 12일 06시,수요일,경상남도 양산시 삼호동,중상사고,0,1,0,0,차대사람 - 횡단중,보행자보호의무위반,포장 - 건조,맑음,교차로 - 교차로횡단보도내,승용,남,71세,상해없음,보행자,남,73세,중상
2429,2018121200100129,2018년 12월 12일 08시,수요일,경상남도 의령군 의령읍,중상사고,0,1,1,0,차대사람 - 차도통행중,안전운전불이행,포장 - 건조,흐림,미분류 - 미분류,승용,남,21세,경상,보행자,남,69세,중상
2430,2018121200100197,2018년 12월 12일 10시,수요일,경상남도 합천군 쌍책면,중상사고,0,1,0,0,차대사람 - 기타,안전운전불이행,포장 - 서리/결빙,맑음,단일로 - 기타,화물,남,47세,상해없음,보행자,남,59세,중상
2431,2018121200100236,2018년 12월 12일 11시,수요일,경상남도 창원시 진해구 경화동,중상사고,0,1,0,0,차대사람 - 횡단중,보행자보호의무위반,포장 - 건조,맑음,단일로 - 기타,승용,남,33세,상해없음,보행자,남,44세,중상
2432,2018121200100287,2018년 12월 12일 13시,수요일,경상남도 김해시 신문동,중상사고,0,1,0,0,차대사람 - 횡단중,보행자보호의무위반,포장 - 건조,맑음,교차로 - 교차로횡단보도내,특수,남,21세,상해없음,보행자,남,79세,중상
2433,2018121200100401,2018년 12월 12일 16시,수요일,경상남도 양산시 삼호동,중상사고,0,1,0,0,차대사람 - 횡단중,신호위반,포장 - 건조,맑음,교차로 - 교차로횡단보도내,승용,여,58세,기타불명,보행자,여,49세,중상
2434,2018121200100403,2018년 12월 12일 16시,수요일,경상남도 고성군 고성읍,중상사고,0,1,0,0,차대사람 - 횡단중,안전운전불이행,포장 - 건조,맑음,단일로 - 기타,화물,남,29세,상해없음,보행자,남,83세,중상
2435,2018121200100436,2018년 12월 12일 17시,수요일,경상남도 함안군 대산면,경상사고,0,0,1,0,차대사람 - 길가장자리구역통행중,안전운전불이행,포장 - 건조,맑음,단일로 - 기타,이륜,남,66세,상해없음,보행자,여,75세,경상
2436,2018121200100528,2018년 12월 12일 19시,수요일,경상남도 거제시 일운면,사망사고,1,0,0,0,차대사람 - 횡단중,안전운전불이행,포장 - 건조,맑음,단일로 - 기타,화물,남,66세,상해없음,보행자,남,77세,사망
2437,2018121200100594,2018년 12월 12일 21시,수요일,경상남도 함안군 대산면,사망사고,1,0,0,0,차대사람 - 차도통행중,안전운전불이행,포장 - 건조,맑음,교차로 - 교차로안,화물,남,44세,상해없음,보행자,남,57세,사망
2438,2018121300100025,2018년 12월 13일 02시,목요일,경상남도 거제시 상동동,중상사고,0,1,0,0,차대사람 - 횡단중,안전운전불이행,포장 - 건조,맑음,교차로 - 교차로횡단보도내,승합,여,40세,상해없음,보행자,남,28세,중상
2439,2018121300100126,2018년 12월 13일 08시,목요일,경상남도 창원시 진해구 인사동,경상사고,0,0,1,0,차대사람 - 차도통행중,안전운전불이행,포장 - 건조,맑음,단일로 - 기타,승용,여,44세,상해없음,보행자,남,13세,경상
2440,2018121300100271,2018년 12월 13일 11시,목요일,경상남도 밀양시 하남읍,경상사고,0,0,1,0,차대사람 - 기타,안전운전불이행,포장 - 건조,맑음,단일로 - 기타,승용,남,52세,상해없음,보행자,여,82세,경상
2441,2018121300100354,2018년 12월 13일 14시,목요일,경상남도 거제시 고현동,중상사고,0,1,0,0,차대사람 - 횡단중,보행자보호의무위반,포장 - 건조,맑음,교차로 - 교차로횡단보도내,승용,남,79세,상해없음,보행자,여,40세,중상
2442,2018121300100455,2018년 12월 13일 17시,목요일,경상남도 통영시 도천동,중상사고,0,1,0,0,차대사람 - 횡단중,보행자보호의무위반,포장 - 건조,맑음,단일로 - 기타,승합,남,78세,상해없음,보행자,남,59세,중상
2443,2018121300100508,2018년 12월 13일 18시,목요일,경상남도 창녕군 창녕읍,사망사고,1,0,0,0,차대사람 - 기타,안전운전불이행,포장 - 건조,맑음,단일로 - 기타,화물,남,42세,상해없음,보행자,남,61세,사망
2444,2018121300100551,2018년 12월 13일 19시,목요일,경상남도 사천시 곤양면,중상사고,0,1,0,0,차대사람 - 횡단중,보행자보호의무위반,포장 - 건조,맑음,교차로 - 교차로횡단보도내,승용,여,49세,상해없음,보행자,남,52세,중상
2445,2018121400100039,2018년 12월 14일 02시,금요일,경상남도 창원시 마산회원구 합성동,경상사고,0,0,1,0,차대사람 - 기타,안전운전불이행,포장 - 건조,맑음,교차로 - 교차로부근,승합,남,45세,상해없음,보행자,남,40세,경상
2446,2018121400100112,2018년 12월 14일 08시,금요일,경상남도 김해시 외동,경상사고,0,0,1,0,차대사람 - 기타,신호위반,포장 - 건조,맑음,교차로 - 교차로횡단보도내,화물,남,40세,상해없음,보행자,여,52세,경상
2447,2018121400100247,2018년 12월 14일 12시,금요일,경상남도 창녕군 창녕읍,중상사고,0,1,0,0,차대사람 - 횡단중,안전운전불이행,포장 - 건조,맑음,교차로 - 교차로부근,승용,여,57세,상해없음,보행자,여,57세,중상
2448,2018121400100321,2018년 12월 14일 14시,금요일,경상남도 창원시 의창구 신월동,중상사고,0,1,0,0,차대사람 - 차도통행중,안전운전불이행,포장 - 건조,맑음,교차로 - 교차로부근,승용,남,51세,상해없음,보행자,여,59세,중상
2449,2018121400100322,2018년 12월 14일 14시,금요일,경상남도 창원시 의창구 봉곡동,중상사고,0,1,0,0,차대사람 - 길가장자리구역통행중,안전운전불이행,포장 - 건조,맑음,단일로 - 기타,기타불명,기타불명,미분류,기타불명,보행자,여,82세,중상
2450,2018121400100475,2018년 12월 14일 17시,금요일,경상남도 고성군 상리면,사망사고,1,0,0,0,차대사람 - 차도통행중,안전운전불이행,포장 - 건조,맑음,단일로 - 기타,승합,남,37세,상해없음,보행자,남,59세,사망
2451,2018121400100633,2018년 12월 14일 20시,금요일,경상남도 창원시 진해구 자은동,중상사고,0,1,1,0,차대사람 - 횡단중,신호위반,포장 - 건조,맑음,교차로 - 교차로안,원동기,남,37세,중상,보행자,여,62세,경상
2452,2018121400100667,2018년 12월 14일 21시,금요일,경상남도 통영시 광도면,중상사고,0,1,0,0,차대사람 - 횡단중,안전운전불이행,포장 - 건조,맑음,단일로 - 기타,승용,여,36세,상해없음,보행자,여,63세,중상
2453,2018121400100698,2018년 12월 14일 22시,금요일,경상남도 진주시 중안동,중상사고,0,1,0,0,차대사람 - 횡단중,안전운전불이행,포장 - 건조,맑음,교차로 - 교차로안,승용,남,62세,상해없음,보행자,여,38세,중상
2454,2018121500100099,2018년 12월 15일 05시,토요일,경상남도 창원시 마산합포구 신포동1가,중상사고,0,1,0,0,차대사람 - 횡단중,안전운전불이행,포장 - 건조,맑음,교차로 - 교차로안,승용,남,47세,상해없음,보행자,여,82세,중상
2455,2018121500100120,2018년 12월 15일 06시,토요일,경상남도 고성군 하이면,중상사고,0,1,0,0,차대사람 - 차도통행중,안전운전불이행,포장 - 건조,맑음,단일로 - 기타,승용,남,63세,상해없음,보행자,남,77세,중상
2456,2018121500100163,2018년 12월 15일 08시,토요일,경상남도 창원시 의창구 봉곡동,경상사고,0,0,1,0,차대사람 - 기타,안전운전불이행,포장 - 건조,맑음,단일로 - 기타,승용,남,38세,상해없음,보행자,여,72세,경상
2457,2018121500100261,2018년 12월 15일 11시,토요일,경상남도 사천시 축동면,중상사고,0,1,0,0,차대사람 - 길가장자리구역통행중,안전운전불이행,포장 - 건조,맑음,단일로 - 기타,화물,남,48세,상해없음,보행자,남,74세,중상
2458,2018121500100293,2018년 12월 15일 12시,토요일,경상남도 통영시 도산면,중상사고,0,1,0,0,차대사람 - 기타,안전운전불이행,포장 - 건조,맑음,단일로 - 기타,승합,남,55세,상해없음,보행자,여,71세,중상
2459,2018121500100338,2018년 12월 15일 13시,토요일,경상남도 창원시 마산합포구 자산동,중상사고,0,1,0,0,차대사람 - 횡단중,보행자보호의무위반,포장 - 건조,맑음,교차로 - 교차로횡단보도내,화물,남,76세,상해없음,보행자,남,33세,중상
2460,2018121500100492,2018년 12월 15일 17시,토요일,경상남도 김해시 외동,중상사고,0,1,0,0,차대사람 - 길가장자리구역통행중,안전운전불이행,포장 - 건조,맑음,단일로 - 기타,승용,남,74세,상해없음,보행자,남,72세,중상
2461,2018121500100540,2018년 12월 15일 18시,토요일,경상남도 통영시 미수동,중상사고,0,1,0,0,차대사람 - 횡단중,보행자보호의무위반,포장 - 건조,맑음,단일로 - 기타,승용,남,25세,상해없음,보행자,여,30세,중상