,사고번호,사고일시,요일,시군구,사고내용,사망자수,중상자수,경상자수,부상신고자수,사고유형,법규위반,노면상태,기상상태,도로형태,가해운전자 차종,가해운전자 성별,가해운전자 연령,가해운전자 상해정도,피해운전자 차종,피해운전자 성별,피해운전자 연령,피해운전자 상해정도
2684,2019011500100528,2019년 1월 15일 23시,화요일,경상남도 창원시 성산구 상남동,경상사고,0,0,1,0,차대사람 - 횡단중,안전운전불이행,포장 - 건조,맑음,교차로 - 교차로안,승용,남,44세,상해없음,보행자,남,32세,경상
2685,2019011600100026,2019년 1월 16일 00시,수요일,경상남도 진주시 신안동,경상사고,0,0,1,0,차대사람 - 기타,안전운전불이행,포장 - 건조,맑음,교차로 - 교차로부근,승용,남,37세,상해없음,보행자,남,21세,경상
2686,2019011600100065,2019년 1월 16일 05시,수요일,경상남도 거제시 장승포동,경상사고,0,0,1,0,차대사람 - 횡단중,보행자보호의무위반,포장 - 건조,맑음,단일로 - 기타,승합,남,58세,상해없음,보행자,남,64세,경상
2687,2019011600100382,2019년 1월 16일 17시,수요일,경상남도 김해시 내동,중상사고,0,1,0,0,차대사람 - 길가장자리구역통행중,안전운전불이행,포장 - 건조,맑음,단일로 - 기타,승용,여,44세,상해없음,보행자,여,74세,중상
2688,2019011600100474,2019년 1월 16일 19시,수요일,경상남도 창원시 의창구 동읍,사망사고,1,0,0,0,차대사람 - 기타,안전운전불이행,포장 - 건조,맑음,단일로 - 기타,승용,여,51세,기타불명,보행자,남,70세,사망
2689,2019011600100537,2019년 1월 16일 21시,수요일,경상남도 고성군 고성읍,부상신고사고,0,0,0,1,차대사람 - 차도통행중,안전운전불이행,포장 - 건조,맑음,단일로 - 기타,승용,남,28세,상해없음,보행자,남,50세,부상신고
2690,2019011700100034,2019년 1월 17일 00시,목요일,경상남도 창원시 성산구 중앙동,경상사고,0,0,1,0,차대사람 - 횡단중,보행자보호의무위반,포장 - 건조,맑음,교차로 - 교차로횡단보도내,승용,남,71세,상해없음,보행자,남,45세,경상
2691,2019011700100055,2019년 1월 17일 04시,목요일,경상남도 창원시 의창구 서상동,중상사고,0,1,0,0,차대사람 - 보도통행중,신호위반,포장 - 건조,맑음,교차로 - 교차로횡단보도내,원동기,남,26세,상해없음,보행자,여,62세,중상
2692,2019011700100097,2019년 1월 17일 07시,목요일,경상남도 고성군 상리면,사망사고,1,0,0,0,차대사람 - 보도통행중,신호위반,포장 - 건조,맑음,교차로 - 교차로횡단보도내,승용,여,30세,상해없음,보행자,여,75세,사망
2693,2019011700100126,2019년 1월 17일 08시,목요일,경상남도 진주시 정촌면,중상사고,0,1,0,0,차대사람 - 횡단중,보행자보호의무위반,포장 - 건조,맑음,교차로 - 교차로횡단보도내,승용,남,46세,상해없음,보행자,여,43세,중상
2694,2019011700100128,2019년 1월 17일 08시,목요일,경상남도 거제시 고현동,경상사고,0,0,1,0,차대사람 - 횡단중,안전운전불이행,포장 - 건조,맑음,단일로 - 기타,승용,여,32세,상해없음,보행자,남,67세,경상
2695,2019011700100325,2019년 1월 17일 15시,목요일,경상남도 통영시 무전동,중상사고,0,1,0,0,차대사람 - 횡단중,안전운전불이행,포장 - 건조,맑음,단일로 - 기타,이륜,남,29세,상해없음,보행자,여,71세,중상
2696,2019011700100448,2019년 1월 17일 18시,목요일,경상남도 창원시 마산합포구 창포동1가,경상사고,0,0,1,0,차대사람 - 횡단중,보행자보호의무위반,포장 - 건조,맑음,교차로 - 교차로횡단보도내,화물,남,40세,상해없음,보행자,여,49세,경상
2697,2019011700100450,2019년 1월 17일 18시,목요일,경상남도 사천시 용강동,중상사고,0,1,0,0,차대사람 - 횡단중,안전운전불이행,포장 - 건조,맑음,교차로 - 교차로안,승용,남,39세,상해없음,보행자,남,60세,중상
2698,2019011700100453,2019년 1월 17일 18시,목요일,경상남도 창원시 마산회원구 석전동,중상사고,0,1,0,0,차대사람 - 횡단중,보행자보호의무위반,포장 - 건조,맑음,교차로 - 교차로안,승용,남,49세,상해없음,보행자,여,65세,중상
2699,2019011700100541,2019년 1월 17일 21시,목요일,경상남도 창원시 의창구 용호동,중상사고,0,1,0,0,차대사람 - 횡단중,보행자보호의무위반,포장 - 건조,맑음,단일로 - 기타,승용,남,54세,상해없음,보행자,여,55세,중상
2700,2019011700100542,2019년 1월 17일 21시,목요일,경상남도 창원시 의창구 동읍,경상사고,0,0,1,0,차대사람 - 기타,안전운전불이행,포장 - 건조,맑음,단일로 - 기타,승용,남,67세,상해없음,보행자,남,54세,경상
2701,2019011700100572,2019년 1월 17일 22시,목요일,경상남도 창원시 성산구 상남동,경상사고,0,0,1,0,차대사람 - 횡단중,보행자보호의무위반,포장 - 건조,맑음,교차로 - 교차로안,승용,남,57세,상해없음,보행자,남,32세,경상
2702,2019011700100593,2019년 1월 17일 23시,목요일,경상남도 창원시 마산회원구 양덕동,중상사고,0,1,0,0,차대사람 - 차도통행중,안전운전불이행,포장 - 건조,기타,단일로 - 기타,승용,여,22세,상해없음,보행자,남,36세,중상
2703,2019011800100383,2019년 1월 18일 16시,금요일,경상남도 통영시 중앙동,경상사고,0,0,1,0,차대사람 - 횡단중,안전운전불이행,포장 - 건조,맑음,교차로 - 교차로횡단보도내,화물,남,38세,상해없음,보행자,여,75세,경상
2704,2019011800100535,2019년 1월 18일 19시,금요일,경상남도 밀양시 내이동,중상사고,0,1,0,0,차대사람 - 길가장자리구역통행중,안전운전불이행,포장 - 건조,흐림,교차로 - 교차로안,화물,남,41세,상해없음,보행자,남,50세,중상
2705,2019011800100642,2019년 1월 18일 23시,금요일,경상남도 창원시 마산회원구 합성동,중상사고,0,1,0,0,차대사람 - 기타,안전운전불이행,포장 - 건조,맑음,단일로 - 기타,원동기,남,36세,상해없음,보행자,여,53세,중상
2706,2019011900100077,2019년 1월 19일 04시,토요일,경상남도 창원시 진해구 충무동,중상사고,0,1,0,0,차대사람 - 기타,안전운전불이행,포장 - 건조,맑음,단일로 - 기타,승용,남,58세,상해없음,보행자,남,37세,중상
2707,2019011900100078,2019년 1월 19일 04시,토요일,경상남도 거제시 고현동,경상사고,0,0,1,0,차대사람 - 횡단중,교차로운행방법위반,포장 - 건조,맑음,교차로 - 교차로안,승용,여,39세,상해없음,보행자,남,24세,경상
2708,2019011900100114,2019년 1월 19일 07시,토요일,경상남도 창원시 성산구 상남동,중상사고,0,1,0,0,차대사람 - 횡단중,안전운전불이행,포장 - 건조,맑음,단일로 - 기타,승용,여,33세,상해없음,보행자,여,82세,중상
2709,2019011900100162,2019년 1월 19일 10시,토요일,경상남도 사천시 동금동,경상사고,0,0,1,0,차대사람 - 기타,안전운전불이행,포장 - 건조,맑음,교차로 - 교차로안,화물,남,52세,상해없음,보행자,여,61세,경상
2710,2019011900100414,2019년 1월 19일 19시,토요일,경상남도 창원시 마산합포구 서성동,경상사고,0,0,2,0,차대사람 - 기타,신호위반,포장 - 건조,흐림,단일로 - 기타,승용,남,64세,경상,보행자,여,65세,경상
2711,2019011900100512,2019년 1월 19일 23시,토요일,경상남도 창원시 진해구 석동,경상사고,0,0,2,0,차대사람 - 기타,교차로운행방법위반,포장 - 건조,맑음,단일로 - 기타,승용,남,22세,상해없음,보행자,남,53세,경상
2712,2019011900100513,2019년 1월 19일 23시,토요일,경상남도 창원시 성산구 상남동,경상사고,0,0,1,0,차대사람 - 차도통행중,안전운전불이행,포장 - 젖음/습기,비,단일로 - 기타,승용,남,22세,상해없음,보행자,남,19세,경상
2713,2019012000100089,2019년 1월 20일 04시,일요일,경상남도 통영시 도천동,중상사고,0,1,0,0,차대사람 - 횡단중,안전운전불이행,포장 - 건조,맑음,단일로 - 기타,승용,남,71세,상해없음,보행자,남,83세,중상
2714,2019012000100194,2019년 1월 20일 12시,일요일,경상남도 김해시 어방동,부상신고사고,0,0,0,1,차대사람 - 횡단중,안전운전불이행,포장 - 건조,맑음,단일로 - 기타,승용,남,60세,상해없음,보행자,남,39세,부상신고
2715,2019012000100312,2019년 1월 20일 17시,일요일,경상남도 밀양시 내이동,경상사고,0,0,1,0,차대사람 - 횡단중,안전운전불이행,포장 - 건조,맑음,교차로 - 교차로부근,승용,여,31세,상해없음,보행자,여,79세,경상
2716,2019012000100462,2019년 1월 20일 23시,일요일,경상남도 김해시 진영읍,경상사고,0,0,2,0,차대사람 - 기타,안전운전불이행,포장 - 건조,맑음,단일로 - 기타,승용,남,24세,상해없음,보행자,여,43세,경상
2717,2019012100100069,2019년 1월 21일 06시,월요일,경상남도 거제시 고현동,중상사고,0,1,0,0,차대사람 - 횡단중,보행자보호의무위반,포장 - 건조,맑음,교차로 - 교차로횡단보도내,이륜,남,47세,상해없음,보행자,여,68세,중상
2718,2019012100100206,2019년 1월 21일 11시,월요일,경상남도 양산시 덕계동,중상사고,0,1,0,0,차대사람 - 횡단중,안전운전불이행,포장 - 건조,맑음,교차로 - 교차로부근,승용,여,39세,상해없음,보행자,여,56세,중상
2719,2019012100100468,2019년 1월 21일 19시,월요일,경상남도 함안군 가야읍,중상사고,0,1,0,0,차대사람 - 횡단중,안전운전불이행,포장 - 건조,맑음,교차로 - 교차로안,이륜,남,28세,상해없음,보행자,여,74세,중상
2720,2019012100100494,2019년 1월 21일 20시,월요일,경상남도 김해시 진영읍,경상사고,0,0,1,0,차대사람 - 횡단중,안전운전불이행,포장 - 건조,맑음,교차로 - 교차로안,승용,남,57세,상해없음,보행자,여,34세,경상
2721,2019012100100546,2019년 1월 21일 22시,월요일,경상남도 창원시 진해구 속천동,경상사고,0,0,1,0,차대사람 - 차도통행중,안전운전불이행,포장 - 건조,맑음,단일로 - 기타,승용,남,52세,상해없음,보행자,남,57세,경상
2722,2019012100100567,2019년 1월 21일 23시,월요일,경상남도 사천시 사천읍,중상사고,0,1,0,0,차대사람 - 기타,안전운전불이행,포장 - 건조,맑음,단일로 - 기타,승용,여,52세,상해없음,보행자,남,55세,중상
2723,2019012200100105,2019년 1월 22일 06시,화요일,경상남도 거제시 고현동,경상사고,0,0,1,0,차대사람 - 기타,교차로운행방법위반,포장 - 건조,맑음,교차로 - 교차로안,승용,남,61세,상해없음,보행자,남,51세,경상
2724,2019012200100136,2019년 1월 22일 07시,화요일,경상남도 김해시 내동,경상사고,0,0,1,0,차대사람 - 횡단중,신호위반,포장 - 건조,맑음,교차로 - 교차로횡단보도내,이륜,남,53세,상해없음,보행자,여,58세,경상
2725,2019012200100289,2019년 1월 22일 12시,화요일,경상남도 거제시 연초면,중상사고,0,1,0,0,차대사람 - 기타,안전운전불이행,포장 - 건조,맑음,단일로 - 기타,이륜,남,49세,상해없음,보행자,여,49세,중상
2726,2019012200100313,2019년 1월 22일 13시,화요일,경상남도 사천시 벌리동,경상사고,0,0,1,0,차대사람 - 횡단중,안전운전불이행,포장 - 건조,맑음,단일로 - 기타,자전거,여,70세,상해없음,보행자,여,69세,경상
2727,2019012200100315,2019년 1월 22일 13시,화요일,경상남도 창원시 의창구 동읍,중상사고,0,1,0,0,차대사람 - 기타,안전운전불이행,포장 - 건조,맑음,기타 - 기타,승용,남,56세,상해없음,보행자,여,61세,중상
2728,2019012200100560,2019년 1월 22일 21시,화요일,경상남도 창원시 마산회원구 석전동,경상사고,0,0,1,0,차대사람 - 횡단중,신호위반,포장 - 건조,맑음,교차로 - 교차로부근,승용,남,71세,상해없음,보행자,남,29세,경상
2729,2019012200100583,2019년 1월 22일 22시,화요일,경상남도 양산시 북정동,중상사고,0,1,0,0,차대사람 - 횡단중,보행자보호의무위반,포장 - 건조,맑음,교차로 - 교차로안,승용,남,25세,상해없음,보행자,여,19세,중상
2730,2019012300100063,2019년 1월 23일 04시,수요일,경상남도 통영시 중앙동,경상사고,0,0,1,0,차대사람 - 기타,안전운전불이행,포장 - 건조,맑음,단일로 - 기타,승용,남,57세,상해없음,보행자,여,79세,경상
2731,2019012300100081,2019년 1월 23일 06시,수요일,경상남도 창원시 마산회원구 두척동,중상사고,0,1,0,0,차대사람 - 횡단중,안전운전불이행,포장 - 건조,맑음,단일로 - 기타,화물,남,67세,상해없음,보행자,남,52세,중상
2732,2019012300100208,2019년 1월 23일 10시,수요일,경상남도 밀양시 삼랑진읍,중상사고,0,1,0,0,차대사람 - 횡단중,안전운전불이행,포장 - 건조,맑음,단일로 - 기타,승합,남,71세,상해없음,보행자,여,81세,중상
2733,2019012300100286,2019년 1월 23일 13시,수요일,경상남도 김해시 부원동,경상사고,0,0,1,0,차대사람 - 기타,안전운전불이행,포장 - 건조,맑음,교차로 - 교차로안,승용,여,54세,기타불명,보행자,여,60세,경상
2734,2019012300100339,2019년 1월 23일 15시,수요일,경상남도 양산시 남부동,사망사고,1,0,0,0,차대사람 - 횡단중,보행자보호의무위반,포장 - 건조,맑음,단일로 - 기타,승용,여,39세,기타불명,보행자,여,79세,사망
2735,2019012300100340,2019년 1월 23일 15시,수요일,경상남도 창원시 마산회원구 석전동,중상사고,0,1,0,0,차대사람 - 차도통행중,안전운전불이행,포장 - 건조,맑음,단일로 - 기타,승합,남,46세,상해없음,보행자,여,75세,중상
2736,2019012300100365,2019년 1월 23일 16시,수요일,경상남도 진주시 상평동,경상사고,0,0,1,0,차대사람 - 기타,안전운전불이행,포장 - 건조,맑음,단일로 - 기타,승용,남,66세,상해없음,보행자,여,36세,경상
2737,2019012300100528,2019년 1월 23일 21시,수요일,경상남도 창원시 마산합포구 산호동,경상사고,0,0,2,0,차대사람 - 기타,안전운전불이행,포장 - 건조,맑음,기타 - 기타,승용,남,55세,상해없음,보행자,남,56세,경상
2738,2019012300100529,2019년 1월 23일 21시,수요일,경상남도 창원시 의창구 도계동,경상사고,0,0,1,0,차대사람 - 길가장자리구역통행중,안전운전불이행,포장 - 건조,맑음,단일로 - 기타,승용,남,48세,기타불명,보행자,남,39세,경상
2739,2019012400100080,2019년 1월 24일 06시,목요일,경상남도 창원시 마산합포구 서성동,중상사고,0,1,0,0,차대사람 - 차도통행중,안전운전불이행,포장 - 건조,맑음,단일로 - 기타,승용,남,82세,상해없음,보행자,여,78세,중상
2740,2019012400100081,2019년 1월 24일 06시,목요일,경상남도 통영시 미수동,경상사고,0,0,1,0,차대사람 - 기타,안전운전불이행,포장 - 건조,맑음,교차로 - 교차로부근,화물,남,30세,기타불명,보행자,남,58세,경상
2741,2019012400100082,2019년 1월 24일 06시,목요일,경상남도 밀양시 삼문동,부상신고사고,0,0,0,1,차대사람 - 횡단중,안전운전불이행,포장 - 건조,맑음,교차로 - 교차로부근,승용,남,57세,상해없음,보행자,여,56세,부상신고
2742,2019012400100083,2019년 1월 24일 06시,목요일,경상남도 양산시 소주동,중상사고,0,1,0,0,차대사람 - 기타,기타,포장 - 건조,맑음,단일로 - 기타,승합,남,31세,상해없음,보행자,남,68세,중상
2743,2019012400100134,2019년 1월 24일 08시,목요일,경상남도 거제시 장목면,중상사고,0,1,0,0,차대사람 - 기타,기타,포장 - 건조,맑음,단일로 - 기타,승합,남,55세,상해없음,보행자,여,66세,중상
2744,2019012400100310,2019년 1월 24일 14시,목요일,경상남도 거제시 옥포동,중상사고,0,1,0,0,차대사람 - 기타,안전운전불이행,포장 - 건조,맑음,교차로 - 교차로부근,이륜,남,48세,상해없음,보행자,여,60세,중상
2745,2019012400100448,2019년 1월 24일 18시,목요일,경상남도 창원시 의창구 봉곡동,경상사고,0,0,2,0,차대사람 - 횡단중,신호위반,포장 - 건조,맑음,교차로 - 교차로횡단보도내,이륜,남,18세,상해없음,보행자,남,9세,경상
2746,2019012500100046,2019년 1월 25일 01시,금요일,경상남도 김해시 무계동,중상사고,0,1,0,0,차대사람 - 보도통행중,보행자보호의무위반,포장 - 건조,맑음,교차로 - 교차로부근,이륜,남,18세,상해없음,보행자,남,47세,중상
2747,2019012500100068,2019년 1월 25일 04시,금요일,경상남도 창원시 성산구 신촌동,중상사고,0,1,0,0,차대사람 - 차도통행중,중앙선침범,포장 - 건조,맑음,단일로 - 기타,승용,남,52세,상해없음,보행자,남,58세,중상
2748,2019012500100228,2019년 1월 25일 12시,금요일,경상남도 양산시 물금읍,경상사고,0,0,1,0,차대사람 - 기타,안전운전불이행,포장 - 건조,맑음,단일로 - 기타,승용,여,54세,상해없음,보행자,남,29세,경상
2749,2019012500100229,2019년 1월 25일 12시,금요일,경상남도 창원시 의창구 팔용동,경상사고,0,0,1,0,차대사람 - 횡단중,안전운전불이행,포장 - 건조,맑음,교차로 - 교차로안,승합,여,39세,상해없음,보행자,여,24세,경상
2750,2019012500100466,2019년 1월 25일 18시,금요일,경상남도 합천군 율곡면,중상사고,0,1,0,0,차대사람 - 횡단중,보행자보호의무위반,포장 - 건조,맑음,교차로 - 교차로안,승용,남,63세,상해없음,보행자,남,24세,중상
2751,2019012500100468,2019년 1월 25일 18시,금요일,경상남도 함안군 산인면,사망사고,1,0,0,0,차대사람 - 기타,안전운전불이행,포장 - 건조,맑음,단일로 - 교량,승용,남,33세,상해없음,보행자,남,70세,사망
2752,2019012500100600,2019년 1월 25일 22시,금요일,경상남도 창원시 의창구 용호동,중상사고,0,1,0,0,차대사람 - 횡단중,보행자보호의무위반,포장 - 건조,맑음,단일로 - 기타,승용,남,48세,상해없음,보행자,남,27세,중상
2753,2019012600100035,2019년 1월 26일 00시,토요일,경상남도 창원시 성산구 상남동,경상사고,0,0,1,0,차대사람 - 차도통행중,안전운전불이행,포장 - 건조,맑음,기타 - 기타,승용,남,29세,기타불명,보행자,남,29세,경상
2754,2019012600100373,2019년 1월 26일 16시,토요일,경상남도 김해시 삼방동,중상사고,0,1,0,0,차대사람 - 길가장자리구역통행중,신호위반,포장 - 건조,맑음,교차로 - 교차로안,승용,남,58세,상해없음,보행자,여,86세,중상
2755,2019012600100410,2019년 1월 26일 17시,토요일,경상남도 진주시 칠암동,경상사고,0,0,1,0,차대사람 - 횡단중,안전운전불이행,포장 - 건조,맑음,교차로 - 교차로부근,승용,남,29세,상해없음,보행자,남,48세,경상
2756,2019012600100445,2019년 1월 26일 18시,토요일,경상남도 창원시 진해구 남양동,중상사고,0,1,0,0,차대사람 - 횡단중,보행자보호의무위반,포장 - 건조,맑음,교차로 - 교차로횡단보도내,승용,여,46세,상해없음,보행자,남,59세,중상
2757,2019012600100484,2019년 1월 26일 19시,토요일,경상남도 창원시 마산회원구 회원동,중상사고,0,1,0,0,차대사람 - 기타,안전운전불이행,포장 - 건조,맑음,주차장 - 주차장,화물,남,55세,상해없음,보행자,여,63세,중상
2758,2019012600100485,2019년 1월 26일 19시,토요일,경상남도 김해시 대청동,중상사고,0,1,0,0,차대사람 - 기타,안전운전불이행,포장 - 건조,맑음,단일로 - 기타,승용,남,58세,상해없음,보행자,남,52세,중상
2759,2019012600100544,2019년 1월 26일 21시,토요일,경상남도 창원시 진해구 대흥동,경상사고,0,0,2,0,차대사람 - 기타,안전운전불이행,포장 - 건조,맑음,교차로 - 교차로안,승용,남,77세,상해없음,보행자,남,25세,경상
2760,2019012600100547,2019년 1월 26일 21시,토요일,경상남도 의령군 의령읍,경상사고,0,0,1,0,차대사람 - 길가장자리구역통행중,안전거리미확보,포장 - 건조,맑음,단일로 - 기타,기타불명,기타불명,미분류,기타불명,보행자,남,44세,경상
2761,2019012700100027,2019년 1월 27일 00시,일요일,경상남도 통영시 북신동,중상사고,0,1,0,0,차대사람 - 횡단중,안전운전불이행,포장 - 건조,기타,교차로 - 교차로안,승용,남,47세,상해없음,보행자,여,54세,중상
2762,2019012700100101,2019년 1월 27일 09시,일요일,경상남도 거제시 옥포동,경상사고,0,0,1,0,차대사람 - 기타,보행자보호의무위반,포장 - 건조,맑음,교차로 - 교차로안,승용,남,52세,상해없음,보행자,여,43세,경상
2763,2019012700100159,2019년 1월 27일 12시,일요일,경상남도 김해시 진영읍,중상사고,0,1,0,0,차대사람 - 횡단중,안전운전불이행,포장 - 건조,맑음,단일로 - 기타,승합,남,61세,상해없음,보행자,여,87세,중상
2764,2019012700100339,2019년 1월 27일 19시,일요일,경상남도 김해시 내동,경상사고,0,0,1,0,차대사람 - 횡단중,보행자보호의무위반,포장 - 건조,맑음,교차로 - 교차로횡단보도내,승용,남,60세,상해없음,보행자,여,66세,경상
2765,2019012700100341,2019년 1월 27일 19시,일요일,경상남도 창원시 마산회원구 양덕동,중상사고,0,1,0,0,차대사람 - 차도통행중,안전운전불이행,포장 - 건조,맑음,단일로 - 기타,승용,남,59세,상해없음,보행자,남,64세,중상
2766,2019012700100360,2019년 1월 27일 20시,일요일,경상남도 거제시 능포동,경상사고,0,0,2,0,차대사람 - 기타,안전운전불이행,포장 - 건조,맑음,단일로 - 기타,이륜,남,25세,경상,보행자,여,55세,경상
2767,2019012700100379,2019년 1월 27일 21시,일요일,경상남도 김해시 삼계동,중상사고,0,1,0,0,차대사람 - 횡단중,보행자보호의무위반,포장 - 건조,맑음,교차로 - 교차로횡단보도내,승용,여,55세,상해없음,보행자,남,25세,중상
2768,2019012800100059,2019년 1월 28일 05시,월요일,경상남도 김해시 구산동,중상사고,0,1,0,0,차대사람 - 횡단중,보행자보호의무위반,포장 - 건조,맑음,교차로 - 교차로횡단보도내,화물,여,46세,상해없음,보행자,여,43세,중상
2769,2019012800100089,2019년 1월 28일 06시,월요일,경상남도 김해시 삼정동,중상사고,0,1,0,0,차대사람 - 횡단중,보행자보호의무위반,포장 - 건조,맑음,교차로 - 교차로횡단보도내,승용,남,68세,상해없음,보행자,여,58세,중상
2770,2019012800100177,2019년 1월 28일 08시,월요일,경상남도 통영시 북신동,중상사고,0,1,0,0,차대사람 - 기타,보행자보호의무위반,포장 - 건조,맑음,교차로 - 교차로횡단보도내,화물,남,60세,상해없음,보행자,남,8세,중상
2771,2019012800100213,2019년 1월 28일 09시,월요일,경상남도 진주시 가좌동,부상신고사고,0,0,0,1,차대사람 - 기타,안전운전불이행,포장 - 건조,맑음,단일로 - 기타,기타불명,기타불명,미분류,기타불명,보행자,남,27세,부상신고
2772,2019012800100262,2019년 1월 28일 10시,월요일,경상남도 창녕군 창녕읍,경상사고,0,0,1,0,차대사람 - 기타,안전운전불이행,포장 - 건조,맑음,기타 - 기타,화물,남,70세,상해없음,보행자,여,67세,경상
2773,2019012800100336,2019년 1월 28일 12시,월요일,경상남도 김해시 삼계동,경상사고,0,0,1,0,차대사람 - 횡단중,안전운전불이행,포장 - 건조,맑음,교차로 - 교차로횡단보도내,승용,남,29세,상해없음,보행자,여,36세,경상
2774,2019012800100337,2019년 1월 28일 12시,월요일,경상남도 함양군 안의면,경상사고,0,0,1,0,차대사람 - 차도통행중,안전운전불이행,포장 - 건조,맑음,단일로 - 기타,승용,남,44세,상해없음,보행자,남,73세,경상
2775,2019012800100361,2019년 1월 28일 13시,월요일,경상남도 창원시 마산합포구 신포동2가,중상사고,0,1,0,0,차대사람 - 횡단중,보행자보호의무위반,포장 - 건조,맑음,교차로 - 교차로부근,승용,남,83세,상해없음,보행자,남,65세,중상
2776,2019012800100404,2019년 1월 28일 14시,월요일,경상남도 창원시 성산구 남양동,경상사고,0,0,1,0,차대사람 - 횡단중,보행자보호의무위반,포장 - 건조,맑음,교차로 - 교차로안,승용,남,60세,상해없음,보행자,여,57세,경상
2777,2019012800100405,2019년 1월 28일 14시,월요일,경상남도 창원시 의창구 팔용동,경상사고,0,0,1,0,차대사람 - 차도통행중,안전운전불이행,포장 - 건조,맑음,교차로 - 교차로안,승용,여,28세,상해없음,보행자,여,15세,경상
2778,2019012800100511,2019년 1월 28일 17시,월요일,경상남도 창원시 마산회원구 회원동,사망사고,1,0,0,0,차대사람 - 보도통행중,기타,포장 - 건조,맑음,단일로 - 기타,건설기계,남,46세,상해없음,보행자,남,69세,사망
2779,2019012800100548,2019년 1월 28일 18시,월요일,경상남도 양산시 동면,사망사고,1,0,0,0,차대사람 - 횡단중,안전운전불이행,포장 - 건조,맑음,단일로 - 기타,승용,남,48세,상해없음,보행자,여,78세,사망
2780,2019012800100549,2019년 1월 28일 18시,월요일,경상남도 양산시 삼호동,중상사고,0,2,0,0,차대사람 - 횡단중,신호위반,포장 - 건조,맑음,교차로 - 교차로횡단보도내,승용,여,51세,상해없음,보행자,여,18세,중상
2781,2019012800100585,2019년 1월 28일 19시,월요일,경상남도 창원시 진해구 석동,경상사고,0,0,1,0,차대사람 - 기타,안전운전불이행,포장 - 건조,맑음,단일로 - 기타,기타불명,기타불명,미분류,기타불명,보행자,남,16세,경상
2782,2019012800100586,2019년 1월 28일 19시,월요일,경상남도 거제시 상동동,경상사고,0,0,1,0,차대사람 - 횡단중,안전운전불이행,포장 - 건조,맑음,교차로 - 교차로부근,승용,여,39세,상해없음,보행자,여,7세,경상
2783,2019012800100588,2019년 1월 28일 19시,월요일,경상남도 창원시 마산합포구 산호동,부상신고사고,0,0,0,1,차대사람 - 기타,안전운전불이행,포장 - 건조,맑음,단일로 - 기타,승합,남,58세,상해없음,보행자,여,63세,부상신고
2784,2019012900100055,2019년 1월 29일 05시,화요일,경상남도 김해시 서상동,부상신고사고,0,0,0,1,차대사람 - 기타,안전운전불이행,포장 - 건조,맑음,단일로 - 기타,화물,남,36세,상해없음,보행자,여,82세,부상신고
2785,2019012900100125,2019년 1월 29일 08시,화요일,경상남도 사천시 선구동,중상사고,0,1,0,0,차대사람 - 횡단중,보행자보호의무위반,포장 - 건조,맑음,단일로 - 기타,승용,남,59세,상해없음,보행자,남,81세,중상
2786,2019012900100169,2019년 1월 29일 10시,화요일,경상남도 통영시 광도면,중상사고,0,1,0,0,차대사람 - 횡단중,보행자보호의무위반,포장 - 건조,맑음,교차로 - 교차로횡단보도내,화물,남,73세,상해없음,보행자,여,46세,중상
2787,2019012900100187,2019년 1월 29일 11시,화요일,경상남도 창원시 마산회원구 양덕동,경상사고,0,0,1,0,차대사람 - 차도통행중,안전운전불이행,포장 - 건조,맑음,단일로 - 기타,승용,남,61세,상해없음,보행자,남,8세,경상
2788,2019012900100261,2019년 1월 29일 14시,화요일,경상남도 창원시 진해구 태평동,경상사고,0,0,1,0,차대사람 - 횡단중,보행자보호의무위반,포장 - 건조,맑음,교차로 - 교차로안,화물,남,39세,상해없음,보행자,여,12세,경상
2789,2019012900100367,2019년 1월 29일 16시,화요일,경상남도 통영시 무전동,경상사고,0,0,1,0,차대사람 - 횡단중,보행자보호의무위반,포장 - 건조,맑음,교차로 - 교차로횡단보도내,승용,여,58세,상해없음,보행자,여,61세,경상
2790,2019012900100370,2019년 1월 29일 16시,화요일,경상남도 밀양시 내일동,부상신고사고,0,0,0,1,차대사람 - 기타,안전운전불이행,포장 - 건조,맑음,단일로 - 기타,승용,남,62세,상해없음,보행자,남,57세,부상신고
2791,2019012900100461,2019년 1월 29일 18시,화요일,경상남도 진주시 칠암동,중상사고,0,1,0,0,차대사람 - 횡단중,보행자보호의무위반,포장 - 건조,맑음,단일로 - 기타,승용,남,35세,상해없음,보행자,남,44세,중상
2792,2019012900100464,2019년 1월 29일 18시,화요일,경상남도 거창군 거창읍,중상사고,0,1,0,0,차대사람 - 횡단중,안전운전불이행,포장 - 건조,맑음,교차로 - 교차로안,승용,남,73세,상해없음,보행자,여,47세,중상
2793,2019012900100465,2019년 1월 29일 18시,화요일,경상남도 양산시 물금읍,중상사고,0,1,0,0,차대사람 - 횡단중,신호위반,포장 - 건조,맑음,단일로 - 기타,승용,남,18세,상해없음,보행자,남,12세,중상
2794,2019012900100507,2019년 1월 29일 19시,화요일,경상남도 진주시 상봉동,중상사고,0,1,0,0,차대사람 - 횡단중,안전운전불이행,포장 - 건조,맑음,교차로 - 교차로안,승용,여,40세,상해없음,보행자,남,51세,중상