,사고번호,사고일시,요일,시군구,사고내용,사망자수,중상자수,경상자수,부상신고자수,사고유형,법규위반,노면상태,기상상태,도로형태,가해운전자 차종,가해운전자 성별,가해운전자 연령,가해운전자 상해정도,피해운전자 차종,피해운전자 성별,피해운전자 연령,피해운전자 상해정도
3575,2019051400100308,2019년 5월 14일 13시,화요일,경상남도 김해시 삼계동,중상사고,0,1,0,0,차대사람 - 차도통행중,안전운전불이행,포장 - 건조,맑음,교차로 - 교차로안,승용,남,27세,상해없음,보행자,여,34세,중상
3576,2019051400100342,2019년 5월 14일 14시,화요일,경상남도 김해시 내동,경상사고,0,0,1,0,차대사람 - 보도통행중,안전운전불이행,포장 - 건조,맑음,교차로 - 교차로횡단보도내,이륜,남,79세,상해없음,보행자,여,8세,경상
3577,2019051400100345,2019년 5월 14일 14시,화요일,경상남도 김해시 진영읍,경상사고,0,0,1,0,차대사람 - 횡단중,안전운전불이행,포장 - 건조,맑음,단일로 - 기타,화물,남,50세,상해없음,보행자,여,60세,경상
3578,2019051400100568,2019년 5월 14일 19시,화요일,경상남도 양산시 삼호동,중상사고,0,1,0,0,차대사람 - 횡단중,안전운전불이행,포장 - 건조,맑음,교차로 - 교차로횡단보도내,승용,여,26세,상해없음,보행자,남,55세,중상
3579,2019051400100641,2019년 5월 14일 21시,화요일,경상남도 진주시 칠암동,경상사고,0,0,1,0,차대사람 - 횡단중,안전운전불이행,포장 - 건조,맑음,단일로 - 기타,승용,남,55세,상해없음,보행자,여,22세,경상
3580,2019051500100046,2019년 5월 15일 00시,수요일,경상남도 창원시 마산합포구 동성동,부상신고사고,0,0,0,1,차대사람 - 차도통행중,안전운전불이행,포장 - 건조,맑음,교차로 - 교차로안,승용,남,60세,상해없음,보행자,여,48세,부상신고
3581,2019051500100233,2019년 5월 15일 10시,수요일,경상남도 함안군 산인면,경상사고,0,0,1,0,차대사람 - 횡단중,안전운전불이행,포장 - 건조,맑음,기타 - 기타,화물,남,46세,상해없음,보행자,남,63세,경상
3582,2019051500100303,2019년 5월 15일 12시,수요일,경상남도 진주시 옥봉동,경상사고,0,0,1,0,차대사람 - 횡단중,안전운전불이행,포장 - 건조,맑음,단일로 - 기타,승용,여,26세,상해없음,보행자,여,90세 이상,경상
3583,2019051500100352,2019년 5월 15일 13시,수요일,경상남도 진주시 상대동,중상사고,0,1,1,0,차대사람 - 횡단중,안전운전불이행,포장 - 건조,맑음,단일로 - 기타,이륜,남,34세,경상,보행자,여,51세,중상
3584,2019051500100464,2019년 5월 15일 16시,수요일,경상남도 사천시 선구동,중상사고,0,1,0,0,차대사람 - 횡단중,보행자보호의무위반,포장 - 건조,맑음,단일로 - 기타,화물,남,75세,상해없음,보행자,남,7세,중상
3585,2019051500100465,2019년 5월 15일 16시,수요일,경상남도 김해시 내동,경상사고,0,0,1,0,차대사람 - 횡단중,보행자보호의무위반,포장 - 건조,맑음,교차로 - 교차로횡단보도내,승용,남,43세,상해없음,보행자,남,60세,경상
3586,2019051500100508,2019년 5월 15일 17시,수요일,경상남도 창녕군 창녕읍,경상사고,0,0,1,0,차대사람 - 기타,안전운전불이행,포장 - 건조,맑음,단일로 - 기타,승용,남,68세,상해없음,보행자,남,28세,경상
3587,2019051500100597,2019년 5월 15일 19시,수요일,경상남도 창원시 성산구 반지동,경상사고,0,0,1,0,차대사람 - 기타,안전운전불이행,포장 - 건조,맑음,교차로 - 교차로안,승용,남,53세,상해없음,보행자,여,48세,경상
3588,2019051500100639,2019년 5월 15일 20시,수요일,경상남도 합천군 대양면,중상사고,0,1,0,0,차대사람 - 길가장자리구역통행중,안전운전불이행,포장 - 건조,맑음,단일로 - 기타,화물,남,23세,상해없음,보행자,남,59세,중상
3589,2019051600100109,2019년 5월 16일 06시,목요일,경상남도 진주시 상대동,중상사고,0,1,0,0,차대사람 - 횡단중,안전운전불이행,포장 - 건조,맑음,단일로 - 기타,화물,남,63세,상해없음,보행자,남,53세,중상
3590,2019051600100130,2019년 5월 16일 07시,목요일,경상남도 양산시 중부동,중상사고,0,1,0,0,차대사람 - 횡단중,신호위반,포장 - 건조,맑음,교차로 - 교차로안,승용,여,46세,상해없음,보행자,여,19세,중상
3591,2019051600100131,2019년 5월 16일 07시,목요일,경상남도 양산시 물금읍,경상사고,0,0,1,0,차대사람 - 횡단중,보행자보호의무위반,포장 - 건조,맑음,단일로 - 기타,승용,남,76세,상해없음,보행자,여,29세,경상
3592,2019051600100181,2019년 5월 16일 08시,목요일,경상남도 김해시 구산동,부상신고사고,0,0,0,1,차대사람 - 길가장자리구역통행중,안전운전불이행,포장 - 건조,맑음,단일로 - 기타,승용,남,44세,상해없음,보행자,남,56세,부상신고
3593,2019051600100312,2019년 5월 16일 11시,목요일,경상남도 김해시 부곡동,중상사고,0,1,0,0,차대사람 - 기타,중앙선침범,포장 - 건조,맑음,교차로 - 교차로안,승용,여,64세,상해없음,보행자,여,62세,중상
3594,2019051600100369,2019년 5월 16일 13시,목요일,경상남도 창원시 의창구 대산면,중상사고,0,1,0,0,차대사람 - 기타,안전운전불이행,포장 - 건조,맑음,단일로 - 기타,화물,남,38세,상해없음,보행자,여,89세,중상
3595,2019051600100398,2019년 5월 16일 14시,목요일,경상남도 밀양시 삼문동,경상사고,0,0,1,0,차대사람 - 횡단중,보행자보호의무위반,포장 - 건조,맑음,단일로 - 기타,승용,여,56세,상해없음,보행자,남,28세,경상
3596,2019051600100468,2019년 5월 16일 16시,목요일,경상남도 김해시 삼정동,중상사고,0,1,0,0,차대사람 - 횡단중,보행자보호의무위반,포장 - 건조,맑음,단일로 - 기타,승용,여,50세,상해없음,보행자,남,53세,중상
3597,2019051600100470,2019년 5월 16일 16시,목요일,경상남도 창원시 마산회원구 내서읍,경상사고,0,0,1,0,차대사람 - 횡단중,보행자보호의무위반,포장 - 건조,맑음,교차로 - 교차로횡단보도내,승용,여,67세,상해없음,보행자,남,64세,경상
3598,2019051600100531,2019년 5월 16일 17시,목요일,경상남도 창원시 의창구 도계동,경상사고,0,0,2,0,차대사람 - 기타,안전운전불이행,포장 - 건조,맑음,단일로 - 기타,기타불명,여,78세,상해없음,보행자,여,50세,경상
3599,2019051600100622,2019년 5월 16일 19시,목요일,경상남도 고성군 하이면,경상사고,0,0,1,0,차대사람 - 기타,안전운전불이행,포장 - 건조,맑음,단일로 - 기타,승용,남,27세,상해없음,보행자,남,49세,경상
3600,2019051600100704,2019년 5월 16일 22시,목요일,경상남도 창원시 마산합포구 수성동,경상사고,0,0,1,0,차대사람 - 기타,안전운전불이행,포장 - 건조,맑음,단일로 - 기타,원동기,남,36세,상해없음,보행자,남,52세,경상
3601,2019051700100039,2019년 5월 17일 01시,금요일,경상남도 통영시 정량동,중상사고,0,1,0,0,차대사람 - 횡단중,보행자보호의무위반,포장 - 건조,맑음,교차로 - 교차로횡단보도내,승용,남,31세,상해없음,보행자,여,79세,중상
3602,2019051700100117,2019년 5월 17일 07시,금요일,경상남도 김해시 진영읍,중상사고,0,1,0,0,차대사람 - 차도통행중,안전운전불이행,포장 - 건조,맑음,교차로 - 교차로안,승용,여,37세,상해없음,보행자,여,66세,중상
3603,2019051700100282,2019년 5월 17일 12시,금요일,경상남도 김해시 부원동,중상사고,0,1,0,0,차대사람 - 길가장자리구역통행중,안전운전불이행,포장 - 건조,맑음,단일로 - 기타,승용,여,56세,상해없음,보행자,여,52세,중상
3604,2019051700100483,2019년 5월 17일 17시,금요일,경상남도 고성군 고성읍,경상사고,0,0,1,0,차대사람 - 차도통행중,기타,포장 - 건조,맑음,교차로 - 교차로부근,승용,여,38세,상해없음,보행자,여,10세,경상
3605,2019051700100528,2019년 5월 17일 18시,금요일,경상남도 함안군 칠원읍,중상사고,0,1,0,0,차대사람 - 횡단중,안전운전불이행,포장 - 건조,맑음,교차로 - 교차로부근,화물,남,59세,상해없음,보행자,남,6세,중상
3606,2019051700100578,2019년 5월 17일 19시,금요일,경상남도 김해시 외동,경상사고,0,0,1,0,차대사람 - 횡단중,안전운전불이행,포장 - 건조,맑음,단일로 - 기타,승용,남,57세,상해없음,보행자,남,15세,경상
3607,2019051700100659,2019년 5월 17일 21시,금요일,경상남도 창원시 진해구 용원동,경상사고,0,0,1,0,차대사람 - 기타,안전운전불이행,포장 - 건조,맑음,주차장 - 주차장,승용,남,41세,상해없음,보행자,남,19세,경상
3608,2019051800100043,2019년 5월 18일 00시,토요일,경상남도 창원시 마산회원구 구암동,경상사고,0,0,1,0,차대사람 - 차도통행중,신호위반,포장 - 젖음/습기,비,교차로 - 교차로안,승용,남,57세,상해없음,보행자,남,28세,경상
3609,2019051800100477,2019년 5월 18일 16시,토요일,경상남도 진주시 문산읍,중상사고,0,1,0,0,차대사람 - 기타,안전운전불이행,포장 - 젖음/습기,비,단일로 - 기타,승합,남,56세,상해없음,보행자,여,12세,중상
3610,2019051800100616,2019년 5월 18일 20시,토요일,경상남도 창원시 진해구 석동,경상사고,0,0,1,0,차대사람 - 기타,안전운전불이행,포장 - 건조,맑음,단일로 - 기타,승합,남,32세,상해없음,보행자,남,37세,경상
3611,2019051800100639,2019년 5월 18일 21시,토요일,경상남도 통영시 광도면,경상사고,0,0,1,0,차대사람 - 차도통행중,안전운전불이행,포장 - 건조,맑음,단일로 - 기타,승용,남,29세,상해없음,보행자,남,57세,경상
3612,2019051800100640,2019년 5월 18일 21시,토요일,경상남도 의령군 의령읍,경상사고,0,0,1,0,차대사람 - 횡단중,보행자보호의무위반,포장 - 젖음/습기,비,교차로 - 교차로횡단보도내,승용,여,36세,상해없음,보행자,남,42세,경상
3613,2019051900100037,2019년 5월 19일 00시,일요일,경상남도 창원시 진해구 석동,경상사고,0,0,1,0,차대사람 - 기타,보행자보호의무위반,포장 - 건조,맑음,교차로 - 교차로안,승합,남,38세,상해없음,보행자,남,18세,경상
3614,2019051900100038,2019년 5월 19일 00시,일요일,경상남도 창원시 성산구 상남동,중상사고,0,1,0,0,차대사람 - 차도통행중,안전운전불이행,포장 - 젖음/습기,비,단일로 - 기타,승용,남,34세,상해없음,보행자,여,24세,중상
3615,2019051900100066,2019년 5월 19일 02시,일요일,경상남도 창원시 성산구 상남동,경상사고,0,0,1,0,차대사람 - 차도통행중,안전운전불이행,포장 - 건조,맑음,교차로 - 교차로안,승용,남,60세,상해없음,보행자,여,23세,경상
3616,2019051900100122,2019년 5월 19일 07시,일요일,경상남도 창원시 마산합포구 월남동3가,중상사고,0,1,0,0,차대사람 - 기타,안전운전불이행,포장 - 건조,맑음,단일로 - 기타,승합,남,57세,상해없음,보행자,여,68세,중상
3617,2019051900100172,2019년 5월 19일 10시,일요일,경상남도 김해시 외동,경상사고,0,0,1,0,차대사람 - 횡단중,신호위반,포장 - 건조,맑음,교차로 - 교차로안,승용,남,59세,상해없음,보행자,남,23세,경상
3618,2019051900100588,2019년 5월 19일 23시,일요일,경상남도 통영시 무전동,중상사고,0,1,0,0,차대사람 - 차도통행중,안전운전불이행,포장 - 기타,흐림,교차로 - 교차로안,승합,남,48세,상해없음,보행자,남,59세,중상
3619,2019052000100056,2019년 5월 20일 04시,월요일,경상남도 양산시 물금읍,중상사고,0,1,0,0,차대사람 - 기타,안전운전불이행,포장 - 건조,맑음,단일로 - 기타,승용,남,60세,상해없음,보행자,남,28세,중상
3620,2019052000100177,2019년 5월 20일 09시,월요일,경상남도 밀양시 삼문동,사망사고,1,0,0,0,차대사람 - 횡단중,안전운전불이행,포장 - 건조,흐림,단일로 - 기타,승용,남,53세,상해없음,보행자,여,38세,사망
3621,2019052000100251,2019년 5월 20일 11시,월요일,경상남도 진주시 동성동,중상사고,0,1,0,0,차대사람 - 기타,안전운전불이행,포장 - 건조,맑음,단일로 - 기타,승용,남,66세,상해없음,보행자,남,51세,중상
3622,2019052000100393,2019년 5월 20일 15시,월요일,경상남도 창원시 의창구 북면,경상사고,0,0,1,1,차대사람 - 횡단중,보행자보호의무위반,포장 - 건조,맑음,교차로 - 교차로횡단보도내,승용,여,59세,상해없음,보행자,여,7세,부상신고
3623,2019052000100452,2019년 5월 20일 16시,월요일,경상남도 진주시 초전동,중상사고,0,1,0,0,차대사람 - 횡단중,안전운전불이행,포장 - 건조,맑음,단일로 - 기타,승용,여,55세,상해없음,보행자,남,11세,중상
3624,2019052000100596,2019년 5월 20일 19시,월요일,경상남도 양산시 남부동,부상신고사고,0,0,0,1,차대사람 - 횡단중,안전운전불이행,포장 - 건조,맑음,단일로 - 기타,승용,남,60세,상해없음,보행자,여,54세,부상신고
3625,2019052000100677,2019년 5월 20일 22시,월요일,경상남도 창원시 마산회원구 내서읍,중상사고,0,1,0,0,차대사람 - 차도통행중,안전운전불이행,포장 - 건조,맑음,단일로 - 기타,승합,남,52세,상해없음,보행자,남,44세,중상
3626,2019052100100051,2019년 5월 21일 00시,화요일,경상남도 남해군 남해읍,부상신고사고,0,0,0,1,차대사람 - 횡단중,기타,포장 - 건조,흐림,단일로 - 기타,원동기,여,54세,기타불명,보행자,여,57세,부상신고
3627,2019052100100165,2019년 5월 21일 08시,화요일,경상남도 김해시 신문동,중상사고,0,1,0,0,차대사람 - 차도통행중,안전운전불이행,포장 - 건조,맑음,교차로 - 교차로부근,승용,남,34세,상해없음,보행자,남,17세,중상
3628,2019052100100354,2019년 5월 21일 13시,화요일,경상남도 김해시 어방동,경상사고,0,0,2,0,차대사람 - 보도통행중,안전운전불이행,포장 - 건조,맑음,단일로 - 기타,승용,여,43세,상해없음,보행자,남,60세,경상
3629,2019052100100387,2019년 5월 21일 14시,화요일,경상남도 창원시 마산합포구 월남동5가,경상사고,0,0,1,0,차대사람 - 횡단중,안전운전불이행,포장 - 건조,맑음,교차로 - 교차로부근,승용,여,56세,상해없음,보행자,여,76세,경상
3630,2019052100100519,2019년 5월 21일 17시,화요일,경상남도 사천시 동금동,경상사고,0,0,1,0,차대사람 - 기타,안전운전불이행,포장 - 건조,맑음,단일로 - 기타,승용,여,54세,상해없음,보행자,남,69세,경상
3631,2019052100100611,2019년 5월 21일 19시,화요일,경상남도 양산시 삼호동,중상사고,0,1,0,0,차대사람 - 기타,안전운전불이행,포장 - 건조,맑음,교차로 - 교차로부근,승용,남,64세,상해없음,보행자,여,65세,중상
3632,2019052100100682,2019년 5월 21일 21시,화요일,경상남도 김해시 동상동,중상사고,0,1,0,0,차대사람 - 길가장자리구역통행중,안전운전불이행,포장 - 건조,맑음,교차로 - 교차로안,승용,남,25세,상해없음,보행자,여,66세,중상
3633,2019052100100715,2019년 5월 21일 22시,화요일,경상남도 진주시 동성동,중상사고,0,1,0,0,차대사람 - 횡단중,안전운전불이행,포장 - 건조,맑음,단일로 - 기타,승용,남,45세,상해없음,보행자,남,19세,중상
3634,2019052100100745,2019년 5월 21일 23시,화요일,경상남도 창원시 의창구 도계동,경상사고,0,0,1,0,차대사람 - 기타,안전운전불이행,포장 - 건조,맑음,단일로 - 기타,승합,남,69세,상해없음,보행자,남,41세,경상
3635,2019052200100282,2019년 5월 22일 11시,수요일,경상남도 창원시 마산합포구 동성동,중상사고,0,1,0,0,차대사람 - 보도통행중,보행자보호의무위반,포장 - 건조,맑음,교차로 - 교차로횡단보도내,승용,여,46세,상해없음,보행자,남,78세,중상
3636,2019052200100520,2019년 5월 22일 17시,수요일,경상남도 양산시 물금읍,사망사고,1,1,0,1,차대사람 - 기타,과속,포장 - 건조,맑음,단일로 - 기타,화물,남,56세,사망,보행자,남,21세,부상신고
3637,2019052200100561,2019년 5월 22일 18시,수요일,경상남도 사천시 사천읍,부상신고사고,0,0,0,1,차대사람 - 기타,보행자보호의무위반,포장 - 건조,맑음,교차로 - 교차로부근,화물,남,48세,상해없음,보행자,남,15세,부상신고
3638,2019052200100562,2019년 5월 22일 18시,수요일,경상남도 김해시 삼계동,경상사고,0,0,1,0,차대사람 - 기타,안전운전불이행,포장 - 건조,맑음,단일로 - 기타,승용,남,41세,상해없음,보행자,여,8세,경상
3639,2019052200100692,2019년 5월 22일 22시,수요일,경상남도 창원시 성산구 상남동,경상사고,0,0,1,0,차대사람 - 횡단중,안전운전불이행,포장 - 건조,맑음,교차로 - 교차로부근,승합,남,47세,상해없음,보행자,남,54세,경상
3640,2019052300100054,2019년 5월 23일 01시,목요일,경상남도 양산시 주남동,경상사고,0,0,2,0,차대사람 - 차도통행중,안전운전불이행,포장 - 건조,맑음,단일로 - 기타,화물,남,22세,상해없음,보행자,여,19세,경상
3641,2019052300100172,2019년 5월 23일 08시,목요일,경상남도 합천군 묘산면,중상사고,0,1,0,0,차대사람 - 길가장자리구역통행중,안전운전불이행,포장 - 건조,맑음,단일로 - 기타,승용,여,40세,상해없음,보행자,여,68세,중상
3642,2019052300100240,2019년 5월 23일 10시,목요일,경상남도 함양군 함양읍,중상사고,0,1,0,0,차대사람 - 기타,안전운전불이행,포장 - 건조,맑음,단일로 - 기타,화물,남,54세,상해없음,보행자,남,45세,중상
3643,2019052300100349,2019년 5월 23일 13시,목요일,경상남도 창원시 마산합포구 진북면,부상신고사고,0,0,0,1,차대사람 - 차도통행중,기타,포장 - 건조,맑음,교차로 - 교차로부근,화물,남,61세,상해없음,보행자,남,61세,부상신고
3644,2019052300100350,2019년 5월 23일 13시,목요일,경상남도 김해시 부원동,중상사고,0,1,0,0,차대사람 - 기타,안전운전불이행,포장 - 건조,맑음,단일로 - 기타,승용,여,34세,상해없음,보행자,여,83세,중상
3645,2019052300100351,2019년 5월 23일 13시,목요일,경상남도 김해시 외동,사망사고,1,1,0,0,차대사람 - 횡단중,보행자보호의무위반,포장 - 건조,맑음,교차로 - 교차로안,승용,여,48세,상해없음,보행자,남,48세,중상
3646,2019052300100383,2019년 5월 23일 14시,목요일,경상남도 양산시 평산동,중상사고,0,1,0,0,차대사람 - 기타,안전운전불이행,포장 - 건조,맑음,단일로 - 기타,승합,여,46세,상해없음,보행자,남,75세,중상
3647,2019052300100415,2019년 5월 23일 15시,목요일,경상남도 진주시 충무공동,경상사고,0,0,1,0,차대사람 - 횡단중,보행자보호의무위반,포장 - 건조,맑음,교차로 - 교차로횡단보도내,승용,여,32세,상해없음,보행자,남,12세,경상
3648,2019052300100497,2019년 5월 23일 17시,목요일,경상남도 거제시 장평동,중상사고,0,1,0,0,차대사람 - 차도통행중,보행자보호의무위반,포장 - 건조,맑음,기타 - 기타,승용,여,36세,상해없음,보행자,여,63세,중상
3649,2019052300100636,2019년 5월 23일 20시,목요일,경상남도 창녕군 창녕읍,중상사고,0,1,0,0,차대사람 - 횡단중,안전운전불이행,포장 - 건조,맑음,교차로 - 교차로부근,승용,남,67세,상해없음,보행자,남,50세,중상
3650,2019052300100671,2019년 5월 23일 21시,목요일,경상남도 남해군 창선면,경상사고,0,0,1,0,차대사람 - 길가장자리구역통행중,안전운전불이행,포장 - 건조,흐림,단일로 - 기타,승용,여,26세,상해없음,보행자,남,64세,경상
3651,2019052400100051,2019년 5월 24일 01시,금요일,경상남도 진주시 계동,중상사고,0,1,0,0,차대사람 - 기타,안전운전불이행,포장 - 건조,맑음,교차로 - 교차로횡단보도내,승용,남,53세,상해없음,보행자,남,56세,중상
3652,2019052400100053,2019년 5월 24일 01시,금요일,경상남도 창원시 마산회원구 석전동,사망사고,1,0,0,0,차대사람 - 횡단중,안전운전불이행,포장 - 건조,맑음,단일로 - 지하차도(도로)내,승용,남,52세,상해없음,보행자,남,63세,사망
3653,2019052400100200,2019년 5월 24일 09시,금요일,경상남도 창원시 진해구 남문동,중상사고,0,1,0,0,차대사람 - 차도통행중,안전운전불이행,포장 - 건조,맑음,단일로 - 기타,특수,남,43세,상해없음,보행자,남,41세,중상
3654,2019052400100235,2019년 5월 24일 10시,금요일,경상남도 진주시 칠암동,중상사고,0,1,0,0,차대사람 - 횡단중,안전운전불이행,포장 - 건조,맑음,교차로 - 교차로안,화물,남,42세,상해없음,보행자,여,84세,중상
3655,2019052400100266,2019년 5월 24일 11시,금요일,경상남도 진주시 문산읍,경상사고,0,0,1,0,차대사람 - 횡단중,안전운전불이행,포장 - 건조,맑음,단일로 - 기타,승용,남,61세,상해없음,보행자,여,83세,경상
3656,2019052400100308,2019년 5월 24일 12시,금요일,경상남도 창원시 마산회원구 합성동,중상사고,0,1,0,0,차대사람 - 길가장자리구역통행중,안전운전불이행,포장 - 건조,맑음,단일로 - 기타,승용,남,44세,상해없음,보행자,여,58세,중상
3657,2019052400100352,2019년 5월 24일 13시,금요일,경상남도 양산시 덕계동,경상사고,0,0,1,0,차대사람 - 기타,안전운전불이행,포장 - 건조,맑음,교차로 - 교차로안,승합,남,35세,상해없음,보행자,여,62세,경상
3658,2019052400100391,2019년 5월 24일 14시,금요일,경상남도 통영시 미수동,중상사고,0,1,0,0,차대사람 - 횡단중,보행자보호의무위반,포장 - 건조,맑음,단일로 - 기타,승합,남,60세,상해없음,보행자,여,47세,중상
3659,2019052400100498,2019년 5월 24일 16시,금요일,경상남도 창원시 의창구 서상동,중상사고,0,1,0,0,차대사람 - 기타,안전운전불이행,포장 - 건조,맑음,단일로 - 기타,승용,여,30세,상해없음,보행자,남,7세,중상
3660,2019052400100648,2019년 5월 24일 19시,금요일,경상남도 창원시 마산합포구 해운동,경상사고,0,0,1,0,차대사람 - 기타,안전운전불이행,포장 - 건조,맑음,단일로 - 기타,승용,남,49세,상해없음,보행자,남,24세,경상
3661,2019052400100779,2019년 5월 24일 23시,금요일,경상남도 창원시 진해구 용원동,사망사고,1,0,0,0,차대사람 - 차도통행중,안전운전불이행,포장 - 건조,맑음,단일로 - 지하차도(도로)내,이륜,남,24세,상해없음,보행자,여,73세,사망
3662,2019052500100062,2019년 5월 25일 02시,토요일,경상남도 창원시 의창구 북면,경상사고,0,0,1,0,차대사람 - 기타,안전운전불이행,포장 - 건조,맑음,단일로 - 기타,기타불명,기타불명,미분류,기타불명,보행자,남,34세,경상
3663,2019052500100223,2019년 5월 25일 10시,토요일,경상남도 거창군 거창읍,중상사고,0,1,1,0,차대사람 - 횡단중,안전운전불이행,포장 - 건조,맑음,교차로 - 교차로횡단보도내,승용,남,83세,상해없음,보행자,여,60세,중상
3664,2019052500100304,2019년 5월 25일 12시,토요일,경상남도 밀양시 내일동,중상사고,0,1,0,0,차대사람 - 기타,안전운전불이행,포장 - 건조,맑음,단일로 - 기타,승용,남,68세,상해없음,보행자,남,58세,중상
3665,2019052500100600,2019년 5월 25일 20시,토요일,경상남도 통영시 광도면,경상사고,0,0,1,0,차대사람 - 차도통행중,안전운전불이행,포장 - 건조,맑음,단일로 - 기타,승용,여,35세,상해없음,보행자,여,6세,경상
3666,2019052600100137,2019년 5월 26일 09시,일요일,경상남도 양산시 평산동,중상사고,0,1,0,0,차대사람 - 횡단중,보행자보호의무위반,포장 - 건조,맑음,단일로 - 기타,승용,여,55세,상해없음,보행자,여,70세,중상
3667,2019052700100037,2019년 5월 27일 01시,월요일,경상남도 통영시 산양읍,부상신고사고,0,0,0,1,차대사람 - 기타,안전운전불이행,포장 - 건조,맑음,단일로 - 기타,승용,여,19세,상해없음,보행자,남,20세,부상신고
3668,2019052700100192,2019년 5월 27일 09시,월요일,경상남도 남해군 남해읍,중상사고,0,1,0,0,차대사람 - 차도통행중,안전운전불이행,포장 - 젖음/습기,비,교차로 - 교차로안,승용,남,70세,상해없음,보행자,여,85세,중상
3669,2019052700100318,2019년 5월 27일 12시,월요일,경상남도 통영시 광도면,경상사고,0,0,1,0,차대사람 - 기타,안전운전불이행,포장 - 젖음/습기,비,단일로 - 기타,화물,남,31세,상해없음,보행자,여,19세,경상
3670,2019052700100354,2019년 5월 27일 13시,월요일,경상남도 밀양시 가곡동,사망사고,1,0,0,0,차대사람 - 횡단중,안전운전불이행,포장 - 젖음/습기,비,교차로 - 교차로안,화물,남,57세,상해없음,보행자,남,56세,사망
3671,2019052700100528,2019년 5월 27일 18시,월요일,경상남도 거창군 거창읍,경상사고,0,0,1,0,차대사람 - 기타,안전운전불이행,포장 - 젖음/습기,비,주차장 - 주차장,승용,여,52세,상해없음,보행자,여,17세,경상
3672,2019052700100561,2019년 5월 27일 19시,월요일,경상남도 창원시 마산합포구 산호동,중상사고,0,1,0,0,차대사람 - 횡단중,보행자보호의무위반,포장 - 건조,맑음,교차로 - 교차로횡단보도내,승용,여,43세,상해없음,보행자,여,58세,중상
3673,2019052700100583,2019년 5월 27일 20시,월요일,경상남도 김해시 어방동,경상사고,0,0,1,0,차대사람 - 기타,안전운전불이행,포장 - 건조,맑음,단일로 - 기타,기타불명,기타불명,미분류,기타불명,보행자,남,20세,경상
3674,2019052800100114,2019년 5월 28일 07시,화요일,경상남도 진주시 상평동,사망사고,1,0,0,0,차대사람 - 차도통행중,안전운전불이행,포장 - 건조,맑음,단일로 - 기타,승용,여,22세,상해없음,보행자,남,75세,사망
3675,2019052800100149,2019년 5월 28일 08시,화요일,경상남도 양산시 물금읍,중상사고,0,1,0,0,차대사람 - 기타,안전운전불이행,포장 - 건조,맑음,기타 - 기타,화물,남,44세,상해없음,보행자,여,47세,중상
3676,2019052800100231,2019년 5월 28일 10시,화요일,경상남도 진주시 상대동,경상사고,0,0,1,0,차대사람 - 보도통행중,신호위반,포장 - 건조,맑음,단일로 - 기타,승용,여,28세,상해없음,보행자,여,49세,경상
3677,2019052800100232,2019년 5월 28일 10시,화요일,경상남도 밀양시 내이동,중상사고,0,1,0,0,차대사람 - 횡단중,안전운전불이행,포장 - 건조,맑음,교차로 - 교차로안,승용,남,46세,상해없음,보행자,남,72세,중상
3678,2019052800100233,2019년 5월 28일 10시,화요일,경상남도 창원시 의창구 북면,중상사고,0,1,0,0,차대사람 - 기타,불법유턴,포장 - 건조,맑음,단일로 - 기타,화물,남,57세,상해없음,보행자,여,67세,중상
3679,2019052800100328,2019년 5월 28일 13시,화요일,경상남도 창원시 진해구 자은동,경상사고,0,0,1,0,차대사람 - 차도통행중,보행자보호의무위반,포장 - 건조,맑음,교차로 - 교차로안,승합,남,26세,상해없음,보행자,남,90세 이상,경상
3680,2019052800100373,2019년 5월 28일 14시,화요일,경상남도 김해시 삼정동,경상사고,0,0,1,0,차대사람 - 횡단중,보행자보호의무위반,포장 - 건조,맑음,교차로 - 교차로횡단보도내,이륜,남,16세,상해없음,보행자,남,7세,경상
3681,2019052800100709,2019년 5월 28일 21시,화요일,경상남도 진주시 초전동,중상사고,0,1,0,0,차대사람 - 보도통행중,보행자보호의무위반,포장 - 건조,맑음,기타 - 기타,승용,남,33세,상해없음,보행자,여,42세,중상
3682,2019052800100710,2019년 5월 28일 21시,화요일,경상남도 밀양시 내이동,중상사고,0,1,0,0,차대사람 - 기타,신호위반,포장 - 건조,맑음,교차로 - 교차로안,화물,남,36세,상해없음,보행자,남,56세,중상
3683,2019052800100745,2019년 5월 28일 22시,화요일,경상남도 김해시 삼방동,경상사고,0,0,1,0,차대사람 - 기타,안전운전불이행,포장 - 건조,맑음,교차로 - 교차로부근,승용,남,40세,상해없음,보행자,남,37세,경상
3684,2019052900100158,2019년 5월 29일 08시,수요일,경상남도 김해시 진영읍,경상사고,0,0,1,0,차대사람 - 횡단중,안전운전불이행,포장 - 건조,맑음,교차로 - 교차로안,승용,여,54세,상해없음,보행자,여,46세,경상
3685,2019052900100201,2019년 5월 29일 09시,수요일,경상남도 밀양시 교동,중상사고,0,1,0,0,차대사람 - 횡단중,안전운전불이행,포장 - 건조,맑음,단일로 - 기타,자전거,남,26세,상해없음,보행자,여,79세,중상
3686,2019052900100289,2019년 5월 29일 12시,수요일,경상남도 김해시 외동,중상사고,0,1,0,0,차대사람 - 기타,신호위반,포장 - 건조,맑음,교차로 - 교차로횡단보도내,승용,여,34세,상해없음,보행자,남,16세,중상