,사고번호,사고일시,요일,시군구,사고내용,사망자수,중상자수,경상자수,부상신고자수,사고유형,법규위반,노면상태,기상상태,도로형태,가해운전자 차종,가해운전자 성별,가해운전자 연령,가해운전자 상해정도,피해운전자 차종,피해운전자 성별,피해운전자 연령,피해운전자 상해정도
4247,2019082500100478,2019년 8월 25일 20시,일요일,경상남도 사천시 벌리동,부상신고사고,0,0,0,1,차대사람 - 횡단중,안전운전불이행,포장 - 건조,맑음,단일로 - 기타,승용,여,56세,상해없음,보행자,남,3세,부상신고
4248,2019082500100502,2019년 8월 25일 21시,일요일,경상남도 통영시 무전동,경상사고,0,0,1,0,차대사람 - 차도통행중,안전운전불이행,포장 - 건조,맑음,단일로 - 기타,승용,남,33세,상해없음,보행자,남,53세,경상
4249,2019082600100095,2019년 8월 26일 06시,월요일,경상남도 거창군 고제면,중상사고,0,1,0,0,차대사람 - 횡단중,안전운전불이행,포장 - 건조,맑음,단일로 - 기타,화물,남,47세,상해없음,보행자,남,74세,중상
4250,2019082600100206,2019년 8월 26일 09시,월요일,경상남도 밀양시 내이동,경상사고,0,0,1,0,차대사람 - 보도통행중,보행자보호의무위반,포장 - 건조,맑음,단일로 - 기타,승용,여,32세,상해없음,보행자,여,78세,경상
4251,2019082600100324,2019년 8월 26일 12시,월요일,경상남도 사천시 동금동,경상사고,0,0,1,0,차대사람 - 차도통행중,안전운전불이행,포장 - 건조,맑음,단일로 - 기타,승용,여,52세,상해없음,보행자,남,70세,경상
4252,2019082600100356,2019년 8월 26일 13시,월요일,경상남도 창원시 마산합포구 상남동,부상신고사고,0,0,0,1,차대사람 - 기타,안전운전불이행,포장 - 건조,맑음,교차로 - 교차로횡단보도내,화물,남,49세,상해없음,보행자,남,61세,부상신고
4253,2019082600100434,2019년 8월 26일 15시,월요일,경상남도 거창군 거창읍,경상사고,0,0,1,0,차대사람 - 기타,안전운전불이행,포장 - 기타,맑음,기타 - 기타,승용,남,44세,상해없음,보행자,남,56세,경상
4254,2019082600100487,2019년 8월 26일 16시,월요일,경상남도 창원시 의창구 도계동,경상사고,0,0,1,0,차대사람 - 차도통행중,안전운전불이행,포장 - 건조,맑음,단일로 - 기타,승용,남,24세,상해없음,보행자,남,47세,경상
4255,2019082600100527,2019년 8월 26일 17시,월요일,경상남도 창원시 진해구 석동,경상사고,0,0,1,0,차대사람 - 기타,안전운전불이행,포장 - 건조,맑음,교차로 - 교차로부근,승합,남,65세,상해없음,보행자,여,25세,경상
4256,2019082600100529,2019년 8월 26일 17시,월요일,경상남도 김해시 삼계동,중상사고,0,1,0,0,차대사람 - 기타,안전운전불이행,포장 - 기타,맑음,교차로 - 교차로안,승용,여,54세,상해없음,보행자,남,68세,중상
4257,2019082600100606,2019년 8월 26일 19시,월요일,경상남도 창원시 마산합포구 남성동,중상사고,0,1,0,0,차대사람 - 횡단중,안전운전불이행,포장 - 건조,맑음,교차로 - 교차로횡단보도내,화물,여,54세,상해없음,보행자,여,81세,중상
4258,2019082600100642,2019년 8월 26일 20시,월요일,경상남도 창원시 진해구 평안동,중상사고,0,1,0,0,차대사람 - 횡단중,보행자보호의무위반,포장 - 건조,맑음,교차로 - 교차로횡단보도내,승용,남,23세,상해없음,보행자,남,44세,중상
4259,2019082600100643,2019년 8월 26일 20시,월요일,경상남도 김해시 외동,중상사고,0,1,0,0,차대사람 - 길가장자리구역통행중,안전운전불이행,포장 - 건조,맑음,교차로 - 교차로안,승용,여,59세,상해없음,보행자,남,41세,중상
4260,2019082600100645,2019년 8월 26일 20시,월요일,경상남도 창원시 의창구 소답동,경상사고,0,0,1,0,차대사람 - 횡단중,보행자보호의무위반,포장 - 건조,맑음,교차로 - 교차로횡단보도내,승용,남,60세,상해없음,보행자,남,11세,경상
4261,2019082600100646,2019년 8월 26일 20시,월요일,경상남도 창원시 의창구 도계동,중상사고,0,1,0,0,차대사람 - 기타,안전운전불이행,포장 - 건조,맑음,기타 - 기타,승용,남,42세,상해없음,보행자,남,49세,중상
4262,2019082700100039,2019년 8월 27일 00시,화요일,경상남도 양산시 중부동,중상사고,0,1,0,0,차대사람 - 기타,안전운전불이행,포장 - 건조,맑음,단일로 - 기타,승용,남,41세,상해없음,보행자,여,50세,중상
4263,2019082700100076,2019년 8월 27일 04시,화요일,경상남도 양산시 물금읍,중상사고,0,1,0,0,차대사람 - 기타,안전운전불이행,포장 - 젖음/습기,흐림,단일로 - 기타,승용,남,42세,상해없음,보행자,남,45세,중상
4264,2019082700100077,2019년 8월 27일 04시,화요일,경상남도 김해시 내덕동,중상사고,0,1,0,0,차대사람 - 차도통행중,안전운전불이행,포장 - 건조,맑음,교차로 - 교차로부근,화물,남,45세,상해없음,보행자,여,76세,중상
4265,2019082700100243,2019년 8월 27일 10시,화요일,경상남도 산청군 산청읍,중상사고,0,1,0,0,차대사람 - 횡단중,보행자보호의무위반,포장 - 젖음/습기,비,교차로 - 교차로부근,화물,남,62세,상해없음,보행자,여,83세,중상
4266,2019082700100302,2019년 8월 27일 12시,화요일,경상남도 하동군 하동읍,경상사고,0,0,1,0,차대사람 - 기타,안전운전불이행,포장 - 젖음/습기,흐림,단일로 - 기타,이륜,남,48세,상해없음,보행자,여,82세,경상
4267,2019082700100363,2019년 8월 27일 14시,화요일,경상남도 창원시 마산합포구 신포동2가,부상신고사고,0,0,0,1,차대사람 - 기타,안전운전불이행,포장 - 건조,맑음,단일로 - 기타,이륜,남,68세,상해없음,보행자,여,81세,부상신고
4268,2019082700100525,2019년 8월 27일 18시,화요일,경상남도 창원시 의창구 소답동,중상사고,0,1,0,0,차대사람 - 기타,안전운전불이행,포장 - 건조,맑음,단일로 - 기타,화물,남,26세,상해없음,보행자,여,64세,중상
4269,2019082700100559,2019년 8월 27일 19시,화요일,경상남도 통영시 항남동,중상사고,0,1,0,0,차대사람 - 횡단중,안전운전불이행,포장 - 젖음/습기,비,단일로 - 기타,승용,여,58세,상해없음,보행자,남,61세,중상
4270,2019082700100562,2019년 8월 27일 19시,화요일,경상남도 창원시 성산구 사파동,중상사고,0,1,0,0,차대사람 - 보도통행중,안전운전불이행,포장 - 건조,맑음,단일로 - 기타,승용,여,37세,상해없음,보행자,여,58세,중상
4271,2019082700100602,2019년 8월 27일 20시,화요일,경상남도 김해시 삼방동,경상사고,0,0,1,0,차대사람 - 기타,안전운전불이행,포장 - 젖음/습기,흐림,교차로 - 교차로부근,승용,남,54세,상해없음,보행자,남,16세,경상
4272,2019082700100604,2019년 8월 27일 20시,화요일,경상남도 창원시 마산회원구 회성동,중상사고,0,1,0,0,차대사람 - 기타,안전운전불이행,포장 - 젖음/습기,비,교차로 - 교차로부근,승용,여,61세,상해없음,보행자,남,57세,중상
4273,2019082800100277,2019년 8월 28일 12시,수요일,경상남도 김해시 어방동,중상사고,0,1,0,0,차대사람 - 횡단중,안전운전불이행,포장 - 건조,맑음,교차로 - 교차로안,화물,남,56세,상해없음,보행자,남,53세,중상
4274,2019082800100414,2019년 8월 28일 16시,수요일,경상남도 진주시 평거동,중상사고,0,1,0,0,차대사람 - 차도통행중,안전운전불이행,포장 - 건조,흐림,단일로 - 기타,화물,남,67세,상해없음,보행자,여,54세,중상
4275,2019082800100416,2019년 8월 28일 16시,수요일,경상남도 창원시 진해구 경화동,중상사고,0,1,0,0,차대사람 - 기타,안전운전불이행,포장 - 건조,맑음,단일로 - 기타,승합,남,51세,상해없음,보행자,여,67세,중상
4276,2019082800100500,2019년 8월 28일 18시,수요일,경상남도 창원시 성산구 상남동,경상사고,0,0,2,0,차대사람 - 횡단중,보행자보호의무위반,포장 - 건조,맑음,단일로 - 기타,승용,여,22세,상해없음,보행자,여,31세,경상
4277,2019082800100652,2019년 8월 28일 23시,수요일,경상남도 창원시 마산회원구 합성동,중상사고,0,1,0,0,차대사람 - 횡단중,안전운전불이행,포장 - 건조,맑음,단일로 - 기타,승용,남,26세,상해없음,보행자,남,53세,중상
4278,2019082900100034,2019년 8월 29일 00시,목요일,경상남도 거제시 옥포동,중상사고,0,1,0,0,차대사람 - 횡단중,안전운전불이행,포장 - 건조,맑음,교차로 - 교차로안,승용,남,34세,상해없음,보행자,여,27세,중상
4279,2019082900100061,2019년 8월 29일 04시,목요일,경상남도 통영시 북신동,중상사고,0,1,0,0,차대사람 - 횡단중,보행자보호의무위반,포장 - 젖음/습기,맑음,교차로 - 교차로부근,승용,남,63세,상해없음,보행자,여,75세,중상
4280,2019082900100088,2019년 8월 29일 07시,목요일,경상남도 사천시 서동,중상사고,0,1,0,0,차대사람 - 기타,안전운전불이행,포장 - 젖음/습기,비,교차로 - 교차로부근,승합,남,47세,상해없음,보행자,여,81세,중상
4281,2019082900100161,2019년 8월 29일 09시,목요일,경상남도 창원시 마산합포구 중앙동3가,경상사고,0,0,1,0,차대사람 - 기타,보행자보호의무위반,포장 - 젖음/습기,비,교차로 - 교차로횡단보도내,승용,남,69세,상해없음,보행자,남,62세,경상
4282,2019082900100162,2019년 8월 29일 09시,목요일,경상남도 김해시 서상동,중상사고,0,1,0,0,차대사람 - 차도통행중,안전운전불이행,포장 - 젖음/습기,비,단일로 - 기타,승용,여,71세,상해없음,보행자,여,60세,중상
4283,2019082900100386,2019년 8월 29일 16시,목요일,경상남도 함양군 함양읍,경상사고,0,0,1,0,차대사람 - 횡단중,보행자보호의무위반,포장 - 건조,맑음,교차로 - 교차로횡단보도내,승용,남,52세,상해없음,보행자,남,8세,경상
4284,2019082900100543,2019년 8월 29일 19시,목요일,경상남도 김해시 관동동,경상사고,0,0,1,0,차대사람 - 차도통행중,안전운전불이행,포장 - 젖음/습기,기타,교차로 - 교차로안,승용,남,47세,상해없음,보행자,남,56세,경상
4285,2019082900100660,2019년 8월 29일 22시,목요일,경상남도 진주시 평거동,중상사고,0,1,0,0,차대사람 - 횡단중,보행자보호의무위반,포장 - 건조,맑음,단일로 - 기타,승용,여,47세,상해없음,보행자,여,48세,중상
4286,2019083000100074,2019년 8월 30일 05시,금요일,경상남도 김해시 삼정동,중상사고,0,1,0,0,차대사람 - 횡단중,안전운전불이행,포장 - 건조,맑음,교차로 - 교차로안,승용,여,51세,상해없음,보행자,여,73세,중상
4287,2019083000100273,2019년 8월 30일 11시,금요일,경상남도 양산시 중부동,경상사고,0,0,1,0,차대사람 - 횡단중,안전운전불이행,포장 - 건조,맑음,단일로 - 기타,승용,남,30세,상해없음,보행자,여,19세,경상
4288,2019083000100485,2019년 8월 30일 16시,금요일,경상남도 진주시 유곡동,중상사고,0,1,0,0,차대사람 - 차도통행중,안전운전불이행,포장 - 건조,맑음,단일로 - 기타,승용,남,28세,상해없음,보행자,여,72세,중상
4289,2019083000100486,2019년 8월 30일 16시,금요일,경상남도 창원시 진해구 용원동,중상사고,0,1,0,0,차대사람 - 기타,안전운전불이행,포장 - 건조,맑음,교차로 - 교차로안,승용,남,37세,상해없음,보행자,남,36세,중상
4290,2019083000100490,2019년 8월 30일 16시,금요일,경상남도 산청군 산청읍,경상사고,0,0,1,0,차대사람 - 보도통행중,안전운전불이행,포장 - 건조,맑음,교차로 - 교차로부근,승용,여,62세,상해없음,보행자,여,58세,경상
4291,2019083000100604,2019년 8월 30일 18시,금요일,경상남도 통영시 북신동,경상사고,0,0,1,0,차대사람 - 길가장자리구역통행중,안전운전불이행,포장 - 건조,맑음,단일로 - 기타,이륜,남,56세,상해없음,보행자,여,27세,경상
4292,2019083000100610,2019년 8월 30일 18시,금요일,경상남도 창원시 마산회원구 양덕동,경상사고,0,0,1,0,차대사람 - 차도통행중,안전운전불이행,포장 - 건조,맑음,단일로 - 지하차도(도로)내,이륜,남,56세,상해없음,보행자,남,3세,경상
4293,2019083000100713,2019년 8월 30일 20시,금요일,경상남도 창원시 진해구 태평동,경상사고,0,0,1,0,차대사람 - 횡단중,보행자보호의무위반,포장 - 젖음/습기,흐림,교차로 - 교차로횡단보도내,승용,남,61세,상해없음,보행자,여,23세,경상
4294,2019083100100040,2019년 8월 31일 00시,토요일,경상남도 창원시 마산합포구 월남동4가,경상사고,0,0,1,0,차대사람 - 길가장자리구역통행중,안전운전불이행,포장 - 건조,맑음,단일로 - 기타,기타불명,기타불명,미분류,기타불명,보행자,남,38세,경상
4295,2019083100100471,2019년 8월 31일 15시,토요일,경상남도 창원시 마산합포구 산호동,중상사고,0,1,0,0,차대사람 - 횡단중,안전운전불이행,포장 - 건조,맑음,단일로 - 기타,원동기,남,51세,상해없음,보행자,여,73세,중상
4296,2019083100100711,2019년 8월 31일 21시,토요일,경상남도 창원시 마산회원구 합성동,중상사고,0,1,0,0,차대사람 - 차도통행중,안전운전불이행,포장 - 건조,맑음,단일로 - 기타,승용,남,69세,상해없음,보행자,여,23세,중상
4297,2019083100100725,2019년 8월 31일 22시,토요일,경상남도 진주시 하대동,경상사고,0,0,1,0,차대사람 - 길가장자리구역통행중,안전운전불이행,포장 - 건조,맑음,단일로 - 기타,승용,여,52세,상해없음,보행자,남,60세,경상
4298,2019090100100119,2019년 9월 1일 08시,일요일,경상남도 양산시 물금읍,중상사고,0,1,0,0,차대사람 - 횡단중,기타,포장 - 건조,맑음,교차로 - 교차로부근,자전거,여,47세,상해없음,보행자,여,75세,중상
4299,2019090100100231,2019년 9월 1일 13시,일요일,경상남도 산청군 시천면,중상사고,0,1,0,0,차대사람 - 횡단중,안전운전불이행,포장 - 건조,맑음,단일로 - 기타,승합,남,29세,상해없음,보행자,남,12세,중상
4300,2019090100100266,2019년 9월 1일 14시,일요일,경상남도 김해시 삼정동,경상사고,0,0,1,0,차대사람 - 보도통행중,중앙선침범,포장 - 건조,흐림,단일로 - 기타,승용,남,62세,상해없음,보행자,여,68세,경상
4301,2019090100100391,2019년 9월 1일 18시,일요일,경상남도 창원시 진해구 용원동,중상사고,0,1,0,0,차대사람 - 횡단중,안전운전불이행,포장 - 젖음/습기,비,교차로 - 교차로안,승용,남,28세,상해없음,보행자,여,86세,중상
4302,2019090200100032,2019년 9월 2일 00시,월요일,경상남도 김해시 부원동,중상사고,0,1,0,0,차대사람 - 기타,안전운전불이행,포장 - 젖음/습기,비,교차로 - 교차로부근,승용,남,25세,상해없음,보행자,여,55세,중상
4303,2019090200100063,2019년 9월 2일 05시,월요일,경상남도 김해시 삼방동,경상사고,0,0,1,0,차대사람 - 기타,안전운전불이행,포장 - 젖음/습기,비,단일로 - 기타,승용,여,61세,상해없음,보행자,여,77세,경상
4304,2019090200100201,2019년 9월 2일 09시,월요일,경상남도 남해군 남해읍,중상사고,0,1,0,0,차대사람 - 차도통행중,안전운전불이행,포장 - 건조,맑음,단일로 - 기타,화물,남,84세,상해없음,보행자,남,79세,중상
4305,2019090200100274,2019년 9월 2일 11시,월요일,경상남도 진주시 평거동,중상사고,0,1,0,0,차대사람 - 기타,안전운전불이행,포장 - 젖음/습기,비,교차로 - 교차로안,화물,남,65세,상해없음,보행자,여,66세,중상
4306,2019090200100390,2019년 9월 2일 14시,월요일,경상남도 사천시 벌리동,경상사고,0,0,1,0,차대사람 - 길가장자리구역통행중,안전운전불이행,포장 - 젖음/습기,비,단일로 - 기타,승용,남,46세,상해없음,보행자,여,37세,경상
4307,2019090200100391,2019년 9월 2일 14시,월요일,경상남도 함양군 함양읍,부상신고사고,0,0,0,1,차대사람 - 차도통행중,안전운전불이행,포장 - 젖음/습기,비,단일로 - 기타,이륜,남,78세,부상신고,보행자,남,68세,상해없음
4308,2019090200100422,2019년 9월 2일 15시,월요일,경상남도 창원시 마산회원구 내서읍,경상사고,0,0,1,0,차대사람 - 차도통행중,안전운전불이행,포장 - 젖음/습기,비,교차로 - 교차로안,승용,여,39세,상해없음,보행자,여,19세,경상
4309,2019090200100424,2019년 9월 2일 15시,월요일,경상남도 창원시 의창구 소답동,경상사고,0,0,1,0,차대사람 - 기타,안전운전불이행,포장 - 젖음/습기,맑음,교차로 - 교차로안,화물,남,50세,상해없음,보행자,여,67세,경상
4310,2019090200100458,2019년 9월 2일 16시,월요일,경상남도 김해시 어방동,중상사고,0,1,0,0,차대사람 - 횡단중,보행자보호의무위반,포장 - 젖음/습기,흐림,단일로 - 기타,승용,여,43세,상해없음,보행자,여,19세,중상
4311,2019090200100499,2019년 9월 2일 17시,월요일,경상남도 창원시 의창구 명서동,중상사고,0,1,0,0,차대사람 - 기타,안전운전불이행,포장 - 젖음/습기,비,기타 - 기타,승용,남,61세,상해없음,보행자,여,2세,중상
4312,2019090200100602,2019년 9월 2일 19시,월요일,경상남도 김해시 외동,중상사고,0,2,0,0,차대사람 - 횡단중,신호위반,포장 - 젖음/습기,비,교차로 - 교차로부근,화물,남,71세,상해없음,보행자,여,59세,중상
4313,2019090200100603,2019년 9월 2일 19시,월요일,경상남도 하동군 하동읍,사망사고,1,0,0,0,차대사람 - 횡단중,안전운전불이행,포장 - 건조,맑음,단일로 - 기타,화물,남,49세,상해없음,보행자,남,66세,사망
4314,2019090200100659,2019년 9월 2일 20시,월요일,경상남도 고성군 회화면,경상사고,0,0,1,0,차대사람 - 보도통행중,안전운전불이행,포장 - 젖음/습기,비,단일로 - 기타,이륜,남,48세,상해없음,보행자,여,33세,경상
4315,2019090200100687,2019년 9월 2일 21시,월요일,경상남도 김해시 생림면,경상사고,0,0,1,0,차대사람 - 기타,안전운전불이행,포장 - 젖음/습기,비,단일로 - 기타,기타불명,기타불명,미분류,기타불명,보행자,여,54세,경상
4316,2019090200100688,2019년 9월 2일 21시,월요일,경상남도 양산시 삼호동,중상사고,0,1,0,0,차대사람 - 기타,안전운전불이행,포장 - 젖음/습기,비,단일로 - 기타,승용,여,25세,상해없음,보행자,남,26세,중상
4317,2019090200100720,2019년 9월 2일 22시,월요일,경상남도 김해시 외동,중상사고,0,2,0,0,차대사람 - 횡단중,보행자보호의무위반,포장 - 젖음/습기,비,교차로 - 교차로횡단보도내,승용,남,64세,중상,보행자,여,32세,중상
4318,2019090200100721,2019년 9월 2일 22시,월요일,경상남도 김해시 율하동,경상사고,0,0,1,0,차대사람 - 횡단중,신호위반,포장 - 젖음/습기,흐림,교차로 - 교차로횡단보도내,이륜,남,17세,상해없음,보행자,여,15세,경상
4319,2019090200100748,2019년 9월 2일 23시,월요일,경상남도 창원시 마산합포구 산호동,중상사고,0,1,0,0,차대사람 - 기타,안전운전불이행,포장 - 젖음/습기,비,교차로 - 교차로안,승합,남,60세,상해없음,보행자,남,42세,중상
4320,2019090300100089,2019년 9월 3일 06시,화요일,경상남도 진주시 유곡동,사망사고,1,0,0,0,차대사람 - 횡단중,안전운전불이행,포장 - 젖음/습기,비,단일로 - 기타,화물,남,36세,상해없음,보행자,남,58세,사망
4321,2019090300100090,2019년 9월 3일 06시,화요일,경상남도 함안군 칠원읍,중상사고,0,1,0,0,차대사람 - 기타,안전운전불이행,포장 - 젖음/습기,흐림,단일로 - 기타,화물,남,36세,상해없음,보행자,여,57세,중상
4322,2019090300100243,2019년 9월 3일 11시,화요일,경상남도 통영시 서호동,중상사고,0,1,0,0,차대사람 - 기타,보행자보호의무위반,포장 - 건조,맑음,교차로 - 교차로횡단보도내,승용,남,54세,상해없음,보행자,여,85세,중상
4323,2019090300100389,2019년 9월 3일 15시,화요일,경상남도 김해시 동상동,경상사고,0,0,1,0,차대사람 - 횡단중,안전운전불이행,포장 - 젖음/습기,비,교차로 - 교차로안,승용,여,64세,상해없음,보행자,남,11세,경상
4324,2019090300100390,2019년 9월 3일 15시,화요일,경상남도 창원시 마산회원구 양덕동,중상사고,0,1,0,0,차대사람 - 보도통행중,안전운전불이행,포장 - 젖음/습기,흐림,교차로 - 교차로안,승용,남,71세,상해없음,보행자,여,74세,중상
4325,2019090300100437,2019년 9월 3일 16시,화요일,경상남도 창원시 진해구 풍호동,중상사고,0,1,0,0,차대사람 - 횡단중,신호위반,포장 - 젖음/습기,비,교차로 - 교차로횡단보도내,승용,여,57세,상해없음,보행자,남,13세,중상
4326,2019090300100535,2019년 9월 3일 18시,화요일,경상남도 김해시 대청동,경상사고,0,0,1,0,차대사람 - 횡단중,신호위반,포장 - 젖음/습기,흐림,교차로 - 교차로안,승용,남,70세,상해없음,보행자,남,16세,경상
4327,2019090300100597,2019년 9월 3일 19시,화요일,경상남도 진주시 상봉동,중상사고,0,1,0,0,차대사람 - 횡단중,보행자보호의무위반,포장 - 젖음/습기,비,교차로 - 교차로횡단보도내,승용,여,50세,상해없음,보행자,여,61세,중상
4328,2019090300100598,2019년 9월 3일 19시,화요일,경상남도 진주시 하대동,중상사고,0,1,0,0,차대사람 - 횡단중,보행자보호의무위반,포장 - 젖음/습기,비,교차로 - 교차로횡단보도내,승용,남,56세,상해없음,보행자,남,55세,중상
4329,2019090300100599,2019년 9월 3일 19시,화요일,경상남도 사천시 사천읍,중상사고,0,1,0,0,차대사람 - 길가장자리구역통행중,중앙선침범,포장 - 젖음/습기,비,교차로 - 교차로부근,승용,남,56세,상해없음,보행자,남,68세,중상
4330,2019090300100653,2019년 9월 3일 20시,화요일,경상남도 거제시 장평동,중상사고,0,1,0,0,차대사람 - 횡단중,안전운전불이행,포장 - 젖음/습기,비,단일로 - 기타,화물,남,47세,상해없음,보행자,남,39세,중상
4331,2019090400100063,2019년 9월 4일 05시,수요일,경상남도 김해시 대성동,중상사고,0,1,0,0,차대사람 - 횡단중,안전운전불이행,포장 - 젖음/습기,비,교차로 - 교차로안,승용,여,28세,상해없음,보행자,여,64세,중상
4332,2019090400100076,2019년 9월 4일 06시,수요일,경상남도 양산시 평산동,경상사고,0,0,1,0,차대사람 - 횡단중,안전운전불이행,포장 - 젖음/습기,흐림,교차로 - 교차로부근,승용,남,67세,상해없음,보행자,여,78세,경상
4333,2019090400100178,2019년 9월 4일 09시,수요일,경상남도 고성군 회화면,중상사고,0,1,0,0,차대사람 - 차도통행중,안전운전불이행,포장 - 건조,맑음,단일로 - 기타,승용,여,82세,상해없음,보행자,여,58세,중상
4334,2019090400100253,2019년 9월 4일 11시,수요일,경상남도 양산시 산막동,중상사고,0,1,0,0,차대사람 - 기타,안전운전불이행,포장 - 건조,맑음,단일로 - 기타,화물,남,22세,상해없음,보행자,남,55세,중상
4335,2019090400100329,2019년 9월 4일 14시,수요일,경상남도 창원시 의창구 도계동,중상사고,0,1,0,0,차대사람 - 기타,보행자보호의무위반,포장 - 젖음/습기,흐림,단일로 - 기타,승용,여,24세,상해없음,보행자,여,47세,중상
4336,2019090400100401,2019년 9월 4일 16시,수요일,경상남도 진주시 평거동,경상사고,0,0,1,0,차대사람 - 기타,안전운전불이행,포장 - 건조,맑음,교차로 - 교차로안,승용,여,55세,상해없음,보행자,남,15세,경상
4337,2019090400100541,2019년 9월 4일 19시,수요일,경상남도 진주시 상봉동,중상사고,0,1,0,0,차대사람 - 횡단중,보행자보호의무위반,포장 - 젖음/습기,비,교차로 - 교차로횡단보도내,원동기,남,62세,상해없음,보행자,여,11세,중상
4338,2019090400100542,2019년 9월 4일 19시,수요일,경상남도 김해시 내동,경상사고,0,0,1,0,차대사람 - 횡단중,보행자보호의무위반,포장 - 건조,맑음,교차로 - 교차로안,승용,남,52세,상해없음,보행자,여,83세,경상
4339,2019090400100543,2019년 9월 4일 19시,수요일,경상남도 창원시 성산구 상남동,중상사고,0,1,0,0,차대사람 - 기타,안전운전불이행,포장 - 건조,맑음,교차로 - 교차로부근,승용,남,22세,상해없음,보행자,여,56세,중상
4340,2019090500100036,2019년 9월 5일 00시,목요일,경상남도 김해시 외동,사망사고,1,0,0,0,차대사람 - 횡단중,보행자보호의무위반,포장 - 건조,맑음,교차로 - 교차로안,승용,남,56세,상해없음,보행자,남,47세,사망
4341,2019090500100275,2019년 9월 5일 11시,목요일,경상남도 창원시 마산합포구 동성동,중상사고,0,1,0,0,차대사람 - 기타,안전운전불이행,포장 - 건조,맑음,교차로 - 교차로부근,승용,남,77세,상해없음,보행자,여,84세,중상
4342,2019090500100413,2019년 9월 5일 15시,목요일,경상남도 양산시 물금읍,경상사고,0,0,1,0,차대사람 - 길가장자리구역통행중,안전운전불이행,포장 - 건조,맑음,단일로 - 기타,승용,여,50세,상해없음,보행자,여,55세,경상
4343,2019090500100457,2019년 9월 5일 16시,목요일,경상남도 창원시 마산회원구 합성동,경상사고,0,0,1,0,차대사람 - 횡단중,안전운전불이행,포장 - 건조,맑음,단일로 - 기타,승용,남,63세,상해없음,보행자,남,12세,경상
4344,2019090500100493,2019년 9월 5일 17시,목요일,경상남도 밀양시 내일동,경상사고,0,0,1,0,차대사람 - 보도통행중,보행자보호의무위반,포장 - 건조,맑음,교차로 - 교차로횡단보도내,승용,여,66세,상해없음,보행자,여,68세,경상
4345,2019090500100543,2019년 9월 5일 18시,목요일,경상남도 진주시 호탄동,중상사고,0,2,0,0,차대사람 - 보도통행중,신호위반,포장 - 건조,맑음,교차로 - 교차로횡단보도내,이륜,남,65세,중상,보행자,남,69세,중상
4346,2019090500100545,2019년 9월 5일 18시,목요일,경상남도 창원시 성산구 가음동,중상사고,0,1,0,0,차대사람 - 횡단중,보행자보호의무위반,포장 - 건조,맑음,교차로 - 교차로횡단보도내,승용,남,49세,상해없음,보행자,남,3세,중상
4347,2019090600100032,2019년 9월 6일 00시,금요일,경상남도 고성군 고성읍,사망사고,1,0,0,0,차대사람 - 차도통행중,안전운전불이행,포장 - 건조,맑음,단일로 - 기타,승용,남,47세,상해없음,보행자,남,23세,사망
4348,2019090600100124,2019년 9월 6일 08시,금요일,경상남도 통영시 도천동,중상사고,0,1,0,0,차대사람 - 기타,안전운전불이행,포장 - 건조,맑음,단일로 - 기타,승용,여,54세,상해없음,보행자,남,71세,중상
4349,2019090600100213,2019년 9월 6일 11시,금요일,경상남도 창원시 성산구 성산동,경상사고,0,0,1,0,차대사람 - 차도통행중,안전운전불이행,포장 - 건조,맑음,단일로 - 기타,특수,남,36세,상해없음,보행자,남,44세,경상
4350,2019090600100312,2019년 9월 6일 14시,금요일,경상남도 창원시 마산합포구 신포동2가,경상사고,0,0,1,0,차대사람 - 횡단중,보행자보호의무위반,포장 - 건조,맑음,교차로 - 교차로안,승용,남,19세,상해없음,보행자,여,62세,경상
4351,2019090600100502,2019년 9월 6일 18시,금요일,경상남도 함양군 함양읍,경상사고,0,0,1,0,차대사람 - 횡단중,보행자보호의무위반,포장 - 젖음/습기,비,교차로 - 교차로횡단보도내,승용,남,47세,기타불명,보행자,여,15세,경상
4352,2019090600100503,2019년 9월 6일 18시,금요일,경상남도 창원시 성산구 상남동,중상사고,0,1,0,0,차대사람 - 기타,기타,포장 - 건조,맑음,기타 - 기타,자전거,여,27세,상해없음,보행자,여,60세,중상
4353,2019090700100066,2019년 9월 7일 01시,토요일,경상남도 창원시 마산합포구 창동,경상사고,0,0,1,0,차대사람 - 횡단중,안전운전불이행,포장 - 젖음/습기,비,교차로 - 교차로횡단보도내,승용,남,47세,상해없음,보행자,여,61세,경상
4354,2019090700100080,2019년 9월 7일 02시,토요일,경상남도 거제시 옥포동,경상사고,0,0,1,0,차대사람 - 기타,안전운전불이행,포장 - 젖음/습기,비,단일로 - 기타,승용,남,33세,상해없음,보행자,남,56세,경상
4355,2019090700100082,2019년 9월 7일 02시,토요일,경상남도 창원시 마산회원구 양덕동,중상사고,0,1,0,0,차대사람 - 횡단중,보행자보호의무위반,포장 - 젖음/습기,비,단일로 - 지하차도(도로)내,승합,남,22세,상해없음,보행자,남,49세,중상
4356,2019090700100110,2019년 9월 7일 04시,토요일,경상남도 창원시 성산구 중앙동,경상사고,0,0,1,0,차대사람 - 차도통행중,안전운전불이행,포장 - 건조,맑음,교차로 - 교차로부근,승용,남,56세,상해없음,보행자,남,36세,경상