,사고번호,사고일시,요일,시군구,사고내용,사망자수,중상자수,경상자수,부상신고자수,사고유형,법규위반,노면상태,기상상태,도로형태,가해운전자 차종,가해운전자 성별,가해운전자 연령,가해운전자 상해정도,피해운전자 차종,피해운전자 성별,피해운전자 연령,피해운전자 상해정도
4469,2019092100100061,2019년 9월 21일 01시,토요일,경상남도 함안군 칠북면,경상사고,0,0,1,0,차대사람 - 기타,중앙선침범,포장 - 건조,맑음,교차로 - 교차로안,화물,남,51세,상해없음,보행자,남,54세,경상
4470,2019092100100366,2019년 9월 21일 14시,토요일,경상남도 양산시 물금읍,부상신고사고,0,0,0,1,차대사람 - 기타,안전운전불이행,포장 - 젖음/습기,비,단일로 - 기타,화물,남,44세,상해없음,보행자,여,20세,부상신고
4471,2019092100100367,2019년 9월 21일 14시,토요일,경상남도 거제시 고현동,경상사고,0,0,1,0,차대사람 - 횡단중,보행자보호의무위반,포장 - 젖음/습기,비,교차로 - 교차로부근,승용,여,38세,상해없음,보행자,여,12세,경상
4472,2019092100100473,2019년 9월 21일 17시,토요일,경상남도 거제시 고현동,중상사고,0,1,0,0,차대사람 - 횡단중,보행자보호의무위반,포장 - 젖음/습기,비,교차로 - 교차로안,승용,남,38세,상해없음,보행자,여,80세,중상
4473,2019092100100583,2019년 9월 21일 19시,토요일,경상남도 진주시 충무공동,중상사고,0,1,0,0,차대사람 - 보도통행중,기타,포장 - 젖음/습기,비,단일로 - 기타,이륜,남,35세,상해없음,보행자,여,28세,중상
4474,2019092100100631,2019년 9월 21일 20시,토요일,경상남도 김해시 동상동,중상사고,0,1,0,0,차대사람 - 기타,안전운전불이행,포장 - 건조,맑음,교차로 - 교차로안,승용,남,57세,상해없음,보행자,남,51세,중상
4475,2019092200100035,2019년 9월 22일 00시,일요일,경상남도 창원시 의창구 용호동,중상사고,0,1,0,0,차대사람 - 횡단중,안전운전불이행,포장 - 침수,비,단일로 - 기타,승용,남,53세,상해없음,보행자,남,53세,중상
4476,2019092200100125,2019년 9월 22일 07시,일요일,경상남도 창원시 마산회원구 합성동,경상사고,0,0,1,0,차대사람 - 차도통행중,안전운전불이행,포장 - 젖음/습기,비,단일로 - 지하차도(도로)내,승용,남,61세,상해없음,보행자,남,22세,경상
4477,2019092200100443,2019년 9월 22일 20시,일요일,경상남도 양산시 주남동,중상사고,0,1,0,0,차대사람 - 기타,안전운전불이행,포장 - 젖음/습기,비,단일로 - 기타,이륜,남,45세,상해없음,보행자,여,19세,중상
4478,2019092300100033,2019년 9월 23일 00시,월요일,경상남도 창원시 의창구 팔용동,경상사고,0,0,1,0,차대사람 - 보도통행중,기타,포장 - 건조,맑음,기타 - 기타,자전거,남,20세,상해없음,보행자,남,25세,경상
4479,2019092300100103,2019년 9월 23일 07시,월요일,경상남도 김해시 삼정동,중상사고,0,1,0,0,차대사람 - 기타,안전운전불이행,포장 - 건조,맑음,단일로 - 기타,승용,남,44세,상해없음,보행자,남,49세,중상
4480,2019092300100281,2019년 9월 23일 12시,월요일,경상남도 창원시 진해구 이동,중상사고,0,1,0,0,차대사람 - 기타,안전운전불이행,포장 - 건조,맑음,교차로 - 교차로안,승용,여,62세,상해없음,보행자,여,80세,중상
4481,2019092300100317,2019년 9월 23일 13시,월요일,경상남도 창원시 마산합포구 해운동,중상사고,0,1,0,0,차대사람 - 기타,안전운전불이행,포장 - 젖음/습기,비,단일로 - 기타,이륜,남,19세,상해없음,보행자,여,22세,중상
4482,2019092300100319,2019년 9월 23일 13시,월요일,경상남도 함양군 함양읍,사망사고,1,0,0,0,차대사람 - 차도통행중,안전운전불이행,포장 - 건조,맑음,단일로 - 기타,화물,남,59세,상해없음,보행자,여,80세,사망
4483,2019092300100355,2019년 9월 23일 14시,월요일,경상남도 남해군 남해읍,경상사고,0,0,1,0,차대사람 - 횡단중,보행자보호의무위반,포장 - 건조,맑음,교차로 - 교차로횡단보도내,승용,여,51세,상해없음,보행자,남,9세,경상
4484,2019092300100626,2019년 9월 23일 21시,월요일,경상남도 진주시 금곡면,중상사고,0,1,0,0,차대사람 - 차도통행중,안전운전불이행,포장 - 건조,흐림,단일로 - 기타,승용,남,45세,상해없음,보행자,여,53세,중상
4485,2019092300100627,2019년 9월 23일 21시,월요일,경상남도 진주시 호탄동,중상사고,0,1,0,0,차대사람 - 기타,안전운전불이행,포장 - 건조,맑음,단일로 - 기타,기타불명,기타불명,미분류,기타불명,보행자,남,53세,중상
4486,2019092300100674,2019년 9월 23일 23시,월요일,경상남도 고성군 고성읍,중상사고,0,1,0,0,차대사람 - 차도통행중,안전운전불이행,포장 - 건조,맑음,단일로 - 기타,승용,남,60세,상해없음,보행자,여,24세,중상
4487,2019092400100075,2019년 9월 24일 05시,화요일,경상남도 창원시 마산회원구 회성동,경상사고,0,0,1,0,차대사람 - 횡단중,안전운전불이행,포장 - 건조,맑음,교차로 - 교차로부근,승용,남,73세,상해없음,보행자,남,55세,경상
4488,2019092400100123,2019년 9월 24일 07시,화요일,경상남도 창원시 마산회원구 구암동,경상사고,0,0,1,0,차대사람 - 횡단중,보행자보호의무위반,포장 - 건조,맑음,교차로 - 교차로횡단보도내,화물,남,54세,상해없음,보행자,여,75세,경상
4489,2019092400100234,2019년 9월 24일 10시,화요일,경상남도 고성군 고성읍,중상사고,0,1,0,0,차대사람 - 횡단중,안전운전불이행,포장 - 건조,맑음,교차로 - 교차로부근,승용,여,58세,상해없음,보행자,남,80세,중상
4490,2019092400100276,2019년 9월 24일 11시,화요일,경상남도 양산시 물금읍,중상사고,0,1,0,0,차대사람 - 횡단중,신호위반,포장 - 건조,맑음,교차로 - 교차로횡단보도내,승용,여,56세,상해없음,보행자,남,31세,중상
4491,2019092400100386,2019년 9월 24일 14시,화요일,경상남도 창원시 진해구 남문동,중상사고,0,1,0,0,차대사람 - 횡단중,안전운전불이행,포장 - 건조,맑음,교차로 - 교차로안,승용,여,30세,상해없음,보행자,여,57세,중상
4492,2019092400100387,2019년 9월 24일 14시,화요일,경상남도 거창군 웅양면,중상사고,0,1,0,0,차대사람 - 횡단중,안전운전불이행,포장 - 건조,맑음,단일로 - 기타,화물,남,40세,상해없음,보행자,남,40세,중상
4493,2019092400100538,2019년 9월 24일 17시,화요일,경상남도 김해시 부곡동,부상신고사고,0,0,0,1,차대사람 - 횡단중,안전운전불이행,포장 - 건조,맑음,단일로 - 기타,승용,여,30세,상해없음,보행자,여,9세,부상신고
4494,2019092400100598,2019년 9월 24일 18시,화요일,경상남도 창원시 성산구 사파동,경상사고,0,0,1,0,차대사람 - 횡단중,안전운전불이행,포장 - 건조,맑음,단일로 - 기타,승용,여,26세,상해없음,보행자,여,53세,경상
4495,2019092400100647,2019년 9월 24일 19시,화요일,경상남도 사천시 벌리동,경상사고,0,0,1,0,차대사람 - 차도통행중,안전운전불이행,포장 - 건조,맑음,단일로 - 기타,승용,여,48세,기타불명,보행자,여,65세,경상
4496,2019092400100650,2019년 9월 24일 19시,화요일,경상남도 함안군 칠원읍,경상사고,0,0,1,0,차대사람 - 길가장자리구역통행중,안전운전불이행,포장 - 건조,맑음,단일로 - 기타,승용,남,39세,상해없음,보행자,남,48세,경상
4497,2019092400100686,2019년 9월 24일 20시,화요일,경상남도 양산시 덕계동,부상신고사고,0,0,0,1,차대사람 - 기타,기타,포장 - 건조,맑음,단일로 - 기타,승합,남,55세,상해없음,보행자,여,61세,부상신고
4498,2019092500100063,2019년 9월 25일 03시,수요일,경상남도 창원시 마산합포구 상남동,중상사고,0,1,0,0,차대사람 - 기타,안전운전불이행,포장 - 건조,맑음,교차로 - 교차로횡단보도내,화물,남,33세,상해없음,보행자,남,59세,중상
4499,2019092500100152,2019년 9월 25일 08시,수요일,경상남도 창원시 진해구 석동,중상사고,0,1,0,0,차대사람 - 횡단중,보행자보호의무위반,포장 - 건조,맑음,교차로 - 교차로횡단보도내,승용,남,34세,상해없음,보행자,여,11세,중상
4500,2019092500100154,2019년 9월 25일 08시,수요일,경상남도 함안군 칠원읍,경상사고,0,0,1,0,차대사람 - 기타,안전운전불이행,포장 - 건조,맑음,단일로 - 기타,승용,여,65세,상해없음,보행자,여,60세,경상
4501,2019092500100197,2019년 9월 25일 09시,수요일,경상남도 창원시 진해구 용원동,중상사고,0,1,0,0,차대사람 - 횡단중,안전운전불이행,포장 - 건조,맑음,교차로 - 교차로횡단보도내,승용,여,36세,상해없음,보행자,남,50세,중상
4502,2019092500100198,2019년 9월 25일 09시,수요일,경상남도 김해시 삼계동,중상사고,0,1,0,0,차대사람 - 횡단중,보행자보호의무위반,포장 - 건조,맑음,교차로 - 교차로횡단보도내,승용,여,48세,상해없음,보행자,여,80세,중상
4503,2019092500100362,2019년 9월 25일 14시,수요일,경상남도 창녕군 이방면,경상사고,0,0,1,0,차대사람 - 기타,안전운전불이행,포장 - 건조,맑음,교차로 - 교차로안,화물,남,60세,상해없음,보행자,여,75세,경상
4504,2019092500100445,2019년 9월 25일 16시,수요일,경상남도 진주시 옥봉동,경상사고,0,0,1,0,차대사람 - 보도통행중,보행자보호의무위반,포장 - 건조,맑음,교차로 - 교차로안,승용,여,31세,상해없음,보행자,남,18세,경상
4505,2019092500100449,2019년 9월 25일 16시,수요일,경상남도 김해시 무계동,중상사고,0,1,0,0,차대사람 - 횡단중,안전운전불이행,포장 - 건조,맑음,교차로 - 교차로안,화물,남,32세,상해없음,보행자,여,52세,중상
4506,2019092500100494,2019년 9월 25일 17시,수요일,경상남도 김해시 삼계동,중상사고,0,1,0,0,차대사람 - 횡단중,보행자보호의무위반,포장 - 건조,맑음,교차로 - 교차로횡단보도내,승용,여,58세,상해없음,보행자,여,3세,중상
4507,2019092500100544,2019년 9월 25일 18시,수요일,경상남도 김해시 서상동,경상사고,0,0,1,0,차대사람 - 길가장자리구역통행중,안전운전불이행,포장 - 건조,맑음,단일로 - 기타,승용,여,24세,상해없음,보행자,남,54세,경상
4508,2019092500100664,2019년 9월 25일 21시,수요일,경상남도 창녕군 부곡면,중상사고,0,1,0,0,차대사람 - 횡단중,보행자보호의무위반,포장 - 건조,맑음,교차로 - 교차로횡단보도내,승용,남,75세,상해없음,보행자,여,65세,중상
4509,2019092600100062,2019년 9월 26일 05시,목요일,경상남도 진주시 상대동,사망사고,1,0,0,0,차대사람 - 보도통행중,보행자보호의무위반,포장 - 건조,맑음,교차로 - 교차로횡단보도내,승용,남,67세,상해없음,보행자,남,76세,사망
4510,2019092600100063,2019년 9월 26일 05시,목요일,경상남도 양산시 삼호동,중상사고,0,1,0,0,차대사람 - 횡단중,보행자보호의무위반,포장 - 건조,맑음,교차로 - 교차로횡단보도내,승용,여,60세,기타불명,보행자,여,80세,중상
4511,2019092600100135,2019년 9월 26일 08시,목요일,경상남도 함안군 가야읍,경상사고,0,0,1,0,차대사람 - 횡단중,안전운전불이행,포장 - 건조,맑음,교차로 - 교차로횡단보도내,이륜,남,78세,상해없음,보행자,남,64세,경상
4512,2019092600100233,2019년 9월 26일 11시,목요일,경상남도 사천시 벌리동,중상사고,0,1,0,0,차대사람 - 횡단중,안전운전불이행,포장 - 건조,맑음,단일로 - 기타,승용,남,61세,상해없음,보행자,여,76세,중상
4513,2019092600100236,2019년 9월 26일 11시,목요일,경상남도 창원시 의창구 봉곡동,사망사고,1,0,0,0,차대사람 - 횡단중,안전운전불이행,포장 - 건조,맑음,교차로 - 교차로안,승용,남,49세,기타불명,보행자,남,87세,사망
4514,2019092600100303,2019년 9월 26일 13시,목요일,경상남도 진주시 상대동,중상사고,0,1,0,0,차대사람 - 기타,기타,포장 - 건조,맑음,교차로 - 교차로부근,승용,남,51세,상해없음,보행자,남,53세,중상
4515,2019092600100408,2019년 9월 26일 16시,목요일,경상남도 양산시 교동,경상사고,0,0,1,0,차대사람 - 횡단중,보행자보호의무위반,포장 - 건조,맑음,단일로 - 기타,승용,여,51세,상해없음,보행자,여,4세,경상
4516,2019092600100448,2019년 9월 26일 17시,목요일,경상남도 의령군 의령읍,부상신고사고,0,0,0,1,차대사람 - 길가장자리구역통행중,안전운전불이행,포장 - 건조,맑음,단일로 - 기타,승용,남,69세,상해없음,보행자,여,14세,부상신고
4517,2019092600100501,2019년 9월 26일 18시,목요일,경상남도 창원시 마산합포구 오동동,경상사고,0,0,1,0,차대사람 - 기타,안전운전불이행,포장 - 건조,맑음,단일로 - 기타,승용,남,37세,상해없음,보행자,여,49세,경상
4518,2019092600100620,2019년 9월 26일 21시,목요일,경상남도 진주시 봉곡동,경상사고,0,0,1,0,차대사람 - 횡단중,안전운전불이행,포장 - 건조,맑음,단일로 - 기타,이륜,남,16세,상해없음,보행자,여,15세,경상
4519,2019092700100041,2019년 9월 27일 00시,금요일,경상남도 양산시 주남동,중상사고,0,1,0,0,차대사람 - 기타,안전운전불이행,포장 - 건조,맑음,단일로 - 기타,승용,남,20세,상해없음,보행자,여,21세,중상
4520,2019092700100086,2019년 9월 27일 05시,금요일,경상남도 김해시 한림면,중상사고,0,1,0,0,차대사람 - 횡단중,안전운전불이행,포장 - 건조,맑음,교차로 - 교차로횡단보도내,승용,여,53세,상해없음,보행자,여,71세,중상
4521,2019092700100106,2019년 9월 27일 06시,금요일,경상남도 양산시 물금읍,경상사고,0,0,1,0,차대사람 - 보도통행중,신호위반,포장 - 건조,맑음,교차로 - 교차로안,승용,남,40세,상해없음,보행자,남,54세,경상
4522,2019092700100398,2019년 9월 27일 14시,금요일,경상남도 사천시 선구동,중상사고,0,1,0,0,차대사람 - 차도통행중,안전운전불이행,포장 - 건조,맑음,단일로 - 기타,승용,남,33세,상해없음,보행자,남,65세,중상
4523,2019092700100478,2019년 9월 27일 16시,금요일,경상남도 김해시 어방동,경상사고,0,0,1,0,차대사람 - 횡단중,안전운전불이행,포장 - 건조,맑음,단일로 - 기타,승용,남,44세,상해없음,보행자,남,62세,경상
4524,2019092700100580,2019년 9월 27일 18시,금요일,경상남도 의령군 의령읍,중상사고,0,1,0,0,차대사람 - 횡단중,교차로운행방법위반,포장 - 젖음/습기,비,교차로 - 교차로안,승용,남,52세,상해없음,보행자,여,73세,중상
4525,2019092700100668,2019년 9월 27일 20시,금요일,경상남도 사천시 서포면,경상사고,0,0,1,0,차대사람 - 차도통행중,안전운전불이행,포장 - 젖음/습기,비,단일로 - 기타,자전거,여,76세,상해없음,보행자,남,63세,경상
4526,2019092700100736,2019년 9월 27일 22시,금요일,경상남도 창원시 성산구 반지동,중상사고,0,1,0,0,차대사람 - 횡단중,안전운전불이행,포장 - 건조,맑음,교차로 - 교차로안,이륜,남,29세,상해없음,보행자,남,31세,중상
4527,2019092700100737,2019년 9월 27일 22시,금요일,경상남도 창원시 성산구 상남동,중상사고,0,1,0,0,차대사람 - 횡단중,보행자보호의무위반,포장 - 젖음/습기,흐림,단일로 - 기타,이륜,남,42세,상해없음,보행자,여,55세,중상
4528,2019092800100051,2019년 9월 28일 00시,토요일,경상남도 김해시 관동동,경상사고,0,0,1,0,차대사람 - 차도통행중,안전운전불이행,포장 - 젖음/습기,흐림,단일로 - 기타,승용,남,55세,상해없음,보행자,남,17세,경상
4529,2019092800100205,2019년 9월 28일 09시,토요일,경상남도 진주시 대곡면,중상사고,0,1,0,0,차대사람 - 기타,안전운전불이행,포장 - 건조,맑음,단일로 - 기타,화물,남,48세,상해없음,보행자,남,58세,중상
4530,2019092800100243,2019년 9월 28일 10시,토요일,경상남도 의령군 의령읍,경상사고,0,0,1,0,차대사람 - 횡단중,안전운전불이행,포장 - 건조,맑음,교차로 - 교차로부근,화물,남,61세,상해없음,보행자,남,65세,경상
4531,2019092800100324,2019년 9월 28일 12시,토요일,경상남도 거제시 둔덕면,중상사고,0,1,0,0,차대사람 - 보도통행중,기타,포장 - 건조,맑음,단일로 - 기타,화물,남,47세,상해없음,보행자,여,79세,중상
4532,2019092800100370,2019년 9월 28일 13시,토요일,경상남도 창원시 마산합포구 산호동,경상사고,0,0,1,0,차대사람 - 횡단중,안전운전불이행,포장 - 건조,맑음,단일로 - 기타,승용,남,63세,상해없음,보행자,남,13세,경상
4533,2019092800100518,2019년 9월 28일 16시,토요일,경상남도 거제시 하청면,중상사고,0,1,0,0,차대사람 - 차도통행중,안전운전불이행,포장 - 젖음/습기,비,교차로 - 교차로부근,화물,남,57세,상해없음,보행자,남,10세,중상
4534,2019092800100650,2019년 9월 28일 19시,토요일,경상남도 창원시 마산합포구 신포동2가,경상사고,0,0,1,0,차대사람 - 횡단중,안전운전불이행,포장 - 건조,맑음,교차로 - 교차로부근,화물,여,67세,상해없음,보행자,남,66세,경상
4535,2019092800100686,2019년 9월 28일 20시,토요일,경상남도 창원시 의창구 팔용동,경상사고,0,0,1,0,차대사람 - 기타,안전운전불이행,포장 - 건조,맑음,단일로 - 기타,기타불명,기타불명,미분류,기타불명,보행자,남,49세,경상
4536,2019092800100715,2019년 9월 28일 21시,토요일,경상남도 거창군 가조면,중상사고,0,1,0,0,차대사람 - 차도통행중,안전운전불이행,포장 - 건조,맑음,단일로 - 기타,승용,남,30세,상해없음,보행자,남,54세,중상
4537,2019092900100367,2019년 9월 29일 16시,일요일,경상남도 거제시 옥포동,경상사고,0,0,1,0,차대사람 - 차도통행중,안전운전불이행,포장 - 건조,맑음,교차로 - 교차로부근,승용,여,54세,상해없음,보행자,여,52세,경상
4538,2019092900100442,2019년 9월 29일 18시,일요일,경상남도 양산시 삼호동,경상사고,0,0,1,0,차대사람 - 횡단중,보행자보호의무위반,포장 - 건조,맑음,교차로 - 교차로횡단보도내,승용,여,30세,상해없음,보행자,여,55세,경상
4539,2019092900100443,2019년 9월 29일 18시,일요일,경상남도 산청군 금서면,중상사고,0,1,0,0,차대사람 - 차도통행중,중앙선침범,포장 - 건조,맑음,단일로 - 기타,승용,남,24세,상해없음,보행자,여,81세,중상
4540,2019092900100487,2019년 9월 29일 19시,일요일,경상남도 창원시 의창구 봉곡동,중상사고,0,1,0,0,차대사람 - 기타,안전운전불이행,포장 - 건조,맑음,단일로 - 기타,기타불명,기타불명,미분류,기타불명,보행자,남,68세,중상
4541,2019093000100042,2019년 9월 30일 02시,월요일,경상남도 김해시 삼방동,중상사고,0,1,0,0,차대사람 - 길가장자리구역통행중,안전운전불이행,포장 - 건조,맑음,단일로 - 기타,승용,남,23세,상해없음,보행자,남,51세,중상
4542,2019093000100156,2019년 9월 30일 08시,월요일,경상남도 창원시 성산구 사파동,경상사고,0,0,1,0,차대사람 - 기타,안전운전불이행,포장 - 건조,맑음,단일로 - 기타,승용,남,53세,상해없음,보행자,남,18세,경상
4543,2019093000100255,2019년 9월 30일 11시,월요일,경상남도 창원시 성산구 상남동,경상사고,0,0,1,0,차대사람 - 차도통행중,안전운전불이행,포장 - 건조,맑음,단일로 - 기타,자전거,여,34세,상해없음,보행자,여,69세,경상
4544,2019093000100299,2019년 9월 30일 12시,월요일,경상남도 창원시 마산회원구 석전동,중상사고,0,1,0,0,차대사람 - 길가장자리구역통행중,안전운전불이행,포장 - 건조,맑음,단일로 - 지하차도(도로)내,승용,남,40세,상해없음,보행자,여,70세,중상
4545,2019093000100466,2019년 9월 30일 16시,월요일,경상남도 함양군 함양읍,경상사고,0,0,1,0,차대사람 - 횡단중,안전운전불이행,포장 - 건조,맑음,단일로 - 기타,승용,남,61세,상해없음,보행자,여,58세,경상
4546,2019093000100467,2019년 9월 30일 16시,월요일,경상남도 거제시 고현동,중상사고,0,1,0,0,차대사람 - 횡단중,안전운전불이행,포장 - 건조,맑음,기타 - 기타,승합,남,64세,상해없음,보행자,남,13세,중상
4547,2019093000100515,2019년 9월 30일 17시,월요일,경상남도 양산시 하북면,경상사고,0,0,1,0,차대사람 - 차도통행중,안전운전불이행,포장 - 건조,맑음,교차로 - 교차로안,승용,여,39세,상해없음,보행자,남,82세,경상
4548,2019093000100517,2019년 9월 30일 17시,월요일,경상남도 김해시 한림면,중상사고,0,1,0,0,차대사람 - 기타,안전운전불이행,포장 - 건조,맑음,단일로 - 기타,화물,남,63세,상해없음,보행자,남,42세,중상
4549,2019093000100569,2019년 9월 30일 18시,월요일,경상남도 진주시 금산면,중상사고,0,1,0,0,차대사람 - 횡단중,안전운전불이행,포장 - 건조,맑음,교차로 - 교차로안,승용,남,24세,상해없음,보행자,여,79세,중상
4550,2019100100100048,2019년 10월 1일 01시,화요일,경상남도 밀양시 내이동,중상사고,0,1,0,0,차대사람 - 횡단중,보행자보호의무위반,포장 - 건조,맑음,단일로 - 기타,화물,남,45세,상해없음,보행자,여,78세,중상
4551,2019100100100088,2019년 10월 1일 06시,화요일,경상남도 밀양시 무안면,중상사고,0,1,0,0,차대사람 - 보도통행중,보행자보호의무위반,포장 - 건조,맑음,단일로 - 기타,이륜,남,57세,상해없음,보행자,여,83세,중상
4552,2019100100100113,2019년 10월 1일 07시,화요일,경상남도 함안군 군북면,경상사고,0,0,1,0,차대사람 - 기타,안전운전불이행,포장 - 건조,맑음,단일로 - 기타,승용,남,76세,상해없음,보행자,남,49세,경상
4553,2019100100100152,2019년 10월 1일 08시,화요일,경상남도 통영시 북신동,경상사고,0,0,1,0,차대사람 - 기타,안전운전불이행,포장 - 건조,맑음,단일로 - 기타,승용,남,66세,상해없음,보행자,남,71세,경상
4554,2019100100100153,2019년 10월 1일 08시,화요일,경상남도 김해시 삼정동,중상사고,0,1,0,0,차대사람 - 기타,안전운전불이행,포장 - 건조,맑음,단일로 - 기타,승합,남,55세,상해없음,보행자,여,51세,중상
4555,2019100100100481,2019년 10월 1일 17시,화요일,경상남도 김해시 안동,경상사고,0,0,1,0,차대사람 - 기타,안전운전불이행,포장 - 젖음/습기,흐림,단일로 - 기타,승용,남,61세,상해없음,보행자,여,61세,경상
4556,2019100100100537,2019년 10월 1일 18시,화요일,경상남도 통영시 서호동,부상신고사고,0,0,0,1,차대사람 - 기타,안전운전불이행,포장 - 젖음/습기,비,단일로 - 기타,승합,남,61세,상해없음,보행자,여,73세,부상신고
4557,2019100100100541,2019년 10월 1일 18시,화요일,경상남도 창원시 의창구 북면,중상사고,0,1,0,0,차대사람 - 기타,안전운전불이행,포장 - 건조,맑음,교차로 - 교차로부근,승용,남,49세,기타불명,보행자,남,8세,중상
4558,2019100100100638,2019년 10월 1일 20시,화요일,경상남도 진주시 이현동,중상사고,0,1,0,0,차대사람 - 횡단중,신호위반,포장 - 젖음/습기,비,교차로 - 교차로안,승용,여,28세,상해없음,보행자,남,62세,중상
4559,2019100100100662,2019년 10월 1일 21시,화요일,경상남도 진주시 인사동,경상사고,0,0,2,0,차대사람 - 횡단중,보행자보호의무위반,포장 - 젖음/습기,비,교차로 - 교차로부근,이륜,남,16세,경상,보행자,여,38세,경상
4560,2019100200100387,2019년 10월 2일 14시,수요일,경상남도 창원시 마산회원구 회원동,중상사고,0,2,0,0,차대사람 - 보도통행중,기타,포장 - 젖음/습기,비,단일로 - 기타,승용,여,34세,상해없음,보행자,여,74세,중상
4561,2019100200100519,2019년 10월 2일 17시,수요일,경상남도 사천시 벌리동,경상사고,0,0,1,0,차대사람 - 차도통행중,중앙선침범,포장 - 젖음/습기,비,교차로 - 교차로부근,승용,여,49세,상해없음,보행자,여,83세,경상
4562,2019100200100603,2019년 10월 2일 18시,수요일,경상남도 김해시 구산동,중상사고,0,1,0,0,차대사람 - 횡단중,보행자보호의무위반,포장 - 젖음/습기,비,교차로 - 교차로횡단보도내,승합,남,32세,상해없음,보행자,남,56세,중상
4563,2019100200100606,2019년 10월 2일 18시,수요일,경상남도 창원시 의창구 서상동,중상사고,0,1,0,0,차대사람 - 기타,안전운전불이행,포장 - 젖음/습기,비,교차로 - 교차로횡단보도내,승용,남,34세,상해없음,보행자,여,57세,중상
4564,2019100200100774,2019년 10월 2일 20시,수요일,경상남도 거제시 장평동,중상사고,0,1,0,0,차대사람 - 차도통행중,신호위반,포장 - 젖음/습기,비,단일로 - 기타,승용,남,49세,상해없음,보행자,남,53세,중상
4565,2019100200100821,2019년 10월 2일 21시,수요일,경상남도 진주시 봉곡동,중상사고,0,1,0,0,차대사람 - 횡단중,보행자보호의무위반,포장 - 젖음/습기,비,단일로 - 기타,승용,남,28세,상해없음,보행자,남,41세,중상
4566,2019100300100292,2019년 10월 3일 12시,목요일,경상남도 통영시 북신동,중상사고,0,1,0,0,차대사람 - 횡단중,신호위반,포장 - 건조,맑음,교차로 - 교차로횡단보도내,승용,남,55세,상해없음,보행자,여,86세,중상
4567,2019100300100316,2019년 10월 3일 13시,목요일,경상남도 사천시 선구동,중상사고,0,1,1,0,차대사람 - 보도통행중,기타,포장 - 건조,맑음,단일로 - 기타,이륜,남,74세,경상,보행자,여,81세,중상
4568,2019100300100488,2019년 10월 3일 18시,목요일,경상남도 거창군 거창읍,중상사고,0,1,0,0,차대사람 - 횡단중,신호위반,포장 - 건조,맑음,교차로 - 교차로안,이륜,남,25세,상해없음,보행자,여,86세,중상
4569,2019100300100568,2019년 10월 3일 21시,목요일,경상남도 진주시 칠암동,경상사고,0,0,1,0,차대사람 - 차도통행중,안전운전불이행,포장 - 건조,맑음,단일로 - 기타,자전거,남,64세,경상,보행자,여,59세,상해없음
4570,2019100400100157,2019년 10월 4일 08시,금요일,경상남도 김해시 부원동,중상사고,0,1,0,0,차대사람 - 횡단중,안전운전불이행,포장 - 건조,맑음,교차로 - 교차로부근,승용,남,48세,상해없음,보행자,여,72세,중상
4571,2019100400100255,2019년 10월 4일 11시,금요일,경상남도 창원시 진해구 용원동,중상사고,0,1,0,0,차대사람 - 기타,안전운전불이행,포장 - 건조,맑음,교차로 - 교차로안,승용,여,49세,상해없음,보행자,남,58세,중상
4572,2019100400100256,2019년 10월 4일 11시,금요일,경상남도 양산시 북정동,경상사고,0,0,1,0,차대사람 - 기타,안전운전불이행,포장 - 건조,맑음,교차로 - 교차로부근,화물,남,51세,상해없음,보행자,남,42세,경상
4573,2019100400100258,2019년 10월 4일 11시,금요일,경상남도 남해군 남해읍,중상사고,0,1,0,0,차대사람 - 횡단중,안전운전불이행,포장 - 건조,맑음,교차로 - 교차로부근,승용,여,50세,상해없음,보행자,여,77세,중상
4574,2019100400100306,2019년 10월 4일 12시,금요일,경상남도 밀양시 삼문동,경상사고,0,0,1,0,차대사람 - 횡단중,보행자보호의무위반,포장 - 건조,맑음,단일로 - 기타,화물,남,66세,상해없음,보행자,남,58세,경상
4575,2019100400100405,2019년 10월 4일 14시,금요일,경상남도 진주시 강남동,중상사고,0,1,0,0,차대사람 - 기타,안전운전불이행,포장 - 건조,맑음,단일로 - 기타,승용,남,70세,기타불명,보행자,여,77세,중상
4576,2019100400100447,2019년 10월 4일 15시,금요일,경상남도 통영시 광도면,중상사고,0,1,0,0,차대사람 - 횡단중,안전운전불이행,포장 - 건조,맑음,교차로 - 교차로부근,승용,남,62세,상해없음,보행자,남,89세,중상
4577,2019100400100523,2019년 10월 4일 17시,금요일,경상남도 창원시 진해구 자은동,경상사고,0,0,1,0,차대사람 - 차도통행중,안전운전불이행,포장 - 건조,맑음,단일로 - 기타,승용,남,45세,상해없음,보행자,남,23세,경상
4578,2019100400100583,2019년 10월 4일 18시,금요일,경상남도 김해시 불암동,사망사고,1,0,0,0,차대사람 - 기타,안전운전불이행,포장 - 건조,맑음,단일로 - 기타,승용,남,51세,상해없음,보행자,여,35세,사망
4579,2019100400100647,2019년 10월 4일 19시,금요일,경상남도 의령군 화정면,중상사고,0,1,0,0,차대사람 - 횡단중,안전운전불이행,포장 - 건조,맑음,단일로 - 기타,승용,여,58세,상해없음,보행자,여,78세,중상