,사고번호,사고일시,요일,시군구,사고내용,사망자수,중상자수,경상자수,부상신고자수,사고유형,법규위반,노면상태,기상상태,도로형태,가해운전자 차종,가해운전자 성별,가해운전자 연령,가해운전자 상해정도,피해운전자 차종,피해운전자 성별,피해운전자 연령,피해운전자 상해정도
5025,2019112200100360,2019년 11월 22일 13시,금요일,경상남도 남해군 남해읍,중상사고,0,1,0,0,차대사람 - 차도통행중,안전운전불이행,포장 - 건조,맑음,단일로 - 기타,승용,여,62세,상해없음,보행자,남,74세,중상
5026,2019112200100401,2019년 11월 22일 14시,금요일,경상남도 양산시 삼호동,경상사고,0,0,1,0,차대사람 - 기타,안전운전불이행,포장 - 건조,맑음,단일로 - 기타,승합,남,36세,상해없음,보행자,여,75세,경상
5027,2019112200100642,2019년 11월 22일 18시,금요일,경상남도 함안군 칠원읍,경상사고,0,0,1,0,차대사람 - 차도통행중,안전운전불이행,포장 - 건조,맑음,단일로 - 기타,승용,여,59세,상해없음,보행자,남,42세,경상
5028,2019112200100775,2019년 11월 22일 21시,금요일,경상남도 양산시 명동,경상사고,0,0,1,0,차대사람 - 기타,안전운전불이행,포장 - 건조,맑음,단일로 - 기타,화물,남,41세,상해없음,보행자,남,35세,경상
5029,2019112200100776,2019년 11월 22일 21시,금요일,경상남도 창원시 의창구 북면,중상사고,0,1,1,0,차대사람 - 기타,안전운전불이행,포장 - 건조,맑음,기타 - 기타,이륜,남,38세,상해없음,보행자,여,34세,경상
5030,2019112300100178,2019년 11월 23일 09시,토요일,경상남도 창원시 진해구 두동,경상사고,0,0,1,0,차대사람 - 길가장자리구역통행중,안전운전불이행,포장 - 건조,맑음,단일로 - 기타,승용,남,54세,상해없음,보행자,여,12세,경상
5031,2019112300100292,2019년 11월 23일 12시,토요일,경상남도 김해시 서상동,경상사고,0,0,1,0,차대사람 - 보도통행중,기타,포장 - 건조,맑음,기타 - 기타,승용,남,62세,상해없음,보행자,여,64세,경상
5032,2019112300100293,2019년 11월 23일 12시,토요일,경상남도 창녕군 창녕읍,경상사고,0,0,1,0,차대사람 - 기타,안전운전불이행,포장 - 건조,맑음,교차로 - 교차로부근,승용,남,77세,상해없음,보행자,여,63세,경상
5033,2019112300100343,2019년 11월 23일 13시,토요일,경상남도 진주시 동성동,중상사고,0,1,0,0,차대사람 - 횡단중,안전운전불이행,포장 - 건조,맑음,단일로 - 기타,승용,남,42세,상해없음,보행자,여,20세,중상
5034,2019112300100424,2019년 11월 23일 15시,토요일,경상남도 창녕군 영산면,중상사고,0,1,0,0,차대사람 - 기타,안전운전불이행,포장 - 건조,맑음,주차장 - 주차장,승용,여,41세,상해없음,보행자,여,2세,중상
5035,2019112300100510,2019년 11월 23일 17시,토요일,경상남도 사천시 벌리동,부상신고사고,0,0,0,1,차대사람 - 기타,안전운전불이행,포장 - 건조,맑음,단일로 - 기타,승용,여,52세,기타불명,보행자,남,17세,부상신고
5036,2019112300100513,2019년 11월 23일 17시,토요일,경상남도 밀양시 가곡동,중상사고,0,1,0,0,차대사람 - 횡단중,안전운전불이행,포장 - 건조,흐림,단일로 - 기타,승용,남,59세,상해없음,보행자,여,83세,중상
5037,2019112300100657,2019년 11월 23일 20시,토요일,경상남도 창원시 진해구 석동,경상사고,0,0,1,0,차대사람 - 차도통행중,안전운전불이행,포장 - 건조,맑음,교차로 - 교차로안,승용,남,61세,상해없음,보행자,남,58세,경상
5038,2019112400100045,2019년 11월 24일 01시,일요일,경상남도 양산시 주진동,중상사고,0,1,0,0,차대사람 - 횡단중,안전운전불이행,포장 - 건조,맑음,단일로 - 기타,승용,남,23세,상해없음,보행자,남,52세,중상
5039,2019112400100068,2019년 11월 24일 03시,일요일,경상남도 창원시 진해구 석동,경상사고,0,0,1,0,차대사람 - 길가장자리구역통행중,안전운전불이행,포장 - 젖음/습기,비,단일로 - 기타,승용,남,37세,상해없음,보행자,남,32세,경상
5040,2019112400100069,2019년 11월 24일 03시,일요일,경상남도 창원시 성산구 상남동,경상사고,0,0,1,0,차대사람 - 차도통행중,안전운전불이행,포장 - 건조,맑음,단일로 - 기타,승용,여,31세,상해없음,보행자,남,28세,경상
5041,2019112400100079,2019년 11월 24일 04시,일요일,경상남도 창원시 의창구 북면,중상사고,0,1,0,0,차대사람 - 기타,안전운전불이행,포장 - 젖음/습기,비,교차로 - 교차로부근,화물,남,61세,상해없음,보행자,여,57세,중상
5042,2019112400100092,2019년 11월 24일 05시,일요일,경상남도 통영시 미수동,경상사고,0,0,1,0,차대사람 - 기타,안전운전불이행,포장 - 젖음/습기,비,주차장 - 주차장,승용,남,48세,상해없음,보행자,남,80세,경상
5043,2019112400100256,2019년 11월 24일 14시,일요일,경상남도 창원시 성산구 상남동,경상사고,0,0,1,0,차대사람 - 차도통행중,안전운전불이행,포장 - 건조,맑음,기타 - 기타,승용,여,53세,상해없음,보행자,남,42세,경상
5044,2019112400100285,2019년 11월 24일 15시,일요일,경상남도 김해시 신문동,경상사고,0,0,1,0,차대사람 - 기타,안전운전불이행,포장 - 건조,맑음,단일로 - 기타,승용,남,47세,상해없음,보행자,남,47세,경상
5045,2019112400100371,2019년 11월 24일 17시,일요일,경상남도 창녕군 창녕읍,경상사고,0,0,1,0,차대사람 - 기타,안전운전불이행,포장 - 건조,맑음,기타 - 기타,승용,남,50세,상해없음,보행자,남,미분류,경상
5046,2019112400100372,2019년 11월 24일 17시,일요일,경상남도 창원시 성산구 상남동,중상사고,0,1,0,0,차대사람 - 차도통행중,안전운전불이행,포장 - 건조,맑음,단일로 - 기타,승용,남,38세,상해없음,보행자,남,77세,중상
5047,2019112400100426,2019년 11월 24일 18시,일요일,경상남도 창원시 의창구 도계동,경상사고,0,0,1,0,차대사람 - 기타,신호위반,포장 - 건조,맑음,단일로 - 기타,자전거,남,27세,상해없음,보행자,여,53세,경상
5048,2019112400100500,2019년 11월 24일 20시,일요일,경상남도 진주시 상대동,중상사고,0,1,0,0,차대사람 - 횡단중,안전운전불이행,포장 - 건조,맑음,단일로 - 기타,승용,남,23세,상해없음,보행자,남,41세,중상
5049,2019112400100553,2019년 11월 24일 23시,일요일,경상남도 창원시 마산합포구 중앙동2가,경상사고,0,0,1,0,차대사람 - 횡단중,신호위반,포장 - 건조,맑음,단일로 - 기타,이륜,남,44세,상해없음,보행자,남,46세,경상
5050,2019112500100232,2019년 11월 25일 10시,월요일,경상남도 합천군 적중면,중상사고,0,1,0,0,차대사람 - 보도통행중,안전운전불이행,포장 - 건조,맑음,교차로 - 교차로부근,화물,여,62세,상해없음,보행자,여,76세,중상
5051,2019112500100319,2019년 11월 25일 13시,월요일,경상남도 창원시 진해구 이동,중상사고,0,1,0,0,차대사람 - 차도통행중,안전운전불이행,포장 - 건조,맑음,교차로 - 교차로안,승용,여,48세,상해없음,보행자,여,67세,중상
5052,2019112500100474,2019년 11월 25일 17시,월요일,경상남도 양산시 상북면,경상사고,0,0,1,0,차대사람 - 횡단중,안전운전불이행,포장 - 건조,맑음,교차로 - 교차로안,승용,여,42세,상해없음,보행자,여,53세,경상
5053,2019112500100635,2019년 11월 25일 20시,월요일,경상남도 김해시 삼정동,경상사고,0,0,1,0,차대사람 - 기타,안전운전불이행,포장 - 건조,맑음,단일로 - 기타,승용,남,66세,상해없음,보행자,남,57세,경상
5054,2019112500100636,2019년 11월 25일 20시,월요일,경상남도 창원시 의창구 북면,경상사고,0,0,1,0,차대사람 - 기타,안전운전불이행,포장 - 건조,맑음,단일로 - 기타,기타불명,기타불명,미분류,기타불명,보행자,남,28세,경상
5055,2019112600100126,2019년 11월 26일 07시,화요일,경상남도 밀양시 부북면,중상사고,0,1,0,0,차대사람 - 기타,안전운전불이행,포장 - 건조,맑음,단일로 - 기타,화물,남,64세,상해없음,보행자,여,34세,중상
5056,2019112600100158,2019년 11월 26일 08시,화요일,경상남도 김해시 부원동,경상사고,0,0,1,0,차대사람 - 차도통행중,안전운전불이행,포장 - 건조,맑음,단일로 - 기타,승용,여,55세,상해없음,보행자,남,12세,경상
5057,2019112600100265,2019년 11월 26일 11시,화요일,경상남도 밀양시 내이동,경상사고,0,0,1,0,차대사람 - 횡단중,안전운전불이행,포장 - 건조,맑음,단일로 - 기타,승용,남,52세,상해없음,보행자,여,74세,경상
5058,2019112600100303,2019년 11월 26일 12시,화요일,경상남도 창원시 마산회원구 양덕동,경상사고,0,0,1,0,차대사람 - 기타,안전운전불이행,포장 - 건조,맑음,기타 - 기타,승합,남,52세,상해없음,보행자,여,48세,경상
5059,2019112600100404,2019년 11월 26일 15시,화요일,경상남도 남해군 이동면,중상사고,0,1,0,0,차대사람 - 횡단중,중앙선침범,포장 - 건조,맑음,교차로 - 교차로안,승용,여,51세,상해없음,보행자,남,69세,중상
5060,2019112600100449,2019년 11월 26일 16시,화요일,경상남도 진주시 봉곡동,경상사고,0,0,1,0,차대사람 - 횡단중,보행자보호의무위반,포장 - 건조,맑음,단일로 - 기타,승용,여,58세,상해없음,보행자,여,72세,경상
5061,2019112600100450,2019년 11월 26일 16시,화요일,경상남도 거창군 거창읍,경상사고,0,0,1,0,차대사람 - 차도통행중,안전운전불이행,포장 - 건조,맑음,단일로 - 기타,승용,남,53세,상해없음,보행자,여,69세,경상
5062,2019112600100596,2019년 11월 26일 19시,화요일,경상남도 양산시 북정동,경상사고,0,0,1,0,차대사람 - 차도통행중,안전운전불이행,포장 - 건조,맑음,단일로 - 기타,승합,남,49세,상해없음,보행자,남,59세,경상
5063,2019112600100597,2019년 11월 26일 19시,화요일,경상남도 창원시 마산회원구 회원동,경상사고,0,0,1,0,차대사람 - 차도통행중,안전운전불이행,포장 - 건조,맑음,단일로 - 기타,승용,남,59세,상해없음,보행자,남,64세,경상
5064,2019112600100632,2019년 11월 26일 20시,화요일,경상남도 양산시 용당동,중상사고,0,1,0,0,차대사람 - 차도통행중,안전운전불이행,포장 - 건조,맑음,단일로 - 기타,승용,남,33세,상해없음,보행자,여,69세,중상
5065,2019112600100633,2019년 11월 26일 20시,화요일,경상남도 양산시 덕계동,경상사고,0,0,1,0,차대사람 - 기타,안전운전불이행,포장 - 건조,맑음,단일로 - 기타,원동기,남,49세,상해없음,보행자,남,62세,경상
5066,2019112600100695,2019년 11월 26일 22시,화요일,경상남도 통영시 도천동,중상사고,0,1,0,0,차대사람 - 횡단중,안전운전불이행,포장 - 건조,맑음,단일로 - 기타,승용,남,52세,상해없음,보행자,여,43세,중상
5067,2019112700100080,2019년 11월 27일 06시,수요일,경상남도 거제시 일운면,경상사고,0,0,1,0,차대사람 - 길가장자리구역통행중,안전운전불이행,포장 - 건조,맑음,단일로 - 기타,기타불명,기타불명,미분류,기타불명,보행자,여,84세,경상
5068,2019112700100099,2019년 11월 27일 07시,수요일,경상남도 김해시 내동,중상사고,0,1,0,0,차대사람 - 횡단중,안전운전불이행,포장 - 건조,맑음,단일로 - 기타,화물,남,60세,상해없음,보행자,남,31세,중상
5069,2019112700100150,2019년 11월 27일 08시,수요일,경상남도 통영시 도남동,경상사고,0,0,1,0,차대사람 - 횡단중,안전운전불이행,포장 - 건조,맑음,단일로 - 기타,승용,남,68세,상해없음,보행자,남,77세,경상
5070,2019112700100151,2019년 11월 27일 08시,수요일,경상남도 함안군 가야읍,경상사고,0,0,1,0,차대사람 - 횡단중,보행자보호의무위반,포장 - 건조,맑음,교차로 - 교차로부근,승용,여,36세,상해없음,보행자,여,8세,경상
5071,2019112700100180,2019년 11월 27일 09시,수요일,경상남도 창원시 의창구 신월동,중상사고,0,1,0,0,차대사람 - 기타,안전운전불이행,포장 - 건조,맑음,단일로 - 기타,화물,남,71세,기타불명,보행자,여,76세,중상
5072,2019112700100351,2019년 11월 27일 14시,수요일,경상남도 사천시 사남면,경상사고,0,0,1,0,차대사람 - 횡단중,보행자보호의무위반,포장 - 건조,맑음,단일로 - 기타,승용,여,32세,상해없음,보행자,남,7세,경상
5073,2019112700100352,2019년 11월 27일 14시,수요일,경상남도 합천군 합천읍,경상사고,0,0,1,0,차대사람 - 보도통행중,안전운전불이행,포장 - 건조,맑음,단일로 - 기타,승용,남,51세,상해없음,보행자,남,67세,경상
5074,2019112700100423,2019년 11월 27일 16시,수요일,경상남도 김해시 지내동,경상사고,0,0,1,0,차대사람 - 길가장자리구역통행중,안전운전불이행,포장 - 건조,맑음,단일로 - 기타,기타불명,기타불명,미분류,기타불명,보행자,남,51세,경상
5075,2019112700100468,2019년 11월 27일 17시,수요일,경상남도 양산시 소주동,중상사고,0,1,0,0,차대사람 - 횡단중,신호위반,포장 - 건조,맑음,교차로 - 교차로횡단보도내,이륜,남,50세,상해없음,보행자,여,43세,중상
5076,2019112700100469,2019년 11월 27일 17시,수요일,경상남도 남해군 남면,경상사고,0,0,1,0,차대사람 - 기타,안전운전불이행,포장 - 건조,맑음,단일로 - 기타,승용,남,77세,상해없음,보행자,남,60세,경상
5077,2019112700100470,2019년 11월 27일 17시,수요일,경상남도 창원시 성산구 상남동,중상사고,0,1,0,0,차대사람 - 차도통행중,안전운전불이행,포장 - 건조,맑음,단일로 - 기타,승용,여,52세,상해없음,보행자,남,40세,중상
5078,2019112700100580,2019년 11월 27일 19시,수요일,경상남도 창원시 진해구 남문동,중상사고,0,1,0,0,차대사람 - 기타,중앙선침범,포장 - 건조,맑음,교차로 - 교차로부근,화물,남,63세,상해없음,보행자,여,77세,중상
5079,2019112700100618,2019년 11월 27일 20시,수요일,경상남도 밀양시 무안면,중상사고,0,1,0,0,차대사람 - 횡단중,안전운전불이행,포장 - 건조,맑음,단일로 - 기타,승용,여,51세,상해없음,보행자,남,65세,중상
5080,2019112800100061,2019년 11월 28일 05시,목요일,경상남도 사천시 정동면,경상사고,0,0,1,0,차대사람 - 횡단중,안전운전불이행,포장 - 건조,맑음,교차로 - 교차로안,화물,남,59세,상해없음,보행자,여,81세,경상
5081,2019112800100187,2019년 11월 28일 09시,목요일,경상남도 거창군 위천면,경상사고,0,0,1,0,차대사람 - 차도통행중,안전운전불이행,포장 - 건조,맑음,단일로 - 기타,화물,여,84세,상해없음,보행자,여,81세,경상
5082,2019112800100228,2019년 11월 28일 10시,목요일,경상남도 의령군 의령읍,경상사고,0,0,1,0,차대사람 - 횡단중,안전운전불이행,포장 - 건조,맑음,교차로 - 교차로안,승용,남,48세,상해없음,보행자,남,86세,경상
5083,2019112800100386,2019년 11월 28일 15시,목요일,경상남도 밀양시 내일동,중상사고,0,1,0,0,차대사람 - 길가장자리구역통행중,안전운전불이행,포장 - 건조,맑음,단일로 - 기타,승용,여,36세,상해없음,보행자,여,70세,중상
5084,2019112800100421,2019년 11월 28일 16시,목요일,경상남도 진주시 일반성면,중상사고,0,1,0,0,차대사람 - 기타,보행자보호의무위반,포장 - 건조,맑음,교차로 - 교차로횡단보도내,승합,남,31세,상해없음,보행자,남,46세,중상
5085,2019112800100425,2019년 11월 28일 16시,목요일,경상남도 김해시 관동동,중상사고,0,1,0,0,차대사람 - 기타,보행자보호의무위반,포장 - 건조,맑음,교차로 - 교차로횡단보도내,승용,남,59세,상해없음,보행자,여,7세,중상
5086,2019112800100483,2019년 11월 28일 17시,목요일,경상남도 사천시 선구동,경상사고,0,0,1,0,차대사람 - 횡단중,보행자보호의무위반,포장 - 건조,맑음,교차로 - 교차로안,화물,남,68세,상해없음,보행자,여,69세,경상
5087,2019112800100540,2019년 11월 28일 18시,목요일,경상남도 진주시 신안동,사망사고,1,0,0,0,차대사람 - 횡단중,보행자보호의무위반,포장 - 건조,맑음,교차로 - 교차로횡단보도내,승용,남,71세,상해없음,보행자,남,37세,사망
5088,2019112800100543,2019년 11월 28일 18시,목요일,경상남도 양산시 남부동,중상사고,0,1,0,0,차대사람 - 기타,안전운전불이행,포장 - 건조,맑음,단일로 - 기타,승용,남,51세,기타불명,보행자,남,72세,중상
5089,2019112800100627,2019년 11월 28일 20시,목요일,경상남도 창원시 진해구 장천동,중상사고,0,1,0,0,차대사람 - 기타,보행자보호의무위반,포장 - 건조,맑음,교차로 - 교차로횡단보도내,승용,여,65세,상해없음,보행자,남,8세,중상
5090,2019112900100180,2019년 11월 29일 08시,금요일,경상남도 거제시 옥포동,경상사고,0,0,1,0,차대사람 - 차도통행중,안전운전불이행,포장 - 건조,맑음,교차로 - 교차로안,기타불명,기타불명,미분류,기타불명,보행자,남,10세,경상
5091,2019112900100286,2019년 11월 29일 11시,금요일,경상남도 김해시 외동,경상사고,0,0,1,0,차대사람 - 횡단중,안전운전불이행,포장 - 건조,맑음,단일로 - 기타,승용,여,38세,상해없음,보행자,여,63세,경상
5092,2019112900100317,2019년 11월 29일 12시,금요일,경상남도 창원시 마산합포구 교방동,부상신고사고,0,0,0,1,차대사람 - 기타,안전운전불이행,포장 - 건조,맑음,단일로 - 기타,화물,남,49세,상해없음,보행자,여,60세,부상신고
5093,2019112900100318,2019년 11월 29일 12시,금요일,경상남도 양산시 상북면,중상사고,0,1,0,0,차대사람 - 횡단중,보행자보호의무위반,포장 - 건조,맑음,교차로 - 교차로횡단보도내,화물,남,62세,상해없음,보행자,여,68세,중상
5094,2019112900100450,2019년 11월 29일 15시,금요일,경상남도 창원시 마산합포구 진동면,중상사고,0,1,1,0,차대사람 - 보도통행중,기타,포장 - 건조,맑음,기타 - 기타,승용,남,44세,상해없음,보행자,여,36세,중상
5095,2019112900100508,2019년 11월 29일 16시,금요일,경상남도 창원시 마산합포구 상남동,경상사고,0,0,1,0,차대사람 - 기타,보행자보호의무위반,포장 - 건조,맑음,교차로 - 교차로횡단보도내,승용,남,36세,상해없음,보행자,여,57세,경상
5096,2019112900100560,2019년 11월 29일 17시,금요일,경상남도 고성군 거류면,부상신고사고,0,0,0,1,차대사람 - 차도통행중,안전운전불이행,포장 - 건조,맑음,단일로 - 기타,승용,남,35세,상해없음,보행자,남,57세,부상신고
5097,2019112900100562,2019년 11월 29일 17시,금요일,경상남도 김해시 진례면,경상사고,0,0,1,0,차대사람 - 길가장자리구역통행중,안전운전불이행,포장 - 건조,맑음,단일로 - 기타,기타불명,기타불명,미분류,기타불명,보행자,남,20세,경상
5098,2019112900100689,2019년 11월 29일 19시,금요일,경상남도 진주시 하대동,경상사고,0,0,1,0,차대사람 - 횡단중,보행자보호의무위반,포장 - 건조,맑음,교차로 - 교차로횡단보도내,원동기,남,25세,상해없음,보행자,여,18세,경상
5099,2019112900100772,2019년 11월 29일 21시,금요일,경상남도 김해시 삼정동,중상사고,0,1,0,0,차대사람 - 횡단중,안전운전불이행,포장 - 건조,맑음,단일로 - 기타,이륜,남,17세,상해없음,보행자,남,48세,중상
5100,2019112900100773,2019년 11월 29일 21시,금요일,경상남도 김해시 부원동,경상사고,0,0,2,0,차대사람 - 기타,안전운전불이행,포장 - 건조,맑음,교차로 - 교차로안,승용,남,39세,상해없음,보행자,남,59세,경상
5101,2019112900100774,2019년 11월 29일 21시,금요일,경상남도 창원시 마산회원구 내서읍,중상사고,0,1,0,0,차대사람 - 횡단중,안전운전불이행,포장 - 건조,맑음,단일로 - 기타,화물,남,68세,상해없음,보행자,남,52세,중상
5102,2019113000100310,2019년 11월 30일 12시,토요일,경상남도 거창군 거창읍,중상사고,0,1,0,0,차대사람 - 횡단중,안전운전불이행,포장 - 건조,맑음,단일로 - 기타,승용,남,51세,상해없음,보행자,남,79세,중상
5103,2019113000100416,2019년 11월 30일 15시,토요일,경상남도 창원시 진해구 풍호동,중상사고,0,1,0,0,차대사람 - 차도통행중,안전운전불이행,포장 - 건조,맑음,단일로 - 기타,승합,여,48세,상해없음,보행자,여,85세,중상
5104,2019113000100616,2019년 11월 30일 19시,토요일,경상남도 밀양시 하남읍,중상사고,0,1,0,0,차대사람 - 기타,안전운전불이행,포장 - 건조,맑음,단일로 - 기타,화물,여,57세,상해없음,보행자,여,80세,중상
5105,2019120100100395,2019년 12월 1일 17시,일요일,경상남도 양산시 물금읍,경상사고,0,0,1,1,차대사람 - 횡단중,안전운전불이행,포장 - 젖음/습기,비,교차로 - 교차로안,승용,여,33세,상해없음,보행자,여,30세,부상신고
5106,2019120100100450,2019년 12월 1일 18시,일요일,경상남도 창원시 마산합포구 장군동4가,경상사고,0,0,1,0,차대사람 - 기타,안전운전불이행,포장 - 젖음/습기,비,교차로 - 교차로안,승용,여,61세,상해없음,보행자,여,60세,경상
5107,2019120100100494,2019년 12월 1일 19시,일요일,경상남도 창원시 마산회원구 내서읍,경상사고,0,0,1,0,차대사람 - 횡단중,신호위반,포장 - 젖음/습기,비,교차로 - 교차로횡단보도내,이륜,남,19세,상해없음,보행자,남,15세,경상
5108,2019120100100583,2019년 12월 1일 22시,일요일,경상남도 창원시 성산구 중앙동,경상사고,0,0,1,0,차대사람 - 기타,안전운전불이행,포장 - 젖음/습기,비,교차로 - 교차로횡단보도내,이륜,남,52세,상해없음,보행자,여,63세,경상
5109,2019120200100043,2019년 12월 2일 01시,월요일,경상남도 창원시 마산회원구 석전동,경상사고,0,0,2,0,차대사람 - 횡단중,안전운전불이행,포장 - 젖음/습기,비,단일로 - 기타,승용,남,46세,상해없음,보행자,여,19세,경상
5110,2019120200100068,2019년 12월 2일 06시,월요일,경상남도 진주시 옥봉동,중상사고,0,1,0,0,차대사람 - 횡단중,안전운전불이행,포장 - 건조,맑음,단일로 - 기타,승용,남,56세,상해없음,보행자,남,71세,중상
5111,2019120200100069,2019년 12월 2일 06시,월요일,경상남도 고성군 동해면,경상사고,0,0,3,0,차대사람 - 차도통행중,안전운전불이행,포장 - 건조,맑음,단일로 - 기타,승용,남,36세,상해없음,보행자,남,48세,경상
5112,2019120200100163,2019년 12월 2일 09시,월요일,경상남도 거제시 남부면,중상사고,0,1,0,0,차대사람 - 기타,불법유턴,포장 - 건조,맑음,교차로 - 교차로부근,승용,여,67세,상해없음,보행자,여,80세,중상
5113,2019120200100190,2019년 12월 2일 10시,월요일,경상남도 창원시 마산회원구 내서읍,경상사고,0,0,1,0,차대사람 - 기타,안전운전불이행,포장 - 건조,맑음,교차로 - 교차로안,화물,남,40세,상해없음,보행자,여,26세,경상
5114,2019120200100451,2019년 12월 2일 17시,월요일,경상남도 진주시 호탄동,경상사고,0,0,1,0,차대사람 - 횡단중,안전운전불이행,포장 - 건조,맑음,단일로 - 기타,승용,여,43세,상해없음,보행자,남,12세,경상
5115,2019120200100511,2019년 12월 2일 18시,월요일,경상남도 김해시 내동,경상사고,0,0,1,0,차대사람 - 길가장자리구역통행중,안전운전불이행,포장 - 건조,맑음,단일로 - 기타,승용,남,25세,상해없음,보행자,여,7세,경상
5116,2019120200100513,2019년 12월 2일 18시,월요일,경상남도 창원시 마산회원구 회원동,중상사고,0,1,0,0,차대사람 - 횡단중,보행자보호의무위반,포장 - 건조,맑음,교차로 - 교차로횡단보도내,승용,남,57세,상해없음,보행자,여,62세,중상
5117,2019120200100593,2019년 12월 2일 21시,월요일,경상남도 김해시 부원동,경상사고,0,0,1,0,차대사람 - 횡단중,안전운전불이행,포장 - 건조,맑음,단일로 - 기타,승용,남,31세,상해없음,보행자,남,66세,경상
5118,2019120300100045,2019년 12월 3일 02시,화요일,경상남도 밀양시 내이동,경상사고,0,0,1,0,차대사람 - 기타,안전운전불이행,포장 - 건조,흐림,단일로 - 기타,승용,여,51세,상해없음,보행자,남,50세,경상
5119,2019120300100061,2019년 12월 3일 05시,화요일,경상남도 김해시 풍유동,사망사고,1,0,0,0,차대사람 - 횡단중,안전운전불이행,포장 - 건조,맑음,단일로 - 기타,화물,남,55세,상해없음,보행자,여,69세,사망
5120,2019120300100079,2019년 12월 3일 06시,화요일,경상남도 통영시 정량동,중상사고,0,1,0,0,차대사람 - 횡단중,보행자보호의무위반,포장 - 건조,맑음,단일로 - 기타,화물,남,46세,상해없음,보행자,여,49세,중상
5121,2019120300100186,2019년 12월 3일 09시,화요일,경상남도 창원시 진해구 태평동,중상사고,0,1,0,0,차대사람 - 보도통행중,중앙선침범,포장 - 건조,맑음,단일로 - 기타,화물,남,53세,상해없음,보행자,여,80세,중상
5122,2019120300100187,2019년 12월 3일 09시,화요일,경상남도 창원시 의창구 팔용동,경상사고,0,0,1,0,차대사람 - 기타,안전운전불이행,포장 - 건조,맑음,단일로 - 기타,화물,남,48세,상해없음,보행자,여,62세,경상
5123,2019120300100276,2019년 12월 3일 12시,화요일,경상남도 창원시 성산구 상남동,중상사고,0,1,0,0,차대사람 - 차도통행중,안전운전불이행,포장 - 건조,맑음,교차로 - 교차로안,승용,여,56세,상해없음,보행자,남,66세,중상
5124,2019120300100467,2019년 12월 3일 17시,화요일,경상남도 창원시 의창구 소계동,경상사고,0,0,1,0,차대사람 - 횡단중,안전운전불이행,포장 - 건조,맑음,교차로 - 교차로부근,화물,남,43세,상해없음,보행자,여,70세,경상
5125,2019120300100518,2019년 12월 3일 18시,화요일,경상남도 김해시 외동,부상신고사고,0,0,0,1,차대사람 - 기타,안전운전불이행,포장 - 건조,맑음,기타 - 기타,승용,남,38세,상해없음,보행자,남,52세,부상신고
5126,2019120300100519,2019년 12월 3일 18시,화요일,경상남도 거제시 양정동,경상사고,0,0,1,0,차대사람 - 횡단중,보행자보호의무위반,포장 - 건조,맑음,교차로 - 교차로부근,승용,여,39세,상해없음,보행자,남,54세,경상
5127,2019120300100646,2019년 12월 3일 22시,화요일,경상남도 남해군 남해읍,중상사고,0,1,0,0,차대사람 - 횡단중,안전운전불이행,포장 - 건조,맑음,단일로 - 기타,승합,남,33세,상해없음,보행자,남,22세,중상
5128,2019120400100218,2019년 12월 4일 08시,수요일,경상남도 함양군 유림면,경상사고,0,0,1,0,차대사람 - 차도통행중,안전운전불이행,포장 - 건조,맑음,단일로 - 기타,화물,남,57세,상해없음,보행자,여,86세,경상
5129,2019120400100220,2019년 12월 4일 08시,수요일,경상남도 김해시 한림면,중상사고,0,1,0,0,차대사람 - 횡단중,안전운전불이행,포장 - 건조,맑음,단일로 - 기타,승용,여,50세,상해없음,보행자,남,7세,중상
5130,2019120400100299,2019년 12월 4일 10시,수요일,경상남도 창원시 진해구 여좌동,사망사고,1,0,0,0,차대사람 - 차도통행중,안전운전불이행,포장 - 건조,맑음,교차로 - 교차로안,화물,남,60세,상해없음,보행자,여,78세,사망
5131,2019120400100349,2019년 12월 4일 11시,수요일,경상남도 사천시 동금동,경상사고,0,0,1,0,차대사람 - 기타,안전운전불이행,포장 - 건조,맑음,단일로 - 기타,승용,남,72세,상해없음,보행자,여,71세,경상
5132,2019120400100352,2019년 12월 4일 11시,수요일,경상남도 창원시 성산구 사파동,중상사고,0,1,0,0,차대사람 - 차도통행중,안전운전불이행,포장 - 건조,맑음,단일로 - 기타,승용,남,50세,상해없음,보행자,여,48세,중상
5133,2019120400100544,2019년 12월 4일 17시,수요일,경상남도 거제시 아주동,중상사고,0,2,0,0,차대사람 - 횡단중,보행자보호의무위반,포장 - 건조,맑음,교차로 - 교차로부근,승용,남,68세,상해없음,보행자,여,11세,중상
5134,2019120400100644,2019년 12월 4일 19시,수요일,경상남도 창원시 마산합포구 청계동,경상사고,0,0,1,0,차대사람 - 길가장자리구역통행중,안전운전불이행,포장 - 건조,맑음,단일로 - 기타,승용,남,69세,상해없음,보행자,남,65세,경상
5135,2019120400100703,2019년 12월 4일 21시,수요일,경상남도 창원시 의창구 용호동,중상사고,0,1,0,0,차대사람 - 횡단중,안전운전불이행,포장 - 건조,맑음,단일로 - 기타,이륜,남,33세,상해없음,보행자,남,21세,중상