,사고번호,사고일시,요일,시군구,사고내용,사망자수,중상자수,경상자수,부상신고자수,사고유형,법규위반,노면상태,기상상태,도로형태,가해운전자 차종,가해운전자 성별,가해운전자 연령,가해운전자 상해정도,피해운전자 차종,피해운전자 성별,피해운전자 연령,피해운전자 상해정도
6808,2020090900100535,2020년 9월 9일 22시,수요일,경상남도 김해시 어방동,부상신고사고,0,0,0,1,차대사람 - 횡단중,안전운전불이행,포장 - 건조,맑음,단일로 - 기타,이륜,남,46세,상해없음,보행자,여,60세,부상신고
6809,2020091000100134,2020년 9월 10일 10시,목요일,경상남도 사천시 향촌동,경상사고,0,0,1,0,차대사람 - 차도통행중,교차로운행방법위반,포장 - 건조,맑음,단일로 - 기타,화물,남,45세,상해없음,보행자,여,73세,경상
6810,2020091000100338,2020년 9월 10일 16시,목요일,경상남도 통영시 욕지면,중상사고,0,1,0,0,차대사람 - 기타,안전운전불이행,포장 - 건조,맑음,기타 - 기타,이륜,남,73세,상해없음,보행자,여,68세,중상
6811,2020091000100444,2020년 9월 10일 18시,목요일,경상남도 진주시 가좌동,중상사고,0,1,0,0,차대사람 - 횡단중,보행자보호의무위반,포장 - 건조,맑음,기타 - 기타,승용,여,31세,상해없음,보행자,여,66세,중상
6812,2020091000100567,2020년 9월 10일 22시,목요일,경상남도 창원시 성산구 상남동,경상사고,0,0,1,0,차대사람 - 기타,안전운전불이행,포장 - 건조,맑음,교차로 - 교차로부근,승용,남,62세,경상,보행자,여,27세,상해없음
6813,2020091100100015,2020년 9월 11일 01시,금요일,경상남도 창원시 진해구 자은동,부상신고사고,0,0,0,1,차대사람 - 기타,신호위반,포장 - 건조,맑음,교차로 - 교차로횡단보도내,기타불명,기타불명,미분류,기타불명,보행자,남,50세,부상신고
6814,2020091100100159,2020년 9월 11일 10시,금요일,경상남도 사천시 향촌동,중상사고,0,1,0,0,차대사람 - 횡단중,안전운전불이행,포장 - 건조,맑음,교차로 - 교차로안,승용,여,47세,상해없음,보행자,남,49세,중상
6815,2020091100100186,2020년 9월 11일 11시,금요일,경상남도 사천시 사남면,경상사고,0,0,1,0,차대사람 - 횡단중,안전운전불이행,포장 - 건조,맑음,교차로 - 교차로안,승용,여,45세,상해없음,보행자,여,58세,경상
6816,2020091100100382,2020년 9월 11일 17시,금요일,경상남도 김해시 삼방동,경상사고,0,0,1,0,차대사람 - 차도통행중,안전운전불이행,포장 - 건조,맑음,단일로 - 기타,승용,여,58세,상해없음,보행자,남,19세,경상
6817,2020091100100561,2020년 9월 11일 20시,금요일,경상남도 통영시 미수동,부상신고사고,0,0,0,1,차대사람 - 기타,기타,포장 - 건조,맑음,단일로 - 기타,승용,남,19세,기타불명,보행자,남,28세,부상신고
6818,2020091100100609,2020년 9월 11일 21시,금요일,경상남도 진주시 가좌동,중상사고,0,1,0,0,차대사람 - 횡단중,안전운전불이행,포장 - 젖음/습기,비,교차로 - 교차로안,승용,남,47세,기타불명,보행자,남,19세,중상
6819,2020091200100015,2020년 9월 12일 00시,토요일,경상남도 진주시 평거동,경상사고,0,0,1,0,차대사람 - 길가장자리구역통행중,안전운전불이행,포장 - 건조,맑음,단일로 - 기타,승용,여,28세,기타불명,보행자,남,30세,경상
6820,2020091200100080,2020년 9월 12일 05시,토요일,경상남도 진주시 강남동,중상사고,0,1,0,0,차대사람 - 횡단중,안전운전불이행,포장 - 건조,맑음,교차로 - 교차로횡단보도내,화물,남,52세,상해없음,보행자,여,39세,중상
6821,2020091200100140,2020년 9월 12일 09시,토요일,경상남도 거제시 옥포동,중상사고,0,1,0,0,차대사람 - 횡단중,안전운전불이행,포장 - 건조,맑음,단일로 - 기타,승용,남,44세,상해없음,보행자,여,63세,중상
6822,2020091200100370,2020년 9월 12일 15시,토요일,경상남도 통영시 중앙동,경상사고,0,0,1,0,차대사람 - 기타,안전운전불이행,포장 - 건조,맑음,단일로 - 기타,승합,남,60세,상해없음,보행자,여,75세,경상
6823,2020091200100541,2020년 9월 12일 20시,토요일,경상남도 창원시 의창구 북면,부상신고사고,0,0,0,1,차대사람 - 횡단중,보행자보호의무위반,포장 - 건조,맑음,교차로 - 교차로횡단보도내,기타불명,기타불명,미분류,기타불명,보행자,남,7세,부상신고
6824,2020091300100005,2020년 9월 13일 00시,일요일,경상남도 창원시 성산구 상남동,경상사고,0,0,2,0,차대사람 - 차도통행중,안전운전불이행,포장 - 건조,맑음,교차로 - 교차로부근,승합,남,39세,상해없음,보행자,남,41세,경상
6825,2020091300100136,2020년 9월 13일 11시,일요일,경상남도 통영시 항남동,경상사고,0,0,1,0,차대사람 - 기타,기타,포장 - 건조,맑음,기타 - 기타,기타불명,기타불명,미분류,기타불명,보행자,여,71세,경상
6826,2020091300100248,2020년 9월 13일 14시,일요일,경상남도 창원시 마산합포구 창동,경상사고,0,0,1,0,차대사람 - 기타,안전운전불이행,포장 - 건조,맑음,단일로 - 기타,승용,여,43세,상해없음,보행자,남,39세,경상
6827,2020091300100392,2020년 9월 13일 18시,일요일,경상남도 양산시 물금읍,중상사고,0,1,0,0,차대사람 - 횡단중,신호위반,포장 - 건조,맑음,단일로 - 기타,이륜,남,38세,상해없음,보행자,남,19세,중상
6828,2020091300100418,2020년 9월 13일 19시,일요일,경상남도 창원시 의창구 북면,사망사고,1,0,0,0,차대사람 - 횡단중,안전운전불이행,포장 - 건조,맑음,단일로 - 기타,승용,남,44세,상해없음,보행자,여,88세,사망
6829,2020091300100469,2020년 9월 13일 22시,일요일,경상남도 창원시 마산합포구 중앙동1가,중상사고,0,1,0,0,차대사람 - 기타,안전운전불이행,포장 - 건조,맑음,단일로 - 기타,원동기,남,23세,상해없음,보행자,남,47세,중상
6830,2020091400100128,2020년 9월 14일 08시,월요일,경상남도 양산시 북정동,중상사고,0,1,0,0,차대사람 - 횡단중,보행자보호의무위반,포장 - 건조,맑음,교차로 - 교차로부근,승용,남,74세,상해없음,보행자,여,13세,중상
6831,2020091400100236,2020년 9월 14일 11시,월요일,경상남도 양산시 중부동,중상사고,0,1,0,0,차대사람 - 보도통행중,안전운전불이행,포장 - 건조,맑음,단일로 - 기타,승용,여,24세,상해없음,보행자,여,17세,중상
6832,2020091400100237,2020년 9월 14일 11시,월요일,경상남도 창원시 의창구 팔용동,중상사고,0,1,0,0,차대사람 - 횡단중,보행자보호의무위반,포장 - 건조,맑음,교차로 - 교차로부근,승용,여,28세,상해없음,보행자,여,62세,중상
6833,2020091400100264,2020년 9월 14일 12시,월요일,경상남도 진주시 이현동,중상사고,0,1,0,0,차대사람 - 횡단중,신호위반,포장 - 건조,맑음,교차로 - 교차로횡단보도내,화물,남,22세,상해없음,보행자,여,76세,중상
6834,2020091400100367,2020년 9월 14일 15시,월요일,경상남도 거제시 옥포동,중상사고,0,1,0,0,차대사람 - 횡단중,보행자보호의무위반,포장 - 건조,맑음,교차로 - 교차로안,승용,남,23세,상해없음,보행자,여,66세,중상
6835,2020091400100457,2020년 9월 14일 17시,월요일,경상남도 창원시 마산회원구 내서읍,경상사고,0,0,1,0,차대사람 - 횡단중,안전운전불이행,포장 - 건조,맑음,단일로 - 기타,승용,여,23세,상해없음,보행자,남,9세,경상
6836,2020091400100536,2020년 9월 14일 19시,월요일,경상남도 창원시 마산합포구 오동동,경상사고,0,0,1,0,차대사람 - 횡단중,안전운전불이행,포장 - 건조,맑음,단일로 - 기타,이륜,남,42세,상해없음,보행자,남,53세,경상
6837,2020091500100303,2020년 9월 15일 14시,화요일,경상남도 창원시 진해구 인사동,중상사고,0,1,0,0,차대사람 - 기타,안전운전불이행,포장 - 건조,맑음,단일로 - 기타,승용,여,61세,상해없음,보행자,여,68세,중상
6838,2020091500100305,2020년 9월 15일 14시,화요일,경상남도 사천시 서포면,중상사고,0,1,0,0,차대사람 - 기타,안전운전불이행,포장 - 건조,맑음,교차로 - 교차로부근,승용,남,47세,상해없음,보행자,여,75세,중상
6839,2020091500100306,2020년 9월 15일 14시,화요일,경상남도 김해시 불암동,부상신고사고,0,0,0,1,차대사람 - 기타,안전운전불이행,포장 - 건조,맑음,단일로 - 기타,승합,남,46세,상해없음,보행자,남,72세,부상신고
6840,2020091500100549,2020년 9월 15일 21시,화요일,경상남도 창원시 마산회원구 석전동,중상사고,0,1,0,0,차대사람 - 차도통행중,안전운전불이행,포장 - 건조,기타,교차로 - 교차로부근,승용,여,41세,상해없음,보행자,남,65세,중상
6841,2020091600100060,2020년 9월 16일 07시,수요일,경상남도 양산시 물금읍,중상사고,0,1,0,0,차대사람 - 기타,보행자보호의무위반,포장 - 건조,맑음,교차로 - 교차로횡단보도내,승용,남,37세,상해없음,보행자,여,16세,중상
6842,2020091600100174,2020년 9월 16일 10시,수요일,경상남도 창원시 성산구 반림동,경상사고,0,0,1,0,차대사람 - 보도통행중,안전운전불이행,포장 - 건조,맑음,교차로 - 교차로안,승용,남,63세,상해없음,보행자,여,19세,경상
6843,2020091600100175,2020년 9월 16일 10시,수요일,경상남도 김해시 관동동,중상사고,0,1,0,0,차대사람 - 횡단중,안전운전불이행,포장 - 젖음/습기,흐림,교차로 - 교차로안,화물,남,52세,상해없음,보행자,남,61세,중상
6844,2020091600100231,2020년 9월 16일 12시,수요일,경상남도 창원시 진해구 석동,경상사고,0,0,1,0,차대사람 - 기타,안전운전불이행,포장 - 건조,맑음,교차로 - 교차로부근,승용,남,22세,상해없음,보행자,여,31세,경상
6845,2020091600100346,2020년 9월 16일 16시,수요일,경상남도 고성군 상리면,중상사고,0,1,0,0,차대사람 - 횡단중,신호위반,포장 - 건조,맑음,교차로 - 교차로안,승용,여,24세,상해없음,보행자,남,64세,중상
6846,2020091600100347,2020년 9월 16일 16시,수요일,경상남도 창원시 의창구 용호동,경상사고,0,0,1,0,차대사람 - 기타,안전운전불이행,포장 - 건조,맑음,교차로 - 교차로안,승용,여,58세,상해없음,보행자,남,83세,경상
6847,2020091600100390,2020년 9월 16일 17시,수요일,경상남도 창원시 성산구 대방동,중상사고,0,1,0,0,차대사람 - 보도통행중,기타,포장 - 건조,맑음,단일로 - 기타,자전거,남,66세,상해없음,보행자,여,8세,중상
6848,2020091600100475,2020년 9월 16일 19시,수요일,경상남도 양산시 어곡동,중상사고,0,1,0,0,차대사람 - 기타,보행자보호의무위반,포장 - 건조,맑음,단일로 - 기타,승용,남,40세,상해없음,보행자,남,43세,중상
6849,2020091600100534,2020년 9월 16일 21시,수요일,경상남도 밀양시 삼문동,경상사고,0,0,1,0,차대사람 - 횡단중,안전운전불이행,포장 - 건조,맑음,단일로 - 기타,승용,남,38세,상해없음,보행자,남,69세,경상
6850,2020091600100552,2020년 9월 16일 22시,수요일,경상남도 거제시 수월동,경상사고,0,0,1,0,차대사람 - 기타,안전운전불이행,포장 - 젖음/습기,비,교차로 - 교차로안,승용,여,47세,상해없음,보행자,여,31세,경상
6851,2020091700100257,2020년 9월 17일 13시,목요일,경상남도 진주시 평거동,경상사고,0,0,1,0,차대사람 - 횡단중,기타,포장 - 건조,맑음,단일로 - 기타,승용,남,70세,상해없음,보행자,여,8세,경상
6852,2020091700100479,2020년 9월 17일 19시,목요일,경상남도 양산시 명동,경상사고,0,0,1,0,차대사람 - 횡단중,보행자보호의무위반,포장 - 젖음/습기,비,단일로 - 기타,승용,남,50세,상해없음,보행자,남,54세,경상
6853,2020091700100516,2020년 9월 17일 20시,목요일,경상남도 양산시 물금읍,경상사고,0,0,1,0,차대사람 - 횡단중,기타,포장 - 젖음/습기,비,단일로 - 기타,자전거,남,21세,상해없음,보행자,여,69세,경상
6854,2020091700100541,2020년 9월 17일 21시,목요일,경상남도 통영시 북신동,중상사고,0,1,0,0,차대사람 - 기타,안전운전불이행,포장 - 젖음/습기,비,교차로 - 교차로부근,승용,남,68세,상해없음,보행자,남,65세,중상
6855,2020091700100543,2020년 9월 17일 21시,목요일,경상남도 양산시 물금읍,중상사고,0,1,0,0,차대사람 - 횡단중,신호위반,포장 - 젖음/습기,비,교차로 - 교차로안,승용,여,47세,상해없음,보행자,여,62세,중상
6856,2020091800100038,2020년 9월 18일 04시,금요일,경상남도 창원시 마산합포구 자산동,경상사고,0,0,1,0,차대사람 - 기타,안전운전불이행,포장 - 젖음/습기,비,교차로 - 교차로부근,승용,남,55세,상해없음,보행자,남,72세,경상
6857,2020091800100437,2020년 9월 18일 16시,금요일,경상남도 창원시 진해구 화천동,중상사고,0,1,0,0,차대사람 - 기타,안전운전불이행,포장 - 건조,맑음,기타 - 기타,승용,여,29세,기타불명,보행자,여,81세,중상
6858,2020091800100543,2020년 9월 18일 18시,금요일,경상남도 밀양시 삼문동,중상사고,0,1,0,0,차대사람 - 기타,안전운전불이행,포장 - 건조,흐림,단일로 - 기타,승용,여,53세,상해없음,보행자,남,45세,중상
6859,2020091800100544,2020년 9월 18일 18시,금요일,경상남도 김해시 삼방동,중상사고,0,1,0,0,차대사람 - 기타,안전운전불이행,포장 - 건조,맑음,주차장 - 주차장,승용,여,40세,상해없음,보행자,여,76세,중상
6860,2020091800100545,2020년 9월 18일 18시,금요일,경상남도 양산시 중부동,경상사고,0,0,1,0,차대사람 - 차도통행중,안전운전불이행,포장 - 건조,맑음,단일로 - 기타,승용,여,25세,상해없음,보행자,남,68세,경상
6861,2020091900100127,2020년 9월 19일 08시,토요일,경상남도 진주시 본성동,중상사고,0,1,0,0,차대사람 - 횡단중,안전운전불이행,포장 - 건조,맑음,교차로 - 교차로부근,승용,여,33세,상해없음,보행자,남,32세,중상
6862,2020091900100340,2020년 9월 19일 13시,토요일,경상남도 창원시 진해구 안골동,중상사고,0,1,0,0,차대사람 - 횡단중,안전운전불이행,포장 - 건조,맑음,교차로 - 교차로횡단보도내,승용,여,66세,상해없음,보행자,남,71세,중상
6863,2020091900100487,2020년 9월 19일 16시,토요일,경상남도 밀양시 하남읍,경상사고,0,0,1,0,차대사람 - 횡단중,안전운전불이행,포장 - 건조,맑음,단일로 - 기타,자전거,남,54세,상해없음,보행자,여,47세,경상
6864,2020091900100488,2020년 9월 19일 16시,토요일,경상남도 창원시 성산구 상남동,중상사고,0,1,0,0,차대사람 - 차도통행중,안전운전불이행,포장 - 건조,맑음,기타 - 기타,승용,여,53세,상해없음,보행자,남,60세,중상
6865,2020091900100572,2020년 9월 19일 18시,토요일,경상남도 진주시 상대동,중상사고,0,1,0,0,차대사람 - 횡단중,안전운전불이행,포장 - 건조,맑음,교차로 - 교차로부근,사륜오토바이(ATV),남,75세,상해없음,보행자,남,58세,중상
6866,2020091900100574,2020년 9월 19일 18시,토요일,경상남도 거제시 옥포동,경상사고,0,0,1,0,차대사람 - 기타,안전운전불이행,포장 - 건조,맑음,주차장 - 주차장,승용,남,33세,상해없음,보행자,여,32세,경상
6867,2020092000100032,2020년 9월 20일 01시,일요일,경상남도 거제시 고현동,경상사고,0,0,2,0,차대사람 - 기타,안전운전불이행,포장 - 건조,맑음,교차로 - 교차로안,승용,남,45세,상해없음,보행자,남,45세,경상
6868,2020092000100273,2020년 9월 20일 14시,일요일,경상남도 통영시 산양읍,중상사고,0,1,0,0,차대사람 - 횡단중,안전운전불이행,포장 - 건조,맑음,단일로 - 기타,화물,남,54세,상해없음,보행자,남,9세,중상
6869,2020092000100417,2020년 9월 20일 18시,일요일,경상남도 창원시 의창구 명서동,중상사고,0,1,0,0,차대사람 - 기타,안전운전불이행,포장 - 건조,맑음,단일로 - 기타,이륜,남,58세,상해없음,보행자,여,4세,중상
6870,2020092000100442,2020년 9월 20일 19시,일요일,경상남도 거제시 사등면,사망사고,1,0,0,0,차대사람 - 차도통행중,안전운전불이행,포장 - 건조,맑음,교차로 - 교차로안,화물,남,65세,상해없음,보행자,남,60세,사망
6871,2020092000100501,2020년 9월 20일 21시,일요일,경상남도 거제시 거제면,중상사고,0,1,0,0,차대사람 - 차도통행중,안전운전불이행,포장 - 건조,맑음,단일로 - 기타,승용,남,54세,상해없음,보행자,남,60세,중상
6872,2020092100100040,2020년 9월 21일 05시,월요일,경상남도 통영시 명정동,부상신고사고,0,0,0,1,차대사람 - 횡단중,기타,포장 - 건조,맑음,교차로 - 교차로부근,승용,남,63세,상해없음,보행자,남,71세,부상신고
6873,2020092100100077,2020년 9월 21일 07시,월요일,경상남도 양산시 평산동,경상사고,0,0,2,0,차대사람 - 횡단중,보행자보호의무위반,포장 - 건조,맑음,교차로 - 교차로횡단보도내,화물,남,41세,상해없음,보행자,여,24세,경상
6874,2020092100100163,2020년 9월 21일 09시,월요일,경상남도 통영시 정량동,중상사고,0,1,0,0,차대사람 - 횡단중,보행자보호의무위반,포장 - 건조,맑음,교차로 - 교차로횡단보도내,승합,남,65세,상해없음,보행자,여,54세,중상
6875,2020092100100166,2020년 9월 21일 09시,월요일,경상남도 창녕군 창녕읍,경상사고,0,0,1,0,차대사람 - 기타,안전운전불이행,포장 - 건조,맑음,단일로 - 기타,승용,여,61세,상해없음,보행자,여,48세,경상
6876,2020092100100168,2020년 9월 21일 09시,월요일,경상남도 남해군 남면,중상사고,0,1,0,0,차대사람 - 차도통행중,안전운전불이행,포장 - 건조,맑음,단일로 - 기타,화물,남,59세,상해없음,보행자,남,90세,중상
6877,2020092100100283,2020년 9월 21일 12시,월요일,경상남도 밀양시 무안면,경상사고,0,0,1,0,차대사람 - 길가장자리구역통행중,안전운전불이행,포장 - 건조,맑음,단일로 - 기타,승용,남,67세,상해없음,보행자,여,54세,경상
6878,2020092100100366,2020년 9월 21일 14시,월요일,경상남도 양산시 주진동,중상사고,0,1,0,0,차대사람 - 기타,안전운전불이행,포장 - 건조,맑음,단일로 - 기타,승용,여,52세,상해없음,보행자,여,23세,중상
6879,2020092100100367,2020년 9월 21일 14시,월요일,경상남도 거제시 옥포동,중상사고,0,1,0,0,차대사람 - 횡단중,보행자보호의무위반,포장 - 건조,맑음,교차로 - 교차로횡단보도내,화물,남,53세,상해없음,보행자,여,13세,중상
6880,2020092100100415,2020년 9월 21일 15시,월요일,경상남도 창원시 의창구 중동,중상사고,0,1,0,0,차대사람 - 횡단중,안전운전불이행,포장 - 건조,맑음,교차로 - 교차로부근,승용,남,43세,상해없음,보행자,여,84세,중상
6881,2020092100100517,2020년 9월 21일 17시,월요일,경상남도 거제시 장평동,경상사고,0,0,1,0,차대사람 - 횡단중,보행자보호의무위반,포장 - 건조,맑음,단일로 - 기타,승용,여,53세,상해없음,보행자,남,48세,경상
6882,2020092100100613,2020년 9월 21일 19시,월요일,경상남도 창원시 마산합포구 덕동동,중상사고,0,1,0,0,차대사람 - 기타,안전운전불이행,포장 - 건조,맑음,단일로 - 기타,승용,남,61세,상해없음,보행자,여,51세,중상
6883,2020092100100614,2020년 9월 21일 19시,월요일,경상남도 창원시 진해구 송학동,중상사고,0,1,0,0,차대사람 - 횡단중,보행자보호의무위반,포장 - 건조,맑음,단일로 - 기타,원동기,남,26세,상해없음,보행자,여,49세,중상
6884,2020092100100615,2020년 9월 21일 19시,월요일,경상남도 사천시 축동면,중상사고,0,1,0,0,차대사람 - 횡단중,안전운전불이행,포장 - 건조,맑음,교차로 - 교차로안,승용,여,53세,상해없음,보행자,여,81세,중상
6885,2020092100100616,2020년 9월 21일 19시,월요일,경상남도 김해시 외동,경상사고,0,0,2,0,차대사람 - 횡단중,안전운전불이행,포장 - 건조,맑음,교차로 - 교차로횡단보도내,승용,남,52세,상해없음,보행자,여,65세,경상
6886,2020092100100697,2020년 9월 21일 22시,월요일,경상남도 진주시 정촌면,경상사고,0,0,1,0,차대사람 - 횡단중,안전운전불이행,포장 - 건조,맑음,단일로 - 기타,승용,여,39세,상해없음,보행자,남,52세,경상
6887,2020092100100698,2020년 9월 21일 22시,월요일,경상남도 김해시 삼문동,중상사고,0,1,0,0,차대사람 - 기타,안전운전불이행,포장 - 건조,맑음,교차로 - 교차로부근,승용,남,53세,상해없음,보행자,남,36세,중상
6888,2020092100100717,2020년 9월 21일 23시,월요일,경상남도 밀양시 부북면,중상사고,0,2,0,0,차대사람 - 기타,안전운전불이행,포장 - 건조,맑음,단일로 - 기타,화물,남,56세,상해없음,보행자,남,71세,중상
6889,2020092100100718,2020년 9월 21일 23시,월요일,경상남도 김해시 대동면,경상사고,0,0,1,0,차대사람 - 차도통행중,안전운전불이행,포장 - 건조,맑음,단일로 - 기타,승용,남,27세,상해없음,보행자,남,38세,경상
6890,2020092200100471,2020년 9월 22일 16시,화요일,경상남도 창원시 마산합포구 중앙동2가,경상사고,0,0,1,0,차대사람 - 기타,신호위반,포장 - 건조,맑음,교차로 - 교차로부근,승용,남,72세,상해없음,보행자,여,81세,경상
6891,2020092200100472,2020년 9월 22일 16시,화요일,경상남도 진주시 상대동,중상사고,0,1,0,0,차대사람 - 횡단중,안전운전불이행,포장 - 건조,맑음,단일로 - 기타,승용,남,42세,상해없음,보행자,여,56세,중상
6892,2020092200100526,2020년 9월 22일 17시,화요일,경상남도 양산시 물금읍,경상사고,0,0,1,0,차대사람 - 기타,신호위반,포장 - 건조,맑음,교차로 - 교차로안,원동기,남,37세,상해없음,보행자,여,59세,경상
6893,2020092200100634,2020년 9월 22일 19시,화요일,경상남도 진주시 가좌동,중상사고,0,1,0,0,차대사람 - 차도통행중,안전운전불이행,포장 - 건조,맑음,단일로 - 기타,승용,남,67세,상해없음,보행자,여,56세,중상
6894,2020092300100284,2020년 9월 23일 13시,수요일,경상남도 진주시 망경동,중상사고,0,1,0,0,차대사람 - 기타,안전운전불이행,포장 - 건조,맑음,단일로 - 기타,승용,남,39세,상해없음,보행자,남,68세,중상
6895,2020092300100328,2020년 9월 23일 14시,수요일,경상남도 양산시 삼호동,경상사고,0,0,1,0,차대사람 - 횡단중,중앙선침범,포장 - 건조,맑음,단일로 - 기타,승용,여,30세,상해없음,보행자,여,41세,경상
6896,2020092300100329,2020년 9월 23일 14시,수요일,경상남도 김해시 진영읍,중상사고,0,1,0,0,차대사람 - 횡단중,안전운전불이행,포장 - 건조,맑음,단일로 - 기타,승용,남,20세,상해없음,보행자,남,8세,중상
6897,2020092300100330,2020년 9월 23일 14시,수요일,경상남도 김해시 율하동,중상사고,0,1,0,0,차대사람 - 횡단중,보행자보호의무위반,포장 - 건조,맑음,단일로 - 기타,승용,남,68세,상해없음,보행자,여,9세,중상
6898,2020092300100643,2020년 9월 23일 23시,수요일,경상남도 김해시 동상동,경상사고,0,0,1,0,차대사람 - 차도통행중,안전운전불이행,포장 - 건조,맑음,단일로 - 기타,승용,여,57세,상해없음,보행자,남,50세,경상
6899,2020092400100055,2020년 9월 24일 05시,목요일,경상남도 김해시 어방동,중상사고,0,1,0,0,차대사람 - 횡단중,안전운전불이행,포장 - 건조,맑음,교차로 - 교차로안,승용,남,62세,상해없음,보행자,남,84세,중상
6900,2020092400100200,2020년 9월 24일 10시,목요일,경상남도 창원시 성산구 상남동,중상사고,0,1,0,0,차대사람 - 횡단중,보행자보호의무위반,포장 - 건조,맑음,교차로 - 교차로횡단보도내,승용,여,65세,상해없음,보행자,남,41세,중상
6901,2020092400100265,2020년 9월 24일 12시,목요일,경상남도 밀양시 상남면,사망사고,1,0,0,0,차대사람 - 기타,안전운전불이행,포장 - 건조,맑음,단일로 - 기타,승용,여,59세,상해없음,보행자,여,60세,사망
6902,2020092400100555,2020년 9월 24일 19시,목요일,경상남도 통영시 무전동,중상사고,0,1,0,0,차대사람 - 횡단중,안전운전불이행,포장 - 건조,맑음,교차로 - 교차로횡단보도내,승용,남,47세,상해없음,보행자,남,69세,중상
6903,2020092400100601,2020년 9월 24일 20시,목요일,경상남도 통영시 광도면,중상사고,0,1,0,0,차대사람 - 차도통행중,안전운전불이행,포장 - 건조,맑음,교차로 - 교차로안,승용,남,50세,상해없음,보행자,남,61세,중상
6904,2020092400100630,2020년 9월 24일 21시,목요일,경상남도 남해군 남해읍,중상사고,0,1,0,0,차대사람 - 횡단중,안전운전불이행,포장 - 건조,흐림,교차로 - 교차로안,승용,남,55세,상해없음,보행자,여,44세,중상
6905,2020092500100059,2020년 9월 25일 05시,금요일,경상남도 창녕군 대합면,경상사고,0,0,1,0,차대사람 - 기타,안전운전불이행,포장 - 건조,맑음,단일로 - 기타,승용,남,31세,경상,보행자,남,18세,기타불명
6906,2020092500100294,2020년 9월 25일 13시,금요일,경상남도 창원시 마산회원구 내서읍,중상사고,0,1,0,0,차대사람 - 횡단중,보행자보호의무위반,포장 - 건조,맑음,교차로 - 교차로횡단보도내,특수,남,54세,상해없음,보행자,남,77세,중상
6907,2020092500100437,2020년 9월 25일 16시,금요일,경상남도 거제시 고현동,경상사고,0,0,1,0,차대사람 - 기타,안전운전불이행,포장 - 건조,맑음,교차로 - 교차로안,승합,여,56세,상해없음,보행자,여,76세,경상
6908,2020092500100494,2020년 9월 25일 17시,금요일,경상남도 김해시 부원동,경상사고,0,0,1,0,차대사람 - 기타,안전운전불이행,포장 - 건조,맑음,단일로 - 기타,승용,남,69세,상해없음,보행자,남,86세,경상
6909,2020092500100574,2020년 9월 25일 18시,금요일,경상남도 양산시 북정동,경상사고,0,0,1,0,차대사람 - 횡단중,보행자보호의무위반,포장 - 건조,맑음,교차로 - 교차로횡단보도내,이륜,남,52세,상해없음,보행자,여,25세,경상
6910,2020092500100629,2020년 9월 25일 19시,금요일,경상남도 통영시 북신동,중상사고,0,1,0,0,차대사람 - 횡단중,보행자보호의무위반,포장 - 건조,맑음,교차로 - 교차로부근,승용,남,46세,상해없음,보행자,여,59세,중상
6911,2020092500100699,2020년 9월 25일 21시,금요일,경상남도 통영시 무전동,경상사고,0,0,1,0,차대사람 - 횡단중,안전운전불이행,포장 - 건조,맑음,교차로 - 교차로부근,승용,남,23세,상해없음,보행자,남,40세,경상
6912,2020092500100731,2020년 9월 25일 22시,금요일,경상남도 거제시 거제면,중상사고,0,1,0,0,차대사람 - 차도통행중,안전운전불이행,포장 - 건조,맑음,단일로 - 기타,승용,여,54세,상해없음,보행자,남,55세,중상
6913,2020092500100732,2020년 9월 25일 22시,금요일,경상남도 창원시 성산구 상남동,경상사고,0,0,1,0,차대사람 - 기타,안전운전불이행,포장 - 건조,흐림,단일로 - 기타,승합,남,23세,상해없음,보행자,남,39세,경상
6914,2020092500100762,2020년 9월 25일 23시,금요일,경상남도 창원시 마산합포구 창포동2가,중상사고,0,1,0,0,차대사람 - 기타,안전운전불이행,포장 - 건조,맑음,교차로 - 교차로안,이륜,남,40세,상해없음,보행자,남,47세,중상
6915,2020092600100029,2020년 9월 26일 01시,토요일,경상남도 하동군 금남면,경상사고,0,0,1,0,차대사람 - 기타,안전운전불이행,포장 - 건조,기타,단일로 - 기타,화물,남,53세,상해없음,보행자,남,65세,경상
6916,2020092600100035,2020년 9월 26일 02시,토요일,경상남도 진주시 상평동,중상사고,0,1,0,0,차대사람 - 기타,안전운전불이행,포장 - 건조,맑음,단일로 - 기타,승용,남,29세,상해없음,보행자,여,80세,중상
6917,2020092600100101,2020년 9월 26일 07시,토요일,경상남도 창원시 진해구 덕산동,중상사고,0,1,0,0,차대사람 - 차도통행중,안전운전불이행,포장 - 건조,맑음,교차로 - 교차로부근,승용,남,70세,상해없음,보행자,여,69세,중상
6918,2020092600100191,2020년 9월 26일 10시,토요일,경상남도 진주시 대안동,중상사고,0,1,0,0,차대사람 - 횡단중,안전운전불이행,포장 - 건조,맑음,단일로 - 기타,승용,남,52세,상해없음,보행자,여,70세,중상
6919,2020092600100285,2020년 9월 26일 12시,토요일,경상남도 창원시 성산구 대방동,경상사고,0,0,1,0,차대사람 - 길가장자리구역통행중,안전운전불이행,포장 - 건조,맑음,교차로 - 교차로안,승용,남,44세,상해없음,보행자,남,13세,경상