,사고번호,사고일시,요일,시군구,사고내용,사망자수,중상자수,경상자수,부상신고자수,사고유형,법규위반,노면상태,기상상태,도로형태,가해운전자 차종,가해운전자 성별,가해운전자 연령,가해운전자 상해정도,피해운전자 차종,피해운전자 성별,피해운전자 연령,피해운전자 상해정도
6920,2020092600100555,2020년 9월 26일 18시,토요일,경상남도 밀양시 교동,중상사고,0,1,0,0,차대사람 - 횡단중,보행자보호의무위반,포장 - 건조,맑음,단일로 - 기타,승용,남,68세,상해없음,보행자,여,63세,중상
6921,2020092700100036,2020년 9월 27일 01시,일요일,경상남도 창원시 의창구 봉곡동,중상사고,0,1,0,0,차대사람 - 기타,안전운전불이행,포장 - 건조,맑음,단일로 - 기타,승용,남,61세,상해없음,보행자,남,48세,중상
6922,2020092700100085,2020년 9월 27일 06시,일요일,경상남도 사천시 서동,경상사고,0,0,1,0,차대사람 - 기타,안전운전불이행,포장 - 건조,맑음,단일로 - 기타,승합,남,58세,기타불명,보행자,여,79세,경상
6923,2020092700100285,2020년 9월 27일 14시,일요일,경상남도 통영시 산양읍,경상사고,0,0,1,0,차대사람 - 기타,안전운전불이행,포장 - 건조,맑음,기타 - 기타,승용,남,55세,상해없음,보행자,여,53세,경상
6924,2020092700100433,2020년 9월 27일 18시,일요일,경상남도 창원시 성산구 상남동,중상사고,0,1,0,0,차대사람 - 횡단중,안전운전불이행,포장 - 건조,맑음,단일로 - 기타,이륜,남,54세,상해없음,보행자,여,47세,중상
6925,2020092700100494,2020년 9월 27일 20시,일요일,경상남도 창원시 마산합포구 진북면,중상사고,0,1,0,0,차대사람 - 횡단중,안전운전불이행,포장 - 건조,맑음,교차로 - 교차로부근,승용,남,56세,상해없음,보행자,남,53세,중상
6926,2020092700100521,2020년 9월 27일 21시,일요일,경상남도 진주시 하대동,부상신고사고,0,0,0,1,차대사람 - 횡단중,안전운전불이행,포장 - 건조,맑음,단일로 - 기타,승용,남,33세,상해없음,보행자,남,49세,부상신고
6927,2020092700100553,2020년 9월 27일 23시,일요일,경상남도 양산시 소주동,중상사고,0,1,0,0,차대사람 - 기타,안전운전불이행,포장 - 건조,맑음,단일로 - 기타,승용,남,50세,상해없음,보행자,남,57세,중상
6928,2020092800100069,2020년 9월 28일 07시,월요일,경상남도 진주시 본성동,중상사고,0,1,0,0,차대사람 - 횡단중,보행자보호의무위반,포장 - 건조,맑음,교차로 - 교차로횡단보도내,승용,남,38세,상해없음,보행자,남,66세,중상
6929,2020092800100116,2020년 9월 28일 08시,월요일,경상남도 창원시 마산합포구 상남동,중상사고,0,1,0,0,차대사람 - 횡단중,안전운전불이행,포장 - 건조,맑음,교차로 - 교차로부근,승용,남,45세,상해없음,보행자,여,73세,중상
6930,2020092800100117,2020년 9월 28일 08시,월요일,경상남도 양산시 덕계동,경상사고,0,0,1,0,차대사람 - 횡단중,보행자보호의무위반,포장 - 건조,맑음,교차로 - 교차로안,화물,남,68세,상해없음,보행자,남,58세,경상
6931,2020092800100192,2020년 9월 28일 10시,월요일,경상남도 창원시 마산합포구 중앙동2가,경상사고,0,0,1,0,차대사람 - 보도통행중,신호위반,포장 - 건조,맑음,교차로 - 교차로횡단보도내,승용,남,63세,상해없음,보행자,남,69세,경상
6932,2020092800100193,2020년 9월 28일 10시,월요일,경상남도 진주시 대안동,경상사고,0,0,1,0,차대사람 - 횡단중,보행자보호의무위반,포장 - 건조,맑음,교차로 - 교차로횡단보도내,승용,남,71세,상해없음,보행자,여,78세,경상
6933,2020092800100245,2020년 9월 28일 11시,월요일,경상남도 창원시 성산구 상남동,중상사고,0,1,0,0,차대사람 - 기타,안전운전불이행,포장 - 건조,맑음,교차로 - 교차로부근,원동기,남,43세,상해없음,보행자,여,43세,중상
6934,2020092800100291,2020년 9월 28일 12시,월요일,경상남도 김해시 율하동,중상사고,0,1,1,0,차대사람 - 횡단중,신호위반,포장 - 건조,맑음,단일로 - 기타,이륜,남,25세,상해없음,보행자,남,10세,경상
6935,2020092800100397,2020년 9월 28일 14시,월요일,경상남도 사천시 선구동,중상사고,0,1,0,0,차대사람 - 횡단중,안전운전불이행,포장 - 건조,맑음,교차로 - 교차로안,화물,남,57세,상해없음,보행자,여,55세,중상
6936,2020092800100508,2020년 9월 28일 16시,월요일,경상남도 창원시 진해구 경화동,경상사고,0,0,1,0,차대사람 - 횡단중,신호위반,포장 - 건조,맑음,교차로 - 교차로횡단보도내,승용,여,75세,상해없음,보행자,여,58세,경상
6937,2020092800100638,2020년 9월 28일 18시,월요일,경상남도 창원시 마산합포구 홍문동,경상사고,0,0,1,0,차대사람 - 차도통행중,기타,포장 - 건조,맑음,단일로 - 기타,승용,남,37세,상해없음,보행자,남,55세,경상
6938,2020092800100641,2020년 9월 28일 18시,월요일,경상남도 창원시 성산구 상남동,경상사고,0,0,1,0,차대사람 - 횡단중,보행자보호의무위반,포장 - 건조,맑음,교차로 - 교차로횡단보도내,승용,남,71세,상해없음,보행자,여,32세,경상
6939,2020092800100773,2020년 9월 28일 21시,월요일,경상남도 김해시 삼방동,경상사고,0,0,1,0,차대사람 - 횡단중,보행자보호의무위반,포장 - 건조,맑음,교차로 - 교차로횡단보도내,화물,남,73세,상해없음,보행자,남,47세,경상
6940,2020092900100278,2020년 9월 29일 12시,화요일,경상남도 진주시 가좌동,경상사고,0,0,1,0,차대사람 - 횡단중,안전운전불이행,포장 - 건조,맑음,교차로 - 교차로안,승용,남,42세,상해없음,보행자,여,32세,경상
6941,2020092900100280,2020년 9월 29일 12시,화요일,경상남도 김해시 삼방동,중상사고,0,1,0,0,차대사람 - 길가장자리구역통행중,안전운전불이행,포장 - 건조,맑음,교차로 - 교차로안,승용,남,37세,상해없음,보행자,여,68세,중상
6942,2020092900100685,2020년 9월 29일 19시,화요일,경상남도 산청군 생초면,중상사고,0,1,0,0,차대사람 - 횡단중,안전운전불이행,포장 - 건조,맑음,교차로 - 교차로안,승용,여,41세,상해없음,보행자,여,64세,중상
6943,2020092900100738,2020년 9월 29일 20시,화요일,경상남도 통영시 용남면,중상사고,0,2,0,0,차대사람 - 기타,안전운전불이행,포장 - 건조,맑음,단일로 - 기타,이륜,남,28세,중상,보행자,남,45세,중상
6944,2020092900100826,2020년 9월 29일 23시,화요일,경상남도 사천시 사남면,중상사고,0,1,0,0,차대사람 - 기타,안전운전불이행,포장 - 건조,맑음,교차로 - 교차로안,승용,남,44세,상해없음,보행자,남,70세,중상
6945,2020093000100407,2020년 9월 30일 18시,수요일,경상남도 거제시 장승포동,중상사고,0,1,0,0,차대사람 - 기타,안전운전불이행,포장 - 건조,맑음,단일로 - 기타,승용,여,26세,상해없음,보행자,여,25세,중상
6946,2020100100100088,2020년 10월 1일 11시,목요일,경상남도 양산시 삼호동,부상신고사고,0,0,0,1,차대사람 - 기타,안전운전불이행,포장 - 건조,맑음,기타 - 기타,기타불명,기타불명,미분류,기타불명,보행자,여,43세,부상신고
6947,2020100100100108,2020년 10월 1일 12시,목요일,경상남도 밀양시 하남읍,중상사고,0,1,0,0,차대사람 - 기타,안전운전불이행,포장 - 건조,맑음,단일로 - 기타,승용,남,40세,상해없음,보행자,남,57세,중상
6948,2020100100100144,2020년 10월 1일 13시,목요일,경상남도 밀양시 단장면,중상사고,0,1,0,0,차대사람 - 횡단중,안전운전불이행,포장 - 건조,맑음,단일로 - 기타,승용,여,59세,상해없음,보행자,여,70세,중상
6949,2020100100100218,2020년 10월 1일 16시,목요일,경상남도 거제시 남부면,경상사고,0,0,1,0,차대사람 - 기타,안전운전불이행,포장 - 건조,맑음,단일로 - 기타,승용,남,52세,상해없음,보행자,여,67세,경상
6950,2020100100100289,2020년 10월 1일 20시,목요일,경상남도 창원시 마산합포구 해운동,중상사고,0,1,0,0,차대사람 - 차도통행중,안전운전불이행,포장 - 건조,맑음,단일로 - 기타,승용,남,33세,상해없음,보행자,여,51세,중상
6951,2020100200100099,2020년 10월 2일 11시,금요일,경상남도 통영시 산양읍,경상사고,0,0,1,0,차대사람 - 기타,안전운전불이행,포장 - 건조,맑음,단일로 - 기타,승용,남,49세,상해없음,보행자,남,37세,경상
6952,2020100200100100,2020년 10월 2일 11시,금요일,경상남도 밀양시 삼랑진읍,경상사고,0,0,1,0,차대사람 - 차도통행중,안전운전불이행,포장 - 건조,맑음,단일로 - 기타,자전거,남,54세,상해없음,보행자,여,7세,경상
6953,2020100200100123,2020년 10월 2일 12시,금요일,경상남도 통영시 산양읍,경상사고,0,0,1,0,차대사람 - 기타,안전운전불이행,포장 - 건조,맑음,단일로 - 기타,승용,남,53세,상해없음,보행자,여,53세,경상
6954,2020100200100177,2020년 10월 2일 14시,금요일,경상남도 고성군 고성읍,중상사고,0,1,0,0,차대사람 - 기타,안전운전불이행,포장 - 건조,맑음,단일로 - 기타,승용,여,47세,상해없음,보행자,남,44세,중상
6955,2020100200100326,2020년 10월 2일 19시,금요일,경상남도 함안군 가야읍,중상사고,0,1,0,0,차대사람 - 길가장자리구역통행중,안전운전불이행,포장 - 건조,맑음,단일로 - 기타,승용,여,67세,상해없음,보행자,남,45세,중상
6956,2020100300100182,2020년 10월 3일 13시,토요일,경상남도 창원시 성산구 가음동,경상사고,0,0,1,0,차대사람 - 차도통행중,안전운전불이행,포장 - 건조,맑음,단일로 - 기타,승용,남,57세,상해없음,보행자,남,63세,경상
6957,2020100300100273,2020년 10월 3일 16시,토요일,경상남도 창녕군 남지읍,중상사고,0,1,0,0,차대사람 - 기타,안전운전불이행,포장 - 건조,맑음,단일로 - 기타,화물,남,47세,상해없음,보행자,남,5세,중상
6958,2020100300100305,2020년 10월 3일 17시,토요일,경상남도 양산시 중부동,경상사고,0,0,1,0,차대사람 - 횡단중,교차로운행방법위반,포장 - 건조,맑음,교차로 - 교차로안,승합,남,55세,상해없음,보행자,여,84세,경상
6959,2020100300100338,2020년 10월 3일 18시,토요일,경상남도 김해시 진영읍,경상사고,0,0,1,0,차대사람 - 횡단중,보행자보호의무위반,포장 - 건조,맑음,교차로 - 교차로횡단보도내,승용,남,58세,상해없음,보행자,남,36세,경상
6960,2020100300100369,2020년 10월 3일 19시,토요일,경상남도 양산시 물금읍,경상사고,0,0,1,0,차대사람 - 기타,안전운전불이행,포장 - 건조,맑음,교차로 - 교차로부근,기타불명,기타불명,미분류,기타불명,보행자,남,18세,경상
6961,2020100400100258,2020년 10월 4일 16시,일요일,경상남도 밀양시 무안면,중상사고,0,1,0,0,차대사람 - 기타,안전운전불이행,포장 - 건조,맑음,단일로 - 기타,승용,남,68세,상해없음,보행자,남,66세,중상
6962,2020100400100316,2020년 10월 4일 18시,일요일,경상남도 김해시 율하동,사망사고,1,0,0,0,차대사람 - 횡단중,신호위반,포장 - 건조,맑음,교차로 - 교차로횡단보도내,승용,여,47세,상해없음,보행자,남,2세,사망
6963,2020100500100263,2020년 10월 5일 12시,월요일,경상남도 양산시 명동,경상사고,0,0,1,0,차대사람 - 보도통행중,보행자보호의무위반,포장 - 건조,맑음,기타 - 기타,승용,남,72세,상해없음,보행자,여,47세,경상
6964,2020100500100400,2020년 10월 5일 15시,월요일,경상남도 통영시 북신동,경상사고,0,0,1,0,차대사람 - 횡단중,안전운전불이행,포장 - 건조,맑음,단일로 - 기타,승용,남,60세,상해없음,보행자,남,61세,경상
6965,2020100500100490,2020년 10월 5일 17시,월요일,경상남도 거제시 고현동,중상사고,0,1,0,0,차대사람 - 보도통행중,안전운전불이행,포장 - 건조,맑음,단일로 - 기타,자전거,남,13세,상해없음,보행자,여,68세,중상
6966,2020100500100491,2020년 10월 5일 17시,월요일,경상남도 창원시 의창구 팔용동,경상사고,0,0,1,0,차대사람 - 기타,안전운전불이행,포장 - 건조,맑음,단일로 - 기타,승용,여,64세,상해없음,보행자,여,55세,경상
6967,2020100500100536,2020년 10월 5일 18시,월요일,경상남도 거제시 사등면,중상사고,0,1,0,0,차대사람 - 차도통행중,안전운전불이행,포장 - 건조,맑음,단일로 - 기타,승용,남,73세,상해없음,보행자,남,79세,중상
6968,2020100500100576,2020년 10월 5일 19시,월요일,경상남도 고성군 거류면,중상사고,0,1,0,0,차대사람 - 보도통행중,보행자보호의무위반,포장 - 건조,맑음,단일로 - 기타,승용,여,36세,상해없음,보행자,여,15세,중상
6969,2020100500100577,2020년 10월 5일 19시,월요일,경상남도 거제시 고현동,중상사고,0,1,0,0,차대사람 - 기타,보행자보호의무위반,포장 - 건조,맑음,교차로 - 교차로안,승합,남,44세,상해없음,보행자,여,26세,중상
6970,2020100500100602,2020년 10월 5일 20시,월요일,경상남도 김해시 한림면,중상사고,0,1,0,0,차대사람 - 횡단중,안전운전불이행,포장 - 건조,맑음,교차로 - 교차로부근,승용,여,47세,상해없음,보행자,남,64세,중상
6971,2020100600100109,2020년 10월 6일 08시,화요일,경상남도 통영시 산양읍,중상사고,0,1,0,0,차대사람 - 기타,기타,포장 - 건조,맑음,단일로 - 기타,화물,남,53세,상해없음,보행자,여,81세,중상
6972,2020100600100183,2020년 10월 6일 10시,화요일,경상남도 창원시 마산합포구 중앙동3가,중상사고,0,1,0,0,차대사람 - 횡단중,보행자보호의무위반,포장 - 건조,맑음,교차로 - 교차로횡단보도내,승용,남,73세,상해없음,보행자,여,67세,중상
6973,2020100600100216,2020년 10월 6일 11시,화요일,경상남도 거제시 고현동,중상사고,0,1,0,0,차대사람 - 차도통행중,안전운전불이행,포장 - 건조,맑음,교차로 - 교차로부근,화물,남,68세,상해없음,보행자,여,71세,중상
6974,2020100600100258,2020년 10월 6일 12시,화요일,경상남도 창원시 성산구 신촌동,중상사고,0,1,0,0,차대사람 - 차도통행중,안전운전불이행,포장 - 건조,맑음,단일로 - 기타,승용,여,59세,상해없음,보행자,남,21세,중상
6975,2020100600100289,2020년 10월 6일 13시,화요일,경상남도 양산시 용당동,경상사고,0,0,1,0,차대사람 - 기타,안전운전불이행,포장 - 건조,맑음,교차로 - 교차로안,화물,남,70세,상해없음,보행자,여,65세,경상
6976,2020100600100417,2020년 10월 6일 16시,화요일,경상남도 김해시 관동동,중상사고,0,1,0,0,차대사람 - 횡단중,안전운전불이행,포장 - 건조,맑음,교차로 - 교차로안,승용,여,66세,상해없음,보행자,여,42세,중상
6977,2020100700100022,2020년 10월 7일 02시,수요일,경상남도 창원시 마산합포구 신포동1가,사망사고,1,0,1,0,차대사람 - 횡단중,안전운전불이행,포장 - 건조,맑음,교차로 - 교차로부근,승용,남,72세,상해없음,보행자,남,31세,사망
6978,2020100700100167,2020년 10월 7일 10시,수요일,경상남도 진주시 주약동,중상사고,0,1,0,0,차대사람 - 기타,안전운전불이행,포장 - 건조,맑음,단일로 - 기타,자전거,남,21세,상해없음,보행자,여,71세,중상
6979,2020100700100238,2020년 10월 7일 12시,수요일,경상남도 함안군 가야읍,경상사고,0,0,1,0,차대사람 - 횡단중,보행자보호의무위반,포장 - 건조,맑음,교차로 - 교차로부근,승용,여,45세,상해없음,보행자,여,83세,경상
6980,2020100700100304,2020년 10월 7일 14시,수요일,경상남도 밀양시 내이동,경상사고,0,0,2,0,차대사람 - 횡단중,안전운전불이행,포장 - 건조,맑음,단일로 - 기타,원동기,남,18세,경상,보행자,여,69세,경상
6981,2020100700100305,2020년 10월 7일 14시,수요일,경상남도 양산시 소주동,부상신고사고,0,0,0,1,차대사람 - 기타,안전운전불이행,포장 - 건조,맑음,기타 - 기타,기타불명,기타불명,미분류,기타불명,보행자,여,33세,부상신고
6982,2020100700100377,2020년 10월 7일 16시,수요일,경상남도 통영시 광도면,경상사고,0,0,1,0,차대사람 - 횡단중,보행자보호의무위반,포장 - 건조,맑음,교차로 - 교차로안,승용,여,44세,상해없음,보행자,남,44세,경상
6983,2020100700100426,2020년 10월 7일 17시,수요일,경상남도 김해시 봉황동,경상사고,0,0,1,0,차대사람 - 기타,안전운전불이행,포장 - 건조,맑음,단일로 - 기타,승용,여,49세,상해없음,보행자,여,24세,경상
6984,2020100700100427,2020년 10월 7일 17시,수요일,경상남도 창원시 의창구 팔용동,경상사고,0,0,1,0,차대사람 - 기타,안전운전불이행,포장 - 건조,맑음,단일로 - 기타,화물,남,48세,상해없음,보행자,남,24세,경상
6985,2020100700100586,2020년 10월 7일 21시,수요일,경상남도 창원시 성산구 반림동,중상사고,0,1,0,0,차대사람 - 횡단중,안전운전불이행,포장 - 건조,흐림,단일로 - 기타,승용,남,30세,상해없음,보행자,남,61세,중상
6986,2020100800100189,2020년 10월 8일 09시,목요일,경상남도 김해시 부원동,경상사고,0,0,1,0,차대사람 - 횡단중,안전운전불이행,포장 - 건조,맑음,교차로 - 교차로안,승용,여,55세,상해없음,보행자,여,87세,경상
6987,2020100800100191,2020년 10월 8일 09시,목요일,경상남도 산청군 삼장면,경상사고,0,0,1,0,차대사람 - 횡단중,안전운전불이행,포장 - 건조,맑음,단일로 - 기타,승용,여,25세,상해없음,보행자,여,72세,경상
6988,2020100800100408,2020년 10월 8일 15시,목요일,경상남도 김해시 어방동,경상사고,0,0,1,0,차대사람 - 기타,안전운전불이행,포장 - 건조,맑음,단일로 - 기타,승용,여,62세,상해없음,보행자,남,49세,경상
6989,2020100800100567,2020년 10월 8일 18시,목요일,경상남도 통영시 태평동,경상사고,0,0,1,0,차대사람 - 기타,신호위반,포장 - 건조,맑음,단일로 - 기타,승용,남,75세,상해없음,보행자,남,72세,경상
6990,2020100800100568,2020년 10월 8일 18시,목요일,경상남도 거제시 하청면,중상사고,0,1,0,0,차대사람 - 기타,안전운전불이행,포장 - 건조,맑음,단일로 - 기타,화물,남,68세,상해없음,보행자,남,70세,중상
6991,2020100800100640,2020년 10월 8일 19시,목요일,경상남도 진주시 주약동,중상사고,0,1,0,0,차대사람 - 횡단중,안전운전불이행,포장 - 건조,맑음,교차로 - 교차로안,승용,남,52세,상해없음,보행자,여,76세,중상
6992,2020100800100673,2020년 10월 8일 20시,목요일,경상남도 진주시 초전동,경상사고,0,0,1,0,차대사람 - 횡단중,안전운전불이행,포장 - 건조,맑음,교차로 - 교차로부근,승용,남,33세,상해없음,보행자,여,17세,경상
6993,2020100800100770,2020년 10월 8일 23시,목요일,경상남도 창원시 마산합포구 창동,중상사고,0,1,0,0,차대사람 - 횡단중,보행자보호의무위반,포장 - 건조,맑음,교차로 - 교차로횡단보도내,승용,남,65세,상해없음,보행자,남,59세,중상
6994,2020100900100071,2020년 10월 9일 05시,금요일,경상남도 함안군 칠서면,중상사고,0,1,0,0,차대사람 - 길가장자리구역통행중,안전운전불이행,포장 - 건조,맑음,단일로 - 기타,자전거,남,59세,상해없음,보행자,여,75세,중상
6995,2020100900100193,2020년 10월 9일 11시,금요일,경상남도 창원시 마산합포구 해운동,경상사고,0,0,2,0,차대사람 - 횡단중,안전운전불이행,포장 - 건조,맑음,교차로 - 교차로부근,건설기계,남,50세,상해없음,보행자,여,60세,경상
6996,2020100900100373,2020년 10월 9일 16시,금요일,경상남도 통영시 도천동,부상신고사고,0,0,0,1,차대사람 - 기타,안전운전불이행,포장 - 건조,맑음,단일로 - 기타,화물,남,81세,상해없음,보행자,남,63세,부상신고
6997,2020100900100485,2020년 10월 9일 19시,금요일,경상남도 거제시 옥포동,중상사고,0,1,0,0,차대사람 - 횡단중,안전운전불이행,포장 - 건조,맑음,교차로 - 교차로부근,특수,남,25세,상해없음,보행자,남,53세,중상
6998,2020100900100525,2020년 10월 9일 20시,금요일,경상남도 거제시 덕포동,경상사고,0,0,1,0,차대사람 - 길가장자리구역통행중,안전운전불이행,포장 - 건조,맑음,단일로 - 기타,승용,남,29세,상해없음,보행자,남,34세,경상
6999,2020101000100268,2020년 10월 10일 13시,토요일,경상남도 창원시 마산합포구 창포동3가,경상사고,0,0,1,0,차대사람 - 횡단중,안전운전불이행,포장 - 건조,맑음,교차로 - 교차로안,승용,남,49세,상해없음,보행자,여,83세,경상
7000,2020101000100270,2020년 10월 10일 13시,토요일,경상남도 밀양시 상동면,경상사고,0,0,1,0,차대사람 - 기타,안전운전불이행,포장 - 건조,맑음,단일로 - 기타,승용,남,73세,상해없음,보행자,남,68세,경상
7001,2020101000100390,2020년 10월 10일 16시,토요일,경상남도 통영시 도천동,중상사고,0,1,0,0,차대사람 - 기타,불법유턴,포장 - 건조,맑음,단일로 - 기타,승용,남,36세,상해없음,보행자,여,59세,중상
7002,2020101000100473,2020년 10월 10일 18시,토요일,경상남도 밀양시 단장면,사망사고,1,0,0,0,차대사람 - 횡단중,보행자보호의무위반,포장 - 건조,맑음,단일로 - 기타,화물,남,44세,상해없음,보행자,여,75세,사망
7003,2020101000100475,2020년 10월 10일 18시,토요일,경상남도 함양군 함양읍,경상사고,0,0,1,0,차대사람 - 횡단중,안전운전불이행,포장 - 건조,기타,단일로 - 기타,승용,남,39세,상해없음,보행자,남,64세,경상
7004,2020101100100012,2020년 10월 11일 00시,일요일,경상남도 양산시 삼호동,중상사고,0,1,0,0,차대사람 - 횡단중,신호위반,포장 - 건조,맑음,교차로 - 교차로안,승용,남,51세,상해없음,보행자,여,89세,중상
7005,2020101100100057,2020년 10월 11일 05시,일요일,경상남도 밀양시 상남면,사망사고,1,0,0,0,차대사람 - 횡단중,보행자보호의무위반,포장 - 건조,흐림,교차로 - 교차로부근,승용,남,71세,상해없음,보행자,여,77세,사망
7006,2020101100100143,2020년 10월 11일 11시,일요일,경상남도 밀양시 무안면,경상사고,0,0,1,0,차대사람 - 기타,안전운전불이행,포장 - 건조,맑음,교차로 - 교차로부근,화물,남,76세,상해없음,보행자,남,77세,경상
7007,2020101100100166,2020년 10월 11일 12시,일요일,경상남도 창녕군 대합면,경상사고,0,0,1,0,차대사람 - 기타,안전운전불이행,포장 - 건조,맑음,단일로 - 기타,화물,남,65세,상해없음,보행자,남,4세,경상
7008,2020101100100261,2020년 10월 11일 15시,일요일,경상남도 김해시 내동,경상사고,0,0,1,0,차대사람 - 횡단중,안전운전불이행,포장 - 건조,맑음,단일로 - 기타,승용,남,57세,상해없음,보행자,남,6세,경상
7009,2020101100100298,2020년 10월 11일 16시,일요일,경상남도 거제시 연초면,경상사고,0,0,1,0,차대사람 - 기타,안전운전불이행,포장 - 건조,맑음,기타 - 기타,자전거,남,45세,경상,보행자,여,21세,상해없음
7010,2020101100100333,2020년 10월 11일 17시,일요일,경상남도 창원시 마산합포구 완월동,경상사고,0,0,1,0,차대사람 - 차도통행중,안전운전불이행,포장 - 건조,맑음,단일로 - 기타,승용,남,24세,상해없음,보행자,남,52세,경상
7011,2020101100100362,2020년 10월 11일 18시,일요일,경상남도 창녕군 창녕읍,중상사고,0,1,1,0,차대사람 - 기타,안전운전불이행,포장 - 건조,맑음,단일로 - 기타,이륜,남,44세,경상,보행자,여,64세,중상
7012,2020101100100396,2020년 10월 11일 19시,일요일,경상남도 창원시 마산회원구 구암동,사망사고,1,0,0,0,차대사람 - 차도통행중,과속,포장 - 건조,맑음,단일로 - 기타,승용,남,54세,상해없음,보행자,남,59세,사망
7013,2020101200100028,2020년 10월 12일 03시,월요일,경상남도 창원시 진해구 화천동,중상사고,0,1,0,0,차대사람 - 기타,안전운전불이행,포장 - 건조,맑음,교차로 - 교차로부근,승용,남,32세,상해없음,보행자,남,57세,중상
7014,2020101200100242,2020년 10월 12일 11시,월요일,경상남도 창원시 마산합포구 진동면,중상사고,0,1,0,0,차대사람 - 횡단중,안전운전불이행,포장 - 건조,맑음,교차로 - 교차로횡단보도내,승용,남,55세,상해없음,보행자,남,82세,중상
7015,2020101200100316,2020년 10월 12일 13시,월요일,경상남도 양산시 동면,경상사고,0,0,1,0,차대사람 - 기타,안전운전불이행,포장 - 건조,맑음,단일로 - 기타,승용,남,59세,상해없음,보행자,여,60세,경상
7016,2020101200100561,2020년 10월 12일 18시,월요일,경상남도 양산시 동면,경상사고,0,0,1,0,차대사람 - 횡단중,보행자보호의무위반,포장 - 건조,맑음,교차로 - 교차로안,승용,남,47세,상해없음,보행자,여,39세,경상
7017,2020101200100612,2020년 10월 12일 19시,월요일,경상남도 창원시 마산합포구 진동면,경상사고,0,0,1,0,차대사람 - 기타,안전운전불이행,포장 - 건조,맑음,교차로 - 교차로안,승용,남,53세,상해없음,보행자,남,61세,경상
7018,2020101300100111,2020년 10월 13일 08시,화요일,경상남도 거제시 문동동,경상사고,0,0,1,0,차대사람 - 횡단중,보행자보호의무위반,포장 - 건조,맑음,교차로 - 교차로부근,승용,여,30세,상해없음,보행자,여,16세,경상
7019,2020101300100248,2020년 10월 13일 12시,화요일,경상남도 진주시 하대동,중상사고,0,1,0,0,차대사람 - 기타,안전운전불이행,포장 - 건조,맑음,단일로 - 기타,승용,여,49세,상해없음,보행자,여,15세,중상
7020,2020101300100250,2020년 10월 13일 12시,화요일,경상남도 창원시 의창구 도계동,경상사고,0,0,1,0,차대사람 - 횡단중,보행자보호의무위반,포장 - 건조,맑음,교차로 - 교차로안,승용,남,61세,상해없음,보행자,남,69세,경상
7021,2020101300100617,2020년 10월 13일 21시,화요일,경상남도 함양군 서하면,중상사고,0,1,0,0,차대사람 - 기타,안전운전불이행,포장 - 건조,맑음,단일로 - 기타,화물,남,61세,상해없음,보행자,남,44세,중상
7022,2020101400100037,2020년 10월 14일 04시,수요일,경상남도 밀양시 단장면,중상사고,0,1,0,0,차대사람 - 기타,안전운전불이행,포장 - 건조,맑음,단일로 - 기타,승용,남,71세,상해없음,보행자,여,82세,중상
7023,2020101400100079,2020년 10월 14일 07시,수요일,경상남도 사천시 서동,경상사고,0,0,1,0,차대사람 - 차도통행중,안전운전불이행,포장 - 건조,맑음,교차로 - 교차로부근,승합,남,57세,상해없음,보행자,여,65세,경상
7024,2020101400100419,2020년 10월 14일 17시,수요일,경상남도 창원시 마산회원구 회원동,중상사고,0,1,0,0,차대사람 - 보도통행중,기타,포장 - 건조,맑음,기타 - 기타,화물,남,49세,상해없음,보행자,여,8세,중상
7025,2020101400100480,2020년 10월 14일 18시,수요일,경상남도 창원시 진해구 안골동,경상사고,0,0,1,0,차대사람 - 기타,안전운전불이행,포장 - 건조,맑음,교차로 - 교차로안,화물,남,65세,상해없음,보행자,여,70세,경상
7026,2020101400100540,2020년 10월 14일 19시,수요일,경상남도 창원시 마산합포구 신포동2가,중상사고,0,1,0,0,차대사람 - 기타,안전운전불이행,포장 - 건조,맑음,단일로 - 기타,승용,남,73세,상해없음,보행자,남,55세,중상
7027,2020101500100308,2020년 10월 15일 13시,목요일,경상남도 창녕군 남지읍,중상사고,0,1,0,0,차대사람 - 기타,안전운전불이행,포장 - 건조,맑음,주차장 - 주차장,승용,여,63세,상해없음,보행자,여,76세,중상
7028,2020101500100478,2020년 10월 15일 17시,목요일,경상남도 창원시 마산합포구 중앙동2가,중상사고,0,1,0,0,차대사람 - 기타,안전운전불이행,포장 - 건조,맑음,교차로 - 교차로안,승용,여,46세,상해없음,보행자,여,78세,중상
7029,2020101500100555,2020년 10월 15일 18시,목요일,경상남도 창녕군 창녕읍,경상사고,0,0,1,0,차대사람 - 기타,안전운전불이행,포장 - 건조,맑음,단일로 - 기타,승용,여,46세,상해없음,보행자,여,76세,경상
7030,2020101500100640,2020년 10월 15일 20시,목요일,경상남도 양산시 북정동,부상신고사고,0,0,0,1,차대사람 - 횡단중,안전운전불이행,포장 - 건조,맑음,단일로 - 기타,승용,남,62세,상해없음,보행자,남,53세,부상신고
7031,2020101500100659,2020년 10월 15일 21시,목요일,경상남도 통영시 정량동,중상사고,0,1,0,0,차대사람 - 횡단중,보행자보호의무위반,포장 - 건조,맑음,교차로 - 교차로횡단보도내,승용,남,26세,상해없음,보행자,남,62세,중상