,사고번호,사고일시,요일,시군구,사고내용,사망자수,중상자수,경상자수,부상신고자수,사고유형,법규위반,노면상태,기상상태,도로형태,가해운전자 차종,가해운전자 성별,가해운전자 연령,가해운전자 상해정도,피해운전자 차종,피해운전자 성별,피해운전자 연령,피해운전자 상해정도
7144,2020103000100214,2020년 10월 30일 10시,금요일,경상남도 진주시 장대동,중상사고,0,1,0,0,차대사람 - 기타,안전운전불이행,포장 - 건조,맑음,기타 - 기타,이륜,남,63세,상해없음,보행자,여,86세,중상
7145,2020103000100423,2020년 10월 30일 15시,금요일,경상남도 거제시 옥포동,경상사고,0,0,1,0,차대사람 - 횡단중,신호위반,포장 - 건조,맑음,교차로 - 교차로횡단보도내,승용,여,52세,상해없음,보행자,여,7세,경상
7146,2020103000100468,2020년 10월 30일 16시,금요일,경상남도 통영시 항남동,중상사고,0,1,2,0,차대사람 - 횡단중,보행자보호의무위반,포장 - 건조,맑음,단일로 - 기타,이륜,남,18세,상해없음,보행자,남,74세,중상
7147,2020103000100470,2020년 10월 30일 16시,금요일,경상남도 김해시 어방동,경상사고,0,0,1,0,차대사람 - 차도통행중,안전운전불이행,포장 - 건조,맑음,교차로 - 교차로부근,승용,남,31세,상해없음,보행자,여,57세,경상
7148,2020103000100597,2020년 10월 30일 18시,금요일,경상남도 사천시 사천읍,부상신고사고,0,0,0,1,차대사람 - 횡단중,안전운전불이행,포장 - 건조,맑음,교차로 - 교차로부근,승용,남,57세,상해없음,보행자,남,63세,부상신고
7149,2020103000100601,2020년 10월 30일 18시,금요일,경상남도 하동군 화개면,중상사고,0,1,0,0,차대사람 - 길가장자리구역통행중,안전운전불이행,포장 - 건조,맑음,단일로 - 기타,승용,남,26세,상해없음,보행자,남,64세,중상
7150,2020103000100602,2020년 10월 30일 18시,금요일,경상남도 남해군 이동면,중상사고,0,1,0,0,차대사람 - 횡단중,보행자보호의무위반,포장 - 건조,맑음,단일로 - 기타,승용,남,36세,상해없음,보행자,남,69세,중상
7151,2020103000100654,2020년 10월 30일 19시,금요일,경상남도 창원시 성산구 남산동,사망사고,1,0,0,0,차대사람 - 차도통행중,과속,포장 - 건조,맑음,단일로 - 기타,승용,남,40세,상해없음,보행자,남,61세,사망
7152,2020103000100698,2020년 10월 30일 20시,금요일,경상남도 창원시 성산구 가음동,부상신고사고,0,0,0,1,차대사람 - 횡단중,안전운전불이행,포장 - 건조,맑음,교차로 - 교차로부근,승용,남,44세,기타불명,보행자,남,51세,부상신고
7153,2020103000100732,2020년 10월 30일 21시,금요일,경상남도 의령군 의령읍,경상사고,0,0,1,0,차대사람 - 길가장자리구역통행중,안전운전불이행,포장 - 건조,맑음,단일로 - 기타,기타불명,기타불명,미분류,기타불명,보행자,여,23세,경상
7154,2020103000100772,2020년 10월 30일 22시,금요일,경상남도 창원시 성산구 성산동,사망사고,1,0,0,0,차대사람 - 횡단중,안전운전불이행,포장 - 건조,맑음,단일로 - 기타,승용,남,23세,상해없음,보행자,남,38세,사망
7155,2020103100100093,2020년 10월 31일 07시,토요일,경상남도 창원시 진해구 석동,사망사고,1,0,0,0,차대사람 - 차도통행중,안전운전불이행,포장 - 건조,맑음,단일로 - 기타,승합,남,57세,상해없음,보행자,여,71세,사망
7156,2020103100100094,2020년 10월 31일 07시,토요일,경상남도 김해시 진영읍,중상사고,0,1,0,0,차대사람 - 차도통행중,안전운전불이행,포장 - 건조,맑음,단일로 - 기타,승용,여,38세,상해없음,보행자,남,61세,중상
7157,2020103100100233,2020년 10월 31일 11시,토요일,경상남도 사천시 사천읍,중상사고,0,1,0,0,차대사람 - 길가장자리구역통행중,안전운전불이행,포장 - 건조,맑음,단일로 - 기타,승용,여,41세,상해없음,보행자,여,79세,중상
7158,2020103100100363,2020년 10월 31일 14시,토요일,경상남도 창원시 의창구 신월동,중상사고,0,1,0,0,차대사람 - 횡단중,안전운전불이행,포장 - 건조,맑음,교차로 - 교차로부근,화물,남,69세,상해없음,보행자,여,71세,중상
7159,2020103100100398,2020년 10월 31일 15시,토요일,경상남도 남해군 삼동면,중상사고,0,1,0,0,차대사람 - 횡단중,안전운전불이행,포장 - 건조,맑음,단일로 - 기타,승용,남,55세,상해없음,보행자,여,50세,중상
7160,2020103100100433,2020년 10월 31일 16시,토요일,경상남도 창녕군 남지읍,경상사고,0,0,1,0,차대사람 - 기타,안전운전불이행,포장 - 건조,맑음,단일로 - 기타,화물,남,64세,상해없음,보행자,남,59세,경상
7161,2020103100100527,2020년 10월 31일 18시,토요일,경상남도 창원시 진해구 자은동,경상사고,0,0,1,0,차대사람 - 차도통행중,안전운전불이행,포장 - 건조,맑음,단일로 - 기타,승용,남,57세,상해없음,보행자,남,9세,경상
7162,2020103100100528,2020년 10월 31일 18시,토요일,경상남도 밀양시 삼랑진읍,중상사고,0,1,0,0,차대사람 - 횡단중,안전운전불이행,포장 - 건조,맑음,교차로 - 교차로부근,화물,남,57세,상해없음,보행자,남,62세,중상
7163,2020110100100012,2020년 11월 1일 00시,일요일,경상남도 창원시 의창구 서상동,중상사고,0,1,0,0,차대사람 - 횡단중,안전운전불이행,포장 - 건조,맑음,교차로 - 교차로횡단보도내,승용,여,29세,상해없음,보행자,여,28세,중상
7164,2020110100100052,2020년 11월 1일 04시,일요일,경상남도 통영시 광도면,경상사고,0,0,1,0,차대사람 - 횡단중,보행자보호의무위반,포장 - 건조,맑음,교차로 - 교차로부근,승용,여,65세,상해없음,보행자,여,78세,경상
7165,2020110100100115,2020년 11월 1일 09시,일요일,경상남도 산청군 산청읍,경상사고,0,0,1,0,차대사람 - 차도통행중,안전운전불이행,포장 - 건조,맑음,단일로 - 기타,승용,여,44세,상해없음,보행자,여,76세,경상
7166,2020110100100219,2020년 11월 1일 13시,일요일,경상남도 통영시 정량동,경상사고,0,0,2,0,차대사람 - 횡단중,보행자보호의무위반,포장 - 건조,맑음,교차로 - 교차로횡단보도내,승용,여,67세,상해없음,보행자,여,4세,경상
7167,2020110100100358,2020년 11월 1일 17시,일요일,경상남도 창원시 마산합포구 자산동,경상사고,0,0,1,0,차대사람 - 횡단중,신호위반,포장 - 건조,흐림,교차로 - 교차로횡단보도내,승용,남,55세,상해없음,보행자,여,19세,경상
7168,2020110100100440,2020년 11월 1일 19시,일요일,경상남도 창원시 마산합포구 진동면,부상신고사고,0,0,0,1,차대사람 - 기타,안전운전불이행,포장 - 건조,맑음,교차로 - 교차로부근,화물,남,54세,상해없음,보행자,남,61세,부상신고
7169,2020110100100467,2020년 11월 1일 20시,일요일,경상남도 고성군 영오면,중상사고,0,1,0,0,차대사람 - 보도통행중,안전운전불이행,포장 - 건조,맑음,단일로 - 기타,승용,여,49세,상해없음,보행자,남,57세,중상
7170,2020110100100493,2020년 11월 1일 21시,일요일,경상남도 창원시 성산구 안민동,중상사고,0,1,0,0,차대사람 - 기타,안전운전불이행,포장 - 건조,맑음,단일로 - 기타,승용,남,47세,상해없음,보행자,여,64세,중상
7171,2020110100100516,2020년 11월 1일 22시,일요일,경상남도 창원시 의창구 동읍,사망사고,1,0,0,0,차대사람 - 기타,안전운전불이행,포장 - 젖음/습기,비,교차로 - 교차로부근,승합,남,55세,상해없음,보행자,남,63세,사망
7172,2020110200100009,2020년 11월 2일 00시,월요일,경상남도 통영시 도남동,경상사고,0,0,1,0,차대사람 - 횡단중,안전운전불이행,포장 - 건조,맑음,교차로 - 교차로부근,승용,남,49세,상해없음,보행자,남,29세,경상
7173,2020110200100124,2020년 11월 2일 08시,월요일,경상남도 밀양시 삼문동,중상사고,0,1,0,0,차대사람 - 기타,기타,포장 - 건조,맑음,단일로 - 기타,승합,남,58세,상해없음,보행자,여,68세,중상
7174,2020110200100126,2020년 11월 2일 08시,월요일,경상남도 남해군 창선면,경상사고,0,0,1,0,차대사람 - 길가장자리구역통행중,안전운전불이행,포장 - 건조,맑음,단일로 - 기타,화물,남,51세,상해없음,보행자,여,87세,경상
7175,2020110200100234,2020년 11월 2일 11시,월요일,경상남도 창원시 의창구 사림동,중상사고,0,1,0,0,차대사람 - 기타,안전운전불이행,포장 - 건조,맑음,단일로 - 기타,승용,여,59세,상해없음,보행자,여,79세,중상
7176,2020110200100300,2020년 11월 2일 13시,월요일,경상남도 산청군 시천면,부상신고사고,0,0,0,1,차대사람 - 보도통행중,안전운전불이행,포장 - 건조,맑음,단일로 - 기타,승용,남,56세,상해없음,보행자,여,18세,부상신고
7177,2020110200100407,2020년 11월 2일 16시,월요일,경상남도 창원시 마산회원구 내서읍,경상사고,0,0,1,0,차대사람 - 기타,안전운전불이행,포장 - 건조,흐림,단일로 - 기타,승용,남,64세,상해없음,보행자,여,85세,경상
7178,2020110200100454,2020년 11월 2일 17시,월요일,경상남도 창원시 성산구 중앙동,경상사고,0,0,1,0,차대사람 - 차도통행중,안전운전불이행,포장 - 건조,맑음,단일로 - 기타,승용,여,54세,상해없음,보행자,남,27세,경상
7179,2020110200100521,2020년 11월 2일 18시,월요일,경상남도 창원시 마산회원구 구암동,중상사고,0,1,0,0,차대사람 - 차도통행중,안전운전불이행,포장 - 건조,기타,교차로 - 교차로안,승용,남,56세,상해없음,보행자,남,3세,중상
7180,2020110200100570,2020년 11월 2일 19시,월요일,경상남도 통영시 북신동,경상사고,0,0,1,0,차대사람 - 횡단중,보행자보호의무위반,포장 - 건조,맑음,교차로 - 교차로횡단보도내,승용,여,35세,상해없음,보행자,남,62세,경상
7181,2020110200100571,2020년 11월 2일 19시,월요일,경상남도 사천시 사천읍,경상사고,0,0,1,0,차대사람 - 횡단중,안전운전불이행,포장 - 건조,맑음,교차로 - 교차로안,승용,남,31세,상해없음,보행자,남,78세,경상
7182,2020110200100666,2020년 11월 2일 23시,월요일,경상남도 김해시 봉황동,경상사고,0,0,1,0,차대사람 - 기타,교차로운행방법위반,포장 - 건조,맑음,교차로 - 교차로안,승용,남,49세,상해없음,보행자,남,46세,경상
7183,2020110300100179,2020년 11월 3일 09시,화요일,경상남도 진주시 하대동,중상사고,0,1,0,0,차대사람 - 횡단중,보행자보호의무위반,포장 - 건조,맑음,교차로 - 교차로횡단보도내,건설기계,남,37세,상해없음,보행자,여,61세,중상
7184,2020110300100388,2020년 11월 3일 15시,화요일,경상남도 의령군 부림면,부상신고사고,0,0,0,1,차대사람 - 횡단중,보행자보호의무위반,포장 - 건조,맑음,단일로 - 기타,기타불명,기타불명,미분류,기타불명,보행자,여,9세,부상신고
7185,2020110300100389,2020년 11월 3일 15시,화요일,경상남도 김해시 진영읍,경상사고,0,0,1,0,차대사람 - 길가장자리구역통행중,안전운전불이행,포장 - 건조,맑음,단일로 - 기타,승용,남,74세,상해없음,보행자,여,13세,경상
7186,2020110300100476,2020년 11월 3일 17시,화요일,경상남도 진주시 망경동,중상사고,0,1,0,0,차대사람 - 횡단중,안전운전불이행,포장 - 건조,맑음,교차로 - 교차로부근,승용,여,58세,상해없음,보행자,여,29세,중상
7187,2020110300100478,2020년 11월 3일 17시,화요일,경상남도 거제시 장평동,경상사고,0,0,1,0,차대사람 - 횡단중,안전운전불이행,포장 - 건조,맑음,교차로 - 교차로부근,기타불명,기타불명,미분류,기타불명,보행자,여,23세,경상
7188,2020110400100072,2020년 11월 4일 07시,수요일,경상남도 창원시 마산회원구 내서읍,중상사고,0,1,0,0,차대사람 - 횡단중,안전운전불이행,포장 - 건조,맑음,단일로 - 기타,승용,여,52세,상해없음,보행자,여,74세,중상
7189,2020110400100180,2020년 11월 4일 09시,수요일,경상남도 김해시 부원동,중상사고,0,1,0,0,차대사람 - 횡단중,안전운전불이행,포장 - 건조,맑음,단일로 - 기타,화물,남,46세,상해없음,보행자,여,81세,중상
7190,2020110400100452,2020년 11월 4일 16시,수요일,경상남도 진주시 계동,중상사고,0,2,0,0,차대사람 - 횡단중,신호위반,포장 - 건조,맑음,교차로 - 교차로횡단보도내,이륜,남,25세,상해없음,보행자,여,67세,중상
7191,2020110500100081,2020년 11월 5일 07시,목요일,경상남도 거창군 거창읍,중상사고,0,1,0,0,차대사람 - 횡단중,보행자보호의무위반,포장 - 건조,맑음,교차로 - 교차로횡단보도내,승용,남,61세,상해없음,보행자,여,73세,중상
7192,2020110500100082,2020년 11월 5일 07시,목요일,경상남도 김해시 진영읍,중상사고,0,1,0,0,차대사람 - 기타,안전운전불이행,포장 - 건조,맑음,교차로 - 교차로부근,화물,남,25세,상해없음,보행자,남,50세,중상
7193,2020110500100157,2020년 11월 5일 09시,목요일,경상남도 창원시 진해구 경화동,경상사고,0,0,1,0,차대사람 - 기타,안전운전불이행,포장 - 건조,맑음,기타 - 기타,승용,남,44세,상해없음,보행자,남,56세,경상
7194,2020110500100215,2020년 11월 5일 11시,목요일,경상남도 양산시 중부동,사망사고,1,0,0,0,차대사람 - 보도통행중,안전운전불이행,포장 - 건조,맑음,교차로 - 교차로안,승합,남,52세,상해없음,보행자,남,72세,사망
7195,2020110500100312,2020년 11월 5일 14시,목요일,경상남도 의령군 가례면,경상사고,0,0,1,0,차대사람 - 길가장자리구역통행중,안전운전불이행,포장 - 건조,맑음,단일로 - 기타,승용,여,55세,상해없음,보행자,여,71세,경상
7196,2020110500100349,2020년 11월 5일 15시,목요일,경상남도 거창군 거창읍,중상사고,0,1,0,0,차대사람 - 횡단중,안전운전불이행,포장 - 건조,맑음,단일로 - 기타,승합,남,49세,상해없음,보행자,여,4세,중상
7197,2020110500100378,2020년 11월 5일 16시,목요일,경상남도 통영시 정량동,경상사고,0,0,1,0,차대사람 - 기타,안전운전불이행,포장 - 건조,맑음,단일로 - 기타,화물,남,46세,상해없음,보행자,여,86세,경상
7198,2020110500100426,2020년 11월 5일 17시,목요일,경상남도 거제시 고현동,중상사고,0,1,0,0,차대사람 - 횡단중,안전운전불이행,포장 - 건조,맑음,단일로 - 기타,승용,여,48세,상해없음,보행자,여,61세,중상
7199,2020110500100427,2020년 11월 5일 17시,목요일,경상남도 창원시 성산구 상남동,경상사고,0,0,1,0,차대사람 - 차도통행중,안전운전불이행,포장 - 건조,맑음,단일로 - 기타,승용,남,57세,상해없음,보행자,남,21세,경상
7200,2020110500100588,2020년 11월 5일 20시,목요일,경상남도 김해시 삼방동,경상사고,0,0,1,0,차대사람 - 기타,안전운전불이행,포장 - 건조,맑음,교차로 - 교차로안,승용,여,60세,상해없음,보행자,여,49세,경상
7201,2020110600100011,2020년 11월 6일 00시,금요일,경상남도 진주시 봉곡동,중상사고,0,1,0,0,차대사람 - 횡단중,보행자보호의무위반,포장 - 건조,맑음,단일로 - 기타,승용,남,58세,상해없음,보행자,여,69세,중상
7202,2020110600100066,2020년 11월 6일 06시,금요일,경상남도 김해시 강동,중상사고,0,1,0,0,차대사람 - 기타,안전운전불이행,포장 - 건조,맑음,단일로 - 기타,승용,남,46세,상해없음,보행자,여,85세,중상
7203,2020110600100114,2020년 11월 6일 08시,금요일,경상남도 진주시 수정동,경상사고,0,0,1,0,차대사람 - 기타,안전운전불이행,포장 - 건조,맑음,교차로 - 교차로안,승용,남,73세,상해없음,보행자,여,59세,경상
7204,2020110600100272,2020년 11월 6일 14시,금요일,경상남도 양산시 북정동,부상신고사고,0,0,0,1,차대사람 - 기타,안전운전불이행,포장 - 건조,맑음,교차로 - 교차로안,승용,남,52세,상해없음,보행자,남,49세,부상신고
7205,2020110600100320,2020년 11월 6일 15시,금요일,경상남도 창원시 의창구 봉곡동,경상사고,0,0,1,0,차대사람 - 기타,안전운전불이행,포장 - 건조,맑음,단일로 - 기타,승용,남,71세,상해없음,보행자,여,49세,경상
7206,2020110600100396,2020년 11월 6일 17시,금요일,경상남도 양산시 평산동,부상신고사고,0,0,0,1,차대사람 - 기타,안전운전불이행,포장 - 건조,맑음,단일로 - 기타,기타불명,기타불명,미분류,기타불명,보행자,여,69세,부상신고
7207,2020110600100458,2020년 11월 6일 18시,금요일,경상남도 양산시 동면,부상신고사고,0,0,0,1,차대사람 - 기타,안전운전불이행,포장 - 건조,맑음,교차로 - 교차로횡단보도내,기타불명,기타불명,미분류,기타불명,보행자,남,21세,부상신고
7208,2020110600100460,2020년 11월 6일 18시,금요일,경상남도 창원시 의창구 동읍,경상사고,0,0,1,0,차대사람 - 기타,안전운전불이행,포장 - 건조,맑음,단일로 - 기타,승합,남,44세,상해없음,보행자,여,70세,경상
7209,2020110600100590,2020년 11월 6일 21시,금요일,경상남도 김해시 어방동,경상사고,0,0,1,0,차대사람 - 횡단중,안전운전불이행,포장 - 건조,흐림,교차로 - 교차로안,승용,남,51세,상해없음,보행자,여,57세,경상
7210,2020110600100643,2020년 11월 6일 23시,금요일,경상남도 창원시 마산회원구 석전동,중상사고,0,2,0,0,차대사람 - 횡단중,안전운전불이행,포장 - 건조,맑음,단일로 - 기타,승용,남,24세,상해없음,보행자,여,45세,중상
7211,2020110700100021,2020년 11월 7일 00시,토요일,경상남도 창원시 의창구 명서동,중상사고,0,1,0,0,차대사람 - 기타,안전운전불이행,포장 - 건조,맑음,단일로 - 기타,승용,남,60세,상해없음,보행자,남,41세,중상
7212,2020110700100065,2020년 11월 7일 05시,토요일,경상남도 창원시 성산구 신촌동,중상사고,0,1,0,0,차대사람 - 기타,안전운전불이행,포장 - 건조,흐림,단일로 - 기타,승용,여,25세,상해없음,보행자,남,45세,중상
7213,2020110700100162,2020년 11월 7일 10시,토요일,경상남도 김해시 어방동,부상신고사고,0,0,0,1,차대사람 - 횡단중,신호위반,포장 - 건조,맑음,교차로 - 교차로횡단보도내,승용,남,54세,상해없음,보행자,남,26세,부상신고
7214,2020110700100327,2020년 11월 7일 14시,토요일,경상남도 거제시 고현동,중상사고,0,1,0,0,차대사람 - 차도통행중,안전운전불이행,포장 - 건조,맑음,교차로 - 교차로안,승용,남,31세,상해없음,보행자,여,85세,중상
7215,2020110700100474,2020년 11월 7일 17시,토요일,경상남도 창원시 의창구 동읍,사망사고,1,0,0,0,차대사람 - 횡단중,안전운전불이행,포장 - 건조,맑음,교차로 - 교차로안,승용,남,22세,상해없음,보행자,여,60세,사망
7216,2020110700100475,2020년 11월 7일 17시,토요일,경상남도 김해시 무계동,경상사고,0,0,1,0,차대사람 - 횡단중,신호위반,포장 - 건조,맑음,교차로 - 교차로횡단보도내,이륜,남,42세,상해없음,보행자,여,28세,경상
7217,2020110700100637,2020년 11월 7일 21시,토요일,경상남도 밀양시 삼문동,경상사고,0,0,1,0,차대사람 - 길가장자리구역통행중,안전운전불이행,포장 - 건조,맑음,단일로 - 기타,승용,남,64세,상해없음,보행자,남,46세,경상
7218,2020110800100048,2020년 11월 8일 02시,일요일,경상남도 하동군 금남면,중상사고,0,1,0,0,차대사람 - 길가장자리구역통행중,안전운전불이행,포장 - 건조,맑음,단일로 - 기타,승용,남,40세,상해없음,보행자,남,71세,중상
7219,2020110800100194,2020년 11월 8일 12시,일요일,경상남도 거제시 옥포동,경상사고,0,0,1,0,차대사람 - 기타,안전운전불이행,포장 - 건조,맑음,단일로 - 기타,승용,여,25세,상해없음,보행자,남,15세,경상
7220,2020110800100276,2020년 11월 8일 14시,일요일,경상남도 창원시 진해구 석동,경상사고,0,0,1,0,차대사람 - 횡단중,보행자보호의무위반,포장 - 건조,맑음,교차로 - 교차로횡단보도내,이륜,남,17세,상해없음,보행자,여,60세,경상
7221,2020110800100443,2020년 11월 8일 18시,일요일,경상남도 거제시 하청면,중상사고,0,1,0,0,차대사람 - 기타,보행자보호의무위반,포장 - 건조,맑음,교차로 - 교차로횡단보도내,승용,여,68세,상해없음,보행자,남,65세,중상
7222,2020110900100008,2020년 11월 9일 00시,월요일,경상남도 밀양시 삼문동,중상사고,0,1,1,0,차대사람 - 횡단중,신호위반,포장 - 건조,맑음,교차로 - 교차로안,승용,남,35세,상해없음,보행자,남,56세,중상
7223,2020110900100026,2020년 11월 9일 02시,월요일,경상남도 함안군 가야읍,중상사고,0,1,0,0,차대사람 - 기타,안전운전불이행,포장 - 건조,맑음,교차로 - 교차로안,승용,남,61세,상해없음,보행자,여,90세,중상
7224,2020110900100121,2020년 11월 9일 08시,월요일,경상남도 김해시 삼계동,경상사고,0,0,1,0,차대사람 - 횡단중,안전운전불이행,포장 - 건조,맑음,단일로 - 기타,승용,여,47세,상해없음,보행자,남,12세,경상
7225,2020110900100125,2020년 11월 9일 08시,월요일,경상남도 함양군 서하면,사망사고,1,0,0,0,차대사람 - 기타,안전운전불이행,포장 - 건조,맑음,단일로 - 기타,승용,남,20세,상해없음,보행자,남,68세,사망
7226,2020110900100287,2020년 11월 9일 12시,월요일,경상남도 거제시 양정동,중상사고,0,1,0,0,차대사람 - 횡단중,안전운전불이행,포장 - 젖음/습기,맑음,단일로 - 기타,승용,남,39세,상해없음,보행자,남,8세,중상
7227,2020110900100356,2020년 11월 9일 14시,월요일,경상남도 창원시 마산회원구 구암동,중상사고,0,1,0,0,차대사람 - 횡단중,안전운전불이행,포장 - 건조,맑음,교차로 - 교차로부근,승용,여,61세,상해없음,보행자,여,73세,중상
7228,2020110900100410,2020년 11월 9일 15시,월요일,경상남도 양산시 물금읍,중상사고,0,1,0,0,차대사람 - 횡단중,교차로운행방법위반,포장 - 건조,맑음,기타 - 기타,승합,남,62세,상해없음,보행자,여,66세,중상
7229,2020110900100450,2020년 11월 9일 16시,월요일,경상남도 창원시 진해구 석동,중상사고,0,1,0,0,차대사람 - 기타,안전운전불이행,포장 - 건조,맑음,단일로 - 기타,자전거,남,44세,상해없음,보행자,여,72세,중상
7230,2020110900100451,2020년 11월 9일 16시,월요일,경상남도 김해시 봉황동,중상사고,0,1,0,0,차대사람 - 횡단중,안전운전불이행,포장 - 건조,맑음,단일로 - 기타,승용,남,33세,상해없음,보행자,여,4세,중상
7231,2020110900100561,2020년 11월 9일 18시,월요일,경상남도 양산시 평산동,중상사고,0,1,0,0,차대사람 - 횡단중,안전운전불이행,포장 - 건조,맑음,교차로 - 교차로안,승용,남,37세,상해없음,보행자,여,53세,중상
7232,2020110900100562,2020년 11월 9일 18시,월요일,경상남도 거제시 옥포동,중상사고,0,1,0,0,차대사람 - 횡단중,신호위반,포장 - 건조,맑음,교차로 - 교차로안,승용,여,45세,상해없음,보행자,여,11세,중상
7233,2020110900100654,2020년 11월 9일 21시,월요일,경상남도 고성군 고성읍,중상사고,0,1,1,0,차대사람 - 보도통행중,안전운전불이행,포장 - 건조,맑음,단일로 - 기타,이륜,남,18세,경상,보행자,여,55세,중상
7234,2020111000100089,2020년 11월 10일 07시,화요일,경상남도 남해군 이동면,중상사고,0,1,0,0,차대사람 - 횡단중,안전운전불이행,포장 - 건조,맑음,단일로 - 기타,화물,남,59세,상해없음,보행자,여,77세,중상
7235,2020111000100217,2020년 11월 10일 10시,화요일,경상남도 함양군 지곡면,경상사고,0,0,1,0,차대사람 - 기타,안전운전불이행,포장 - 건조,맑음,주차장 - 주차장,화물,남,59세,상해없음,보행자,남,45세,경상
7236,2020111000100248,2020년 11월 10일 11시,화요일,경상남도 합천군 합천읍,중상사고,0,1,0,0,차대사람 - 기타,안전운전불이행,포장 - 건조,맑음,주차장 - 주차장,화물,남,51세,상해없음,보행자,남,85세,중상
7237,2020111000100285,2020년 11월 10일 12시,화요일,경상남도 사천시 사천읍,중상사고,0,1,0,0,차대사람 - 기타,보행자보호의무위반,포장 - 건조,맑음,교차로 - 교차로횡단보도내,승용,여,42세,상해없음,보행자,여,59세,중상
7238,2020111000100315,2020년 11월 10일 13시,화요일,경상남도 진주시 가좌동,경상사고,0,0,1,0,차대사람 - 차도통행중,안전운전불이행,포장 - 건조,맑음,단일로 - 기타,승용,남,57세,상해없음,보행자,여,20세,경상
7239,2020111000100663,2020년 11월 10일 20시,화요일,경상남도 창원시 마산회원구 구암동,경상사고,0,0,1,0,차대사람 - 차도통행중,안전운전불이행,포장 - 건조,기타,교차로 - 교차로안,승용,여,52세,상해없음,보행자,남,59세,경상
7240,2020111100100053,2020년 11월 11일 06시,수요일,경상남도 창원시 의창구 동읍,중상사고,0,1,0,0,차대사람 - 기타,안전운전불이행,포장 - 건조,맑음,단일로 - 기타,승용,남,65세,상해없음,보행자,남,83세,중상
7241,2020111100100204,2020년 11월 11일 10시,수요일,경상남도 통영시 항남동,중상사고,0,1,0,0,차대사람 - 횡단중,보행자보호의무위반,포장 - 건조,맑음,교차로 - 교차로안,화물,남,30세,상해없음,보행자,남,70세,중상
7242,2020111100100578,2020년 11월 11일 18시,수요일,경상남도 창원시 진해구 청안동,중상사고,0,1,0,0,차대사람 - 횡단중,보행자보호의무위반,포장 - 건조,맑음,단일로 - 기타,승용,남,40세,상해없음,보행자,남,60세,중상
7243,2020111100100579,2020년 11월 11일 18시,수요일,경상남도 통영시 미수동,중상사고,0,1,0,0,차대사람 - 횡단중,보행자보호의무위반,포장 - 건조,맑음,단일로 - 기타,승용,남,47세,상해없음,보행자,남,68세,중상
7244,2020111100100635,2020년 11월 11일 19시,수요일,경상남도 김해시 구산동,중상사고,0,1,0,0,차대사람 - 횡단중,보행자보호의무위반,포장 - 건조,맑음,교차로 - 교차로부근,승용,남,68세,상해없음,보행자,여,61세,중상
7245,2020111100100750,2020년 11월 11일 23시,수요일,경상남도 양산시 평산동,부상신고사고,0,0,0,1,차대사람 - 기타,안전운전불이행,포장 - 건조,맑음,단일로 - 기타,승용,남,61세,상해없음,보행자,남,60세,부상신고
7246,2020111200100099,2020년 11월 12일 07시,목요일,경상남도 김해시 외동,경상사고,0,0,1,0,차대사람 - 횡단중,보행자보호의무위반,포장 - 건조,맑음,교차로 - 교차로횡단보도내,승용,여,27세,상해없음,보행자,여,66세,경상
7247,2020111200100100,2020년 11월 12일 07시,목요일,경상남도 합천군 삼가면,중상사고,0,1,0,0,차대사람 - 기타,신호위반,포장 - 건조,맑음,교차로 - 교차로안,특수,남,51세,상해없음,보행자,남,22세,중상
7248,2020111200100543,2020년 11월 12일 18시,목요일,경상남도 산청군 신안면,사망사고,1,0,0,0,차대사람 - 기타,안전운전불이행,포장 - 건조,맑음,단일로 - 기타,화물,남,71세,상해없음,보행자,남,80세,사망
7249,2020111200100651,2020년 11월 12일 21시,목요일,경상남도 함안군 군북면,중상사고,0,1,0,0,차대사람 - 기타,안전운전불이행,포장 - 건조,맑음,단일로 - 기타,승용,남,50세,상해없음,보행자,남,48세,중상
7250,2020111200100679,2020년 11월 12일 22시,목요일,경상남도 양산시 중부동,부상신고사고,0,0,0,1,차대사람 - 횡단중,안전운전불이행,포장 - 건조,맑음,교차로 - 교차로안,승용,여,56세,상해없음,보행자,남,40세,부상신고
7251,2020111200100680,2020년 11월 12일 22시,목요일,경상남도 창원시 의창구 신월동,중상사고,0,1,0,0,차대사람 - 횡단중,안전운전불이행,포장 - 건조,흐림,교차로 - 교차로부근,승용,여,44세,상해없음,보행자,남,55세,중상
7252,2020111300100019,2020년 11월 13일 01시,금요일,경상남도 합천군 가야면,중상사고,0,1,0,0,차대사람 - 기타,기타,포장 - 건조,맑음,단일로 - 기타,화물,남,47세,상해없음,보행자,남,51세,중상
7253,2020111300100087,2020년 11월 13일 07시,금요일,경상남도 창원시 성산구 상남동,중상사고,0,1,1,0,차대사람 - 횡단중,신호위반,포장 - 건조,맑음,교차로 - 교차로횡단보도내,승합,남,55세,상해없음,보행자,여,25세,중상
7254,2020111300100122,2020년 11월 13일 08시,금요일,경상남도 창원시 마산합포구 상남동,경상사고,0,0,1,0,차대사람 - 횡단중,안전운전불이행,포장 - 건조,맑음,단일로 - 기타,승용,여,64세,상해없음,보행자,남,18세,경상