,사고번호,사고일시,요일,시군구,사고내용,사망자수,중상자수,경상자수,부상신고자수,사고유형,법규위반,노면상태,기상상태,도로형태,가해운전자 차종,가해운전자 성별,가해운전자 연령,가해운전자 상해정도,피해운전자 차종,피해운전자 성별,피해운전자 연령,피해운전자 상해정도
7366,2020112900100222,2020년 11월 29일 15시,일요일,경상남도 함안군 칠원읍,경상사고,0,0,1,0,차대사람 - 길가장자리구역통행중,기타,포장 - 건조,맑음,단일로 - 기타,화물,남,36세,상해없음,보행자,남,68세,경상
7367,2020112900100245,2020년 11월 29일 16시,일요일,경상남도 창원시 마산합포구 진동면,경상사고,0,0,1,0,차대사람 - 기타,안전운전불이행,포장 - 건조,맑음,단일로 - 기타,승용,여,49세,상해없음,보행자,남,62세,경상
7368,2020112900100327,2020년 11월 29일 19시,일요일,경상남도 사천시 사천읍,중상사고,0,1,0,1,차대사람 - 길가장자리구역통행중,안전운전불이행,포장 - 건조,맑음,단일로 - 기타,화물,남,58세,상해없음,보행자,남,18세,중상
7369,2020113000100076,2020년 11월 30일 07시,월요일,경상남도 김해시 외동,중상사고,0,1,0,0,차대사람 - 횡단중,신호위반,포장 - 건조,맑음,교차로 - 교차로안,승용,여,50세,상해없음,보행자,남,22세,중상
7370,2020113000100181,2020년 11월 30일 10시,월요일,경상남도 남해군 설천면,중상사고,0,1,0,0,차대사람 - 차도통행중,안전운전불이행,포장 - 건조,맑음,단일로 - 기타,화물,남,48세,상해없음,보행자,남,86세,중상
7371,2020113000100405,2020년 11월 30일 16시,월요일,경상남도 창원시 마산회원구 회성동,중상사고,0,1,0,0,차대사람 - 횡단중,신호위반,포장 - 건조,맑음,교차로 - 교차로횡단보도내,화물,남,51세,상해없음,보행자,여,54세,중상
7372,2020120100100146,2020년 12월 1일 09시,화요일,경상남도 고성군 고성읍,중상사고,0,1,0,0,차대사람 - 차도통행중,보행자보호의무위반,포장 - 건조,맑음,교차로 - 교차로안,화물,남,54세,상해없음,보행자,여,53세,중상
7373,2020120100100148,2020년 12월 1일 09시,화요일,경상남도 김해시 진영읍,중상사고,0,1,0,0,차대사람 - 횡단중,교차로운행방법위반,포장 - 건조,맑음,교차로 - 교차로안,승용,남,68세,상해없음,보행자,남,27세,중상
7374,2020120100100297,2020년 12월 1일 13시,화요일,경상남도 창원시 마산회원구 석전동,경상사고,0,0,1,0,차대사람 - 횡단중,안전운전불이행,포장 - 건조,맑음,교차로 - 교차로횡단보도내,승용,남,73세,상해없음,보행자,여,23세,경상
7375,2020120100100521,2020년 12월 1일 18시,화요일,경상남도 창원시 의창구 도계동,경상사고,0,0,1,0,차대사람 - 기타,안전운전불이행,포장 - 건조,맑음,기타 - 기타,승용,남,67세,상해없음,보행자,남,9세,경상
7376,2020120200100002,2020년 12월 2일 00시,수요일,경상남도 김해시 내동,경상사고,0,0,1,0,차대사람 - 기타,안전운전불이행,포장 - 건조,맑음,교차로 - 교차로부근,승용,남,63세,상해없음,보행자,남,37세,경상
7377,2020120200100035,2020년 12월 2일 06시,수요일,경상남도 통영시 중앙동,부상신고사고,0,0,0,1,차대사람 - 횡단중,안전운전불이행,포장 - 건조,맑음,교차로 - 교차로안,화물,남,47세,상해없음,보행자,남,55세,부상신고
7378,2020120200100195,2020년 12월 2일 12시,수요일,경상남도 함양군 함양읍,경상사고,0,0,1,0,차대사람 - 보도통행중,안전운전불이행,포장 - 건조,맑음,단일로 - 기타,승용,남,62세,상해없음,보행자,남,58세,경상
7379,2020120200100222,2020년 12월 2일 13시,수요일,경상남도 통영시 중앙동,경상사고,0,0,1,0,차대사람 - 기타,안전운전불이행,포장 - 건조,맑음,단일로 - 기타,기타불명,기타불명,미분류,기타불명,보행자,남,63세,경상
7380,2020120200100258,2020년 12월 2일 14시,수요일,경상남도 창원시 의창구 봉곡동,중상사고,0,1,0,0,차대사람 - 횡단중,신호위반,포장 - 건조,맑음,교차로 - 교차로횡단보도내,이륜,남,18세,상해없음,보행자,남,71세,중상
7381,2020120200100289,2020년 12월 2일 15시,수요일,경상남도 창원시 진해구 이동,중상사고,0,1,0,0,차대사람 - 차도통행중,안전운전불이행,포장 - 건조,맑음,단일로 - 기타,화물,남,45세,상해없음,보행자,남,11세,중상
7382,2020120200100365,2020년 12월 2일 17시,수요일,경상남도 창원시 진해구 석동,경상사고,0,0,1,0,차대사람 - 기타,안전운전불이행,포장 - 건조,맑음,단일로 - 기타,화물,남,51세,상해없음,보행자,여,71세,경상
7383,2020120200100433,2020년 12월 2일 18시,수요일,경상남도 김해시 구산동,경상사고,0,0,1,0,차대사람 - 기타,안전운전불이행,포장 - 건조,맑음,교차로 - 교차로안,승용,남,51세,상해없음,보행자,여,73세,경상
7384,2020120200100571,2020년 12월 2일 23시,수요일,경상남도 사천시 용강동,경상사고,0,0,1,0,차대사람 - 횡단중,보행자보호의무위반,포장 - 건조,맑음,교차로 - 교차로횡단보도내,화물,남,65세,상해없음,보행자,남,28세,경상
7385,2020120300100091,2020년 12월 3일 08시,목요일,경상남도 통영시 북신동,중상사고,0,1,0,0,차대사람 - 횡단중,안전운전불이행,포장 - 건조,맑음,교차로 - 교차로안,승용,남,37세,상해없음,보행자,여,90세,중상
7386,2020120300100092,2020년 12월 3일 08시,목요일,경상남도 김해시 삼계동,중상사고,0,1,0,0,차대사람 - 횡단중,보행자보호의무위반,포장 - 건조,맑음,교차로 - 교차로안,승용,남,33세,상해없음,보행자,남,7세,중상
7387,2020120300100116,2020년 12월 3일 09시,목요일,경상남도 밀양시 상동면,중상사고,0,1,0,0,차대사람 - 횡단중,안전운전불이행,포장 - 건조,맑음,단일로 - 기타,화물,남,53세,상해없음,보행자,남,66세,중상
7388,2020120300100172,2020년 12월 3일 11시,목요일,경상남도 밀양시 가곡동,중상사고,0,1,0,0,차대사람 - 횡단중,안전운전불이행,포장 - 건조,맑음,단일로 - 기타,승용,남,63세,상해없음,보행자,여,76세,중상
7389,2020120300100235,2020년 12월 3일 13시,목요일,경상남도 양산시 중부동,중상사고,0,1,0,0,차대사람 - 차도통행중,안전운전불이행,포장 - 건조,맑음,단일로 - 기타,승용,여,58세,상해없음,보행자,여,60세,중상
7390,2020120300100384,2020년 12월 3일 17시,목요일,경상남도 진주시 상대동,중상사고,0,1,0,0,차대사람 - 횡단중,안전운전불이행,포장 - 건조,맑음,단일로 - 기타,화물,남,65세,상해없음,보행자,여,47세,중상
7391,2020120300100386,2020년 12월 3일 17시,목요일,경상남도 거창군 북상면,중상사고,0,1,0,0,차대사람 - 차도통행중,안전운전불이행,포장 - 건조,맑음,단일로 - 기타,화물,남,57세,상해없음,보행자,여,77세,중상
7392,2020120300100387,2020년 12월 3일 17시,목요일,경상남도 양산시 하북면,부상신고사고,0,0,0,1,차대사람 - 기타,신호위반,포장 - 건조,맑음,교차로 - 교차로안,기타불명,기타불명,미분류,기타불명,보행자,남,49세,부상신고
7393,2020120400100009,2020년 12월 4일 00시,금요일,경상남도 창원시 마산합포구 남성동,중상사고,0,1,0,0,차대사람 - 기타,안전운전불이행,포장 - 건조,맑음,교차로 - 교차로횡단보도내,승용,남,66세,상해없음,보행자,여,68세,중상
7394,2020120400100185,2020년 12월 4일 10시,금요일,경상남도 창원시 진해구 경화동,중상사고,0,1,0,0,차대사람 - 기타,안전운전불이행,포장 - 건조,맑음,단일로 - 기타,승용,여,41세,상해없음,보행자,남,81세,중상
7395,2020120400100269,2020년 12월 4일 13시,금요일,경상남도 밀양시 삼문동,경상사고,0,0,1,0,차대사람 - 횡단중,안전운전불이행,포장 - 건조,맑음,단일로 - 기타,승용,남,51세,상해없음,보행자,남,12세,경상
7396,2020120400100307,2020년 12월 4일 14시,금요일,경상남도 창원시 마산회원구 양덕동,경상사고,0,0,2,0,차대사람 - 기타,안전운전불이행,포장 - 건조,맑음,기타 - 기타,승용,여,51세,상해없음,보행자,여,78세,경상
7397,2020120400100385,2020년 12월 4일 16시,금요일,경상남도 창원시 마산합포구 월영동,경상사고,0,0,1,0,차대사람 - 횡단중,안전운전불이행,포장 - 건조,맑음,교차로 - 교차로안,화물,남,33세,상해없음,보행자,남,22세,경상
7398,2020120400100500,2020년 12월 4일 18시,금요일,경상남도 거제시 옥포동,중상사고,0,1,0,0,차대사람 - 기타,안전운전불이행,포장 - 건조,맑음,단일로 - 기타,승용,남,53세,상해없음,보행자,남,44세,중상
7399,2020120500100046,2020년 12월 5일 05시,토요일,경상남도 창원시 마산회원구 내서읍,사망사고,1,0,0,0,차대사람 - 차도통행중,기타,포장 - 건조,맑음,단일로 - 기타,승용,남,71세,상해없음,보행자,남,36세,사망
7400,2020120500100053,2020년 12월 5일 06시,토요일,경상남도 창원시 의창구 동읍,중상사고,0,1,0,0,차대사람 - 기타,안전운전불이행,포장 - 건조,맑음,단일로 - 기타,승용,남,61세,상해없음,보행자,여,79세,중상
7401,2020120500100317,2020년 12월 5일 15시,토요일,경상남도 김해시 삼방동,중상사고,0,1,0,0,차대사람 - 횡단중,안전운전불이행,포장 - 건조,맑음,단일로 - 기타,승용,여,44세,상해없음,보행자,여,28세,중상
7402,2020120500100387,2020년 12월 5일 17시,토요일,경상남도 김해시 삼방동,중상사고,0,1,0,0,차대사람 - 차도통행중,안전운전불이행,포장 - 건조,맑음,단일로 - 기타,승용,여,57세,상해없음,보행자,여,75세,중상
7403,2020120500100388,2020년 12월 5일 17시,토요일,경상남도 양산시 동면,경상사고,0,0,1,0,차대사람 - 기타,안전운전불이행,포장 - 건조,맑음,단일로 - 교량,승합,남,42세,기타불명,보행자,남,39세,경상
7404,2020120500100436,2020년 12월 5일 18시,토요일,경상남도 양산시 북부동,사망사고,1,0,0,0,차대사람 - 기타,안전운전불이행,포장 - 건조,맑음,교차로 - 교차로부근,승용,남,56세,기타불명,보행자,남,64세,사망
7405,2020120500100493,2020년 12월 5일 20시,토요일,경상남도 창원시 의창구 북면,중상사고,0,1,0,0,차대사람 - 차도통행중,안전운전불이행,포장 - 건조,기타,단일로 - 기타,승용,남,30세,상해없음,보행자,남,64세,중상
7406,2020120600100021,2020년 12월 6일 01시,일요일,경상남도 거제시 고현동,중상사고,0,1,0,0,차대사람 - 기타,교차로운행방법위반,포장 - 건조,맑음,교차로 - 교차로부근,승용,남,59세,상해없음,보행자,남,51세,중상
7407,2020120600100316,2020년 12월 6일 18시,일요일,경상남도 김해시 삼방동,중상사고,0,1,0,0,차대사람 - 횡단중,안전운전불이행,포장 - 건조,맑음,단일로 - 기타,이륜,남,21세,상해없음,보행자,남,66세,중상
7408,2020120700100018,2020년 12월 7일 04시,월요일,경상남도 통영시 서호동,중상사고,0,1,0,0,차대사람 - 횡단중,안전운전불이행,포장 - 건조,맑음,교차로 - 교차로안,이륜,남,72세,상해없음,보행자,여,72세,중상
7409,2020120700100446,2020년 12월 7일 19시,월요일,경상남도 김해시 부원동,중상사고,0,1,0,0,차대사람 - 차도통행중,안전운전불이행,포장 - 건조,맑음,교차로 - 교차로부근,승용,남,61세,상해없음,보행자,남,68세,중상
7410,2020120800100036,2020년 12월 8일 06시,화요일,경상남도 김해시 삼계동,중상사고,0,1,0,0,차대사람 - 횡단중,신호위반,포장 - 건조,맑음,교차로 - 교차로횡단보도내,승합,남,54세,기타불명,보행자,여,62세,중상
7411,2020120800100162,2020년 12월 8일 10시,화요일,경상남도 진주시 옥봉동,중상사고,0,1,0,0,차대사람 - 횡단중,보행자보호의무위반,포장 - 건조,맑음,교차로 - 교차로횡단보도내,화물,남,59세,상해없음,보행자,여,74세,중상
7412,2020120800100187,2020년 12월 8일 11시,화요일,경상남도 합천군 합천읍,경상사고,0,0,1,0,차대사람 - 기타,기타,포장 - 건조,맑음,단일로 - 기타,승용,남,72세,상해없음,보행자,여,78세,경상
7413,2020120800100254,2020년 12월 8일 13시,화요일,경상남도 창원시 진해구 풍호동,경상사고,0,0,1,0,차대사람 - 기타,안전운전불이행,포장 - 건조,맑음,교차로 - 교차로부근,승용,여,59세,상해없음,보행자,여,60세,경상
7414,2020120800100566,2020년 12월 8일 20시,화요일,경상남도 거제시 옥포동,중상사고,0,1,0,0,차대사람 - 차도통행중,안전운전불이행,포장 - 건조,맑음,단일로 - 기타,승용,남,30세,상해없음,보행자,남,30세,중상
7415,2020120800100588,2020년 12월 8일 21시,화요일,경상남도 진주시 평거동,경상사고,0,0,1,0,차대사람 - 기타,기타,포장 - 건조,맑음,기타 - 기타,승용,여,61세,상해없음,보행자,여,19세,경상
7416,2020120800100589,2020년 12월 8일 21시,화요일,경상남도 창녕군 남지읍,중상사고,0,1,0,0,차대사람 - 기타,안전운전불이행,포장 - 건조,맑음,단일로 - 기타,승용,여,34세,상해없음,보행자,남,39세,중상
7417,2020120900100140,2020년 12월 9일 09시,수요일,경상남도 김해시 진영읍,경상사고,0,0,1,0,차대사람 - 길가장자리구역통행중,안전운전불이행,포장 - 건조,맑음,단일로 - 기타,화물,남,63세,상해없음,보행자,남,57세,경상
7418,2020120900100277,2020년 12월 9일 14시,수요일,경상남도 거제시 옥포동,경상사고,0,0,1,0,차대사람 - 차도통행중,안전운전불이행,포장 - 건조,맑음,단일로 - 기타,승용,남,50세,상해없음,보행자,여,54세,경상
7419,2020120900100308,2020년 12월 9일 15시,수요일,경상남도 김해시 삼정동,경상사고,0,0,1,0,차대사람 - 기타,안전운전불이행,포장 - 건조,맑음,교차로 - 교차로안,승용,남,50세,상해없음,보행자,여,59세,경상
7420,2020120900100343,2020년 12월 9일 16시,수요일,경상남도 진주시 봉곡동,중상사고,0,1,0,0,차대사람 - 횡단중,보행자보호의무위반,포장 - 건조,맑음,기타 - 기타,승용,남,73세,상해없음,보행자,여,13세,중상
7421,2020120900100436,2020년 12월 9일 18시,수요일,경상남도 김해시 삼계동,중상사고,0,1,0,0,차대사람 - 횡단중,보행자보호의무위반,포장 - 건조,맑음,교차로 - 교차로횡단보도내,승합,여,47세,상해없음,보행자,여,56세,중상
7422,2020120900100500,2020년 12월 9일 19시,수요일,경상남도 통영시 정량동,중상사고,0,1,0,0,차대사람 - 횡단중,안전운전불이행,포장 - 건조,맑음,교차로 - 교차로안,승용,여,59세,상해없음,보행자,남,33세,중상
7423,2020121000100005,2020년 12월 10일 00시,목요일,경상남도 사천시 사천읍,경상사고,0,0,1,0,차대사람 - 기타,안전운전불이행,포장 - 건조,맑음,단일로 - 기타,승용,남,59세,상해없음,보행자,남,57세,경상
7424,2020121000100207,2020년 12월 10일 13시,목요일,경상남도 거제시 옥포동,경상사고,0,0,1,0,차대사람 - 기타,보행자보호의무위반,포장 - 건조,맑음,교차로 - 교차로횡단보도내,승용,남,77세,상해없음,보행자,남,30세,경상
7425,2020121000100428,2020년 12월 10일 19시,목요일,경상남도 진주시 상봉동,경상사고,0,0,1,0,차대사람 - 횡단중,보행자보호의무위반,포장 - 건조,맑음,단일로 - 기타,승용,남,31세,상해없음,보행자,남,53세,경상
7426,2020121000100471,2020년 12월 10일 20시,목요일,경상남도 거제시 옥포동,중상사고,0,1,0,0,차대사람 - 횡단중,보행자보호의무위반,포장 - 건조,맑음,교차로 - 교차로안,화물,남,68세,상해없음,보행자,여,64세,중상
7427,2020121100100040,2020년 12월 11일 06시,금요일,경상남도 통영시 항남동,중상사고,0,1,0,0,차대사람 - 횡단중,보행자보호의무위반,포장 - 건조,맑음,교차로 - 교차로횡단보도내,화물,남,32세,상해없음,보행자,남,77세,중상
7428,2020121100100118,2020년 12월 11일 10시,금요일,경상남도 양산시 평산동,경상사고,0,0,1,0,차대사람 - 차도통행중,안전운전불이행,포장 - 건조,맑음,교차로 - 교차로안,승용,여,54세,상해없음,보행자,여,80세,경상
7429,2020121100100146,2020년 12월 11일 11시,금요일,경상남도 거제시 고현동,경상사고,0,0,1,0,차대사람 - 기타,안전운전불이행,포장 - 건조,맑음,기타 - 기타,기타불명,기타불명,미분류,기타불명,보행자,여,66세,경상
7430,2020121100100588,2020년 12월 11일 22시,금요일,경상남도 양산시 물금읍,경상사고,0,0,1,0,차대사람 - 기타,신호위반,포장 - 건조,맑음,교차로 - 교차로안,원동기,남,19세,상해없음,보행자,여,28세,경상
7431,2020121200100169,2020년 12월 12일 12시,토요일,경상남도 창원시 마산회원구 내서읍,중상사고,0,1,0,0,차대사람 - 횡단중,신호위반,포장 - 건조,맑음,교차로 - 교차로횡단보도내,화물,남,60세,상해없음,보행자,여,69세,중상
7432,2020121200100208,2020년 12월 12일 13시,토요일,경상남도 창원시 의창구 명서동,중상사고,0,1,0,0,차대사람 - 기타,안전운전불이행,포장 - 건조,맑음,단일로 - 기타,승용,여,59세,상해없음,보행자,남,64세,중상
7433,2020121300100359,2020년 12월 13일 21시,일요일,경상남도 창원시 의창구 도계동,경상사고,0,0,1,0,차대사람 - 횡단중,보행자보호의무위반,포장 - 건조,맑음,교차로 - 교차로부근,승용,남,66세,상해없음,보행자,남,28세,경상
7434,2020121400100148,2020년 12월 14일 10시,월요일,경상남도 창원시 진해구 남양동,중상사고,0,1,0,0,차대사람 - 횡단중,안전운전불이행,포장 - 건조,맑음,교차로 - 교차로안,승용,남,62세,상해없음,보행자,여,59세,중상
7435,2020121400100172,2020년 12월 14일 11시,월요일,경상남도 사천시 동금동,중상사고,0,1,0,0,차대사람 - 기타,교차로운행방법위반,포장 - 건조,맑음,교차로 - 교차로부근,화물,남,53세,상해없음,보행자,여,75세,중상
7436,2020121400100229,2020년 12월 14일 13시,월요일,경상남도 진주시 장대동,중상사고,0,1,0,0,차대사람 - 횡단중,신호위반,포장 - 건조,맑음,단일로 - 기타,승합,남,54세,상해없음,보행자,여,72세,중상
7437,2020121400100373,2020년 12월 14일 17시,월요일,경상남도 양산시 물금읍,부상신고사고,0,0,0,1,차대사람 - 횡단중,신호위반,포장 - 건조,맑음,교차로 - 교차로횡단보도내,원동기,남,59세,상해없음,보행자,여,18세,부상신고
7438,2020121400100428,2020년 12월 14일 18시,월요일,경상남도 통영시 미수동,사망사고,1,0,0,0,차대사람 - 횡단중,안전운전불이행,포장 - 건조,맑음,단일로 - 기타,화물,남,46세,상해없음,보행자,남,77세,사망
7439,2020121400100430,2020년 12월 14일 18시,월요일,경상남도 산청군 단성면,경상사고,0,0,1,0,차대사람 - 길가장자리구역통행중,안전운전불이행,포장 - 건조,맑음,단일로 - 기타,승용,여,56세,상해없음,보행자,남,54세,경상
7440,2020121500100021,2020년 12월 15일 05시,화요일,경상남도 김해시 지내동,경상사고,0,0,1,0,차대사람 - 차도통행중,안전운전불이행,포장 - 건조,맑음,교차로 - 교차로안,승용,남,24세,상해없음,보행자,남,30세,경상
7441,2020121500100027,2020년 12월 15일 06시,화요일,경상남도 김해시 내동,중상사고,0,1,0,0,차대사람 - 횡단중,보행자보호의무위반,포장 - 건조,맑음,단일로 - 기타,화물,남,57세,상해없음,보행자,남,86세,중상
7442,2020121500100292,2020년 12월 15일 15시,화요일,경상남도 산청군 산청읍,중상사고,0,1,0,0,차대사람 - 횡단중,안전운전불이행,포장 - 건조,맑음,교차로 - 교차로안,승용,남,34세,상해없음,보행자,여,59세,중상
7443,2020121500100419,2020년 12월 15일 18시,화요일,경상남도 거제시 옥포동,중상사고,0,1,0,0,차대사람 - 기타,안전운전불이행,포장 - 건조,맑음,단일로 - 기타,승합,남,46세,상해없음,보행자,남,45세,중상
7444,2020121500100420,2020년 12월 15일 18시,화요일,경상남도 함안군 가야읍,경상사고,0,0,1,0,차대사람 - 차도통행중,안전운전불이행,포장 - 건조,맑음,교차로 - 교차로안,승용,여,57세,상해없음,보행자,남,60세,경상
7445,2020121500100493,2020년 12월 15일 20시,화요일,경상남도 창원시 진해구 이동,중상사고,0,1,0,0,차대사람 - 횡단중,보행자보호의무위반,포장 - 건조,맑음,교차로 - 교차로횡단보도내,원동기,남,22세,상해없음,보행자,남,53세,중상
7446,2020121500100569,2020년 12월 15일 23시,화요일,경상남도 창원시 진해구 자은동,경상사고,0,0,1,0,차대사람 - 기타,안전운전불이행,포장 - 건조,맑음,주차장 - 주차장,승용,여,42세,상해없음,보행자,남,52세,경상
7447,2020121600100218,2020년 12월 16일 13시,수요일,경상남도 창원시 마산합포구 신포동2가,경상사고,0,0,1,0,차대사람 - 횡단중,보행자보호의무위반,포장 - 건조,맑음,단일로 - 기타,승용,여,77세,상해없음,보행자,남,78세,경상
7448,2020121600100412,2020년 12월 16일 18시,수요일,경상남도 거제시 능포동,중상사고,0,1,0,0,차대사람 - 기타,안전운전불이행,포장 - 건조,맑음,기타 - 기타,승용,남,58세,상해없음,보행자,여,69세,중상
7449,2020121600100563,2020년 12월 16일 23시,수요일,경상남도 김해시 내동,중상사고,0,1,0,0,차대사람 - 차도통행중,안전운전불이행,포장 - 건조,맑음,교차로 - 교차로부근,승용,남,54세,상해없음,보행자,여,43세,중상
7450,2020121700100095,2020년 12월 17일 08시,목요일,경상남도 하동군 진교면,중상사고,0,1,0,0,차대사람 - 횡단중,안전운전불이행,포장 - 건조,맑음,단일로 - 기타,화물,남,56세,상해없음,보행자,남,60세,중상
7451,2020121700100171,2020년 12월 17일 10시,목요일,경상남도 밀양시 내일동,중상사고,0,1,0,0,차대사람 - 보도통행중,안전운전불이행,포장 - 건조,맑음,단일로 - 교량,승용,남,57세,상해없음,보행자,여,75세,중상
7452,2020121700100273,2020년 12월 17일 13시,목요일,경상남도 함안군 대산면,경상사고,0,0,1,0,차대사람 - 차도통행중,안전운전불이행,포장 - 건조,맑음,단일로 - 기타,승용,여,74세,상해없음,보행자,여,55세,경상
7453,2020121700100300,2020년 12월 17일 14시,목요일,경상남도 진주시 신안동,중상사고,0,1,0,0,차대사람 - 기타,안전운전불이행,포장 - 건조,맑음,교차로 - 교차로부근,승용,여,55세,상해없음,보행자,여,79세,중상
7454,2020121700100301,2020년 12월 17일 14시,목요일,경상남도 창원시 의창구 팔용동,중상사고,0,1,0,0,차대사람 - 기타,안전운전불이행,포장 - 건조,맑음,기타 - 기타,승용,여,42세,상해없음,보행자,여,83세,중상
7455,2020121700100399,2020년 12월 17일 17시,목요일,경상남도 양산시 물금읍,중상사고,0,1,0,0,차대사람 - 횡단중,안전운전불이행,포장 - 건조,맑음,단일로 - 기타,이륜,남,31세,상해없음,보행자,여,67세,중상
7456,2020121700100558,2020년 12월 17일 21시,목요일,경상남도 김해시 내동,중상사고,0,1,0,0,차대사람 - 차도통행중,안전운전불이행,포장 - 건조,맑음,단일로 - 기타,승용,여,64세,상해없음,보행자,남,59세,중상
7457,2020121800100179,2020년 12월 18일 11시,금요일,경상남도 진주시 본성동,경상사고,0,0,1,0,차대사람 - 횡단중,신호위반,포장 - 건조,맑음,교차로 - 교차로횡단보도내,이륜,남,35세,상해없음,보행자,여,22세,경상
7458,2020121800100490,2020년 12월 18일 18시,금요일,경상남도 창원시 성산구 사파동,중상사고,0,1,0,0,차대사람 - 차도통행중,안전운전불이행,포장 - 건조,맑음,교차로 - 교차로안,승용,여,45세,상해없음,보행자,여,75세,중상
7459,2020121800100541,2020년 12월 18일 19시,금요일,경상남도 양산시 신기동,부상신고사고,0,0,0,1,차대사람 - 기타,보행자보호의무위반,포장 - 건조,맑음,교차로 - 교차로횡단보도내,승용,남,33세,상해없음,보행자,여,13세,부상신고
7460,2020121900100171,2020년 12월 19일 12시,토요일,경상남도 김해시 진영읍,중상사고,0,1,0,0,차대사람 - 횡단중,보행자보호의무위반,포장 - 건조,맑음,교차로 - 교차로횡단보도내,화물,남,58세,상해없음,보행자,여,70세,중상
7461,2020121900100273,2020년 12월 19일 15시,토요일,경상남도 창원시 마산합포구 완월동,중상사고,0,1,0,0,차대사람 - 기타,안전운전불이행,포장 - 건조,맑음,교차로 - 교차로부근,승용,여,47세,상해없음,보행자,남,83세,중상
7462,2020121900100403,2020년 12월 19일 18시,토요일,경상남도 거창군 위천면,사망사고,1,0,0,0,차대사람 - 차도통행중,안전운전불이행,포장 - 건조,맑음,단일로 - 기타,화물,남,59세,상해없음,보행자,남,70세,사망
7463,2020121900100458,2020년 12월 19일 19시,토요일,경상남도 하동군 진교면,사망사고,1,0,0,0,차대사람 - 차도통행중,안전운전불이행,포장 - 건조,맑음,교차로 - 교차로안,화물,남,56세,상해없음,보행자,남,72세,사망
7464,2020121900100533,2020년 12월 19일 21시,토요일,경상남도 창원시 진해구 자은동,중상사고,0,1,0,0,차대사람 - 횡단중,안전운전불이행,포장 - 건조,맑음,교차로 - 교차로안,승용,여,46세,상해없음,보행자,남,65세,중상
7465,2020122000100092,2020년 12월 20일 12시,일요일,경상남도 통영시 무전동,경상사고,0,0,1,0,차대사람 - 횡단중,보행자보호의무위반,포장 - 건조,맑음,교차로 - 교차로부근,화물,남,67세,상해없음,보행자,남,20세,경상
7466,2020122000100328,2020년 12월 20일 21시,일요일,경상남도 김해시 삼방동,경상사고,0,0,1,0,차대사람 - 보도통행중,안전운전불이행,포장 - 건조,맑음,단일로 - 기타,화물,남,57세,상해없음,보행자,여,37세,경상
7467,2020122100100067,2020년 12월 21일 07시,월요일,경상남도 창원시 의창구 명서동,중상사고,0,1,0,0,차대사람 - 기타,신호위반,포장 - 건조,맑음,단일로 - 기타,승용,여,46세,상해없음,보행자,남,54세,중상
7468,2020122100100166,2020년 12월 21일 10시,월요일,경상남도 김해시 서상동,중상사고,0,1,0,0,차대사람 - 횡단중,안전운전불이행,포장 - 건조,맑음,교차로 - 교차로부근,승용,남,72세,상해없음,보행자,여,49세,중상
7469,2020122100100168,2020년 12월 21일 10시,월요일,경상남도 거제시 상동동,경상사고,0,0,1,0,차대사람 - 기타,안전운전불이행,포장 - 건조,맑음,단일로 - 기타,승용,남,68세,상해없음,보행자,남,55세,경상
7470,2020122100100273,2020년 12월 21일 13시,월요일,경상남도 밀양시 초동면,중상사고,0,1,0,0,차대사람 - 횡단중,안전운전불이행,포장 - 건조,맑음,교차로 - 교차로부근,승용,여,71세,상해없음,보행자,여,65세,중상
7471,2020122100100342,2020년 12월 21일 15시,월요일,경상남도 창원시 의창구 팔용동,경상사고,0,0,1,0,차대사람 - 기타,안전운전불이행,포장 - 건조,맑음,기타 - 기타,승용,여,66세,상해없음,보행자,여,48세,경상
7472,2020122100100343,2020년 12월 21일 15시,월요일,경상남도 창원시 의창구 봉곡동,중상사고,0,1,0,0,차대사람 - 기타,안전운전불이행,포장 - 건조,맑음,단일로 - 기타,승용,남,62세,상해없음,보행자,여,53세,중상
7473,2020122100100422,2020년 12월 21일 17시,월요일,경상남도 진주시 평거동,경상사고,0,0,1,0,차대사람 - 횡단중,안전운전불이행,포장 - 건조,맑음,단일로 - 기타,화물,여,76세,상해없음,보행자,여,4세,경상
7474,2020122100100484,2020년 12월 21일 18시,월요일,경상남도 김해시 진영읍,중상사고,0,1,0,0,차대사람 - 횡단중,안전운전불이행,포장 - 건조,맑음,교차로 - 교차로안,승용,여,22세,상해없음,보행자,여,63세,중상
7475,2020122100100535,2020년 12월 21일 19시,월요일,경상남도 창원시 마산회원구 회성동,중상사고,0,1,0,0,차대사람 - 횡단중,안전운전불이행,포장 - 건조,맑음,교차로 - 교차로부근,승용,남,23세,상해없음,보행자,여,76세,중상
7476,2020122200100065,2020년 12월 22일 07시,화요일,경상남도 양산시 북정동,중상사고,0,1,0,0,차대사람 - 차도통행중,안전운전불이행,포장 - 건조,맑음,단일로 - 기타,승용,남,32세,상해없음,보행자,여,52세,중상
7477,2020122200100302,2020년 12월 22일 15시,화요일,경상남도 통영시 북신동,경상사고,0,0,1,0,차대사람 - 기타,안전운전불이행,포장 - 건조,맑음,교차로 - 교차로부근,승용,남,74세,상해없음,보행자,남,34세,경상